Date,RELIANCE.NS,TCS.NS,INFY.NS,HDFCBANK.NS,ICICIBANK.NS,SBIN.NS,HINDUNILVR.NS,ITC.NS,LT.NS,BHARTIARTL.NS,MARUTI.NS,M&M.NS,SUNPHARMA.NS,TATASTEEL.NS,ASIANPAINT.NS
2018-01-01,400.0154,1069.2732,415.2442,432.689,298.055,278.349,1184.2351,178.7749,1107.6309,453.5731,8962.4932,692.0093,531.6733,55.2814,1072.1772
2018-01-02,400.6308,1063.4526,413.6974,436.8537,297.4787,274.8595,1179.0383,177.7185,1098.0106,443.8211,8871.6318,699.6761,529.9136,55.8249,1071.3335
2018-01-03,402.2358,1066.4639,410.3226,432.2574,302.5696,274.4969,1189.3877,177.9911,1120.4583,445.2389,8744.0,701.5347,527.0423,56.2574,1070.5365
2018-01-04,404.6541,1073.9213,407.9522,433.9489,302.2814,279.618,1191.0615,178.2638,1155.9531,449.363,8715.8174,702.557,538.2954,58.194,1098.8022
2018-01-05,405.9512,1086.895,406.5862,434.8122,300.5525,277.6693,1194.8489,179.1839,1155.2502,463.9695,8760.0186,702.8821,536.0264,58.9939,1111.1772
2018-01-08,408.2816,1097.08,416.2486,434.1123,301.7531,277.1707,1205.2863,181.0241,1175.7651,443.6493,8774.0391,706.1813,547.9277,58.8446,1108.1305
2018-01-09,413.7339,1094.8972,418.3779,434.8356,300.2643,275.8111,1199.0327,184.3979,1170.9327,438.0215,8713.3096,708.551,543.2042,59.1164,1118.4899
2018-01-10,414.3495,1134.3447,422.7572,434.9522,299.6879,272.9108,1202.9963,183.6141,1163.0258,435.1002,8706.1602,706.1348,541.9075,59.1585,1103.8176
2018-01-11,412.3269,1127.8374,432.2188,436.9005,297.2866,273.9077,1214.3145,183.8867,1162.85,442.2746,8672.6855,712.4542,544.5472,59.013,1114.646
2018-01-12,417.2734,1122.1182,433.2834,435.2089,305.163,273.953,1210.2191,182.3532,1167.77,437.8067,8783.5107,713.244,540.3793,58.9594,1115.349
2018-01-15,417.3394,1109.8923,434.3683,442.7801,316.3052,274.2703,1204.2294,182.3873,1164.9585,433.4677,8690.0039,705.5307,533.896,59.9737,1128.8022
2018-01-16,405.8193,1152.2292,451.1218,443.34,320.9159,268.4242,1217.2654,178.366,1165.1782,427.2385,8656.2031,693.9144,535.0539,58.615,1114.4583
2018-01-17,406.5009,1167.6279,462.8734,441.0885,329.7048,278.349,1207.7524,181.3308,1189.0317,429.5154,8648.6357,692.6599,540.6572,59.2465,1119.1461
2018-01-18,404.3903,1179.4502,463.1145,451.3079,332.4903,274.8595,1195.2009,186.3403,1195.5771,425.3053,8699.5215,705.5772,534.1276,57.5433,1113.99
2018-01-19,409.4908,1196.0614,459.3982,455.4843,339.6463,280.2977,1200.0454,187.1242,1204.9342,427.797,8657.9678,711.2925,529.8671,57.639,1115.5364
2018-01-22,427.1667,1262.5427,462.0298,458.0857,337.6292,277.8052,1193.5715,186.5108,1229.0073,421.6107,8645.1064,705.9025,533.6183,57.5778,1102.5051
2018-01-23,432.3331,1256.7092,472.9176,455.2742,348.003,288.3192,1205.2424,188.5214,1239.4186,422.8136,8722.458,714.6844,536.582,59.6866,1096.7863
2018-01-24,424.9022,1286.1213,476.4129,456.7558,338.8299,299.0144,1203.0845,191.827,1231.0721,394.8036,8761.04,701.9995,543.2504,58.3356,1079.1145
2018-01-25,424.7043,1264.4269,472.2346,460.7922,346.5622,283.8326,1209.1177,191.6907,1244.5144,388.9611,8615.4854,704.2297,537.045,58.8752,1078.552
2018-01-29,424.0887,1295.9457,475.2479,466.5552,343.5365,282.8809,1230.7415,187.8738,1258.0885,378.5648,8942.8076,710.3166,544.5472,59.9469,1080.052
2018-01-30,417.889,1277.3098,470.3262,465.5869,339.3102,284.1951,1233.34,187.5672,1256.2872,381.0207,8887.8818,710.8278,548.252,59.3881,1056.2865
2018-01-31,422.6817,1260.9023,462.1302,467.9668,339.022,283.9233,1206.123,184.9772,1244.5144,380.3721,8830.4492,709.1086,537.0915,56.6459,1057.7864
2018-02-01,415.009,1271.5369,459.8603,464.572,332.5384,277.3973,1207.7965,187.6353,1278.8668,379.1182,8730.3027,742.2849,513.3811,55.9791,1080.9424
2018-02-02,397.6409,1277.6339,459.3179,454.5043,321.8764,269.5118,1208.6334,187.6694,1243.5918,365.2385,8348.4268,715.7996,510.5101,53.8661,1066.7864
2018-02-05,396.6736,1257.1956,457.2888,446.5364,316.6895,270.1463,1194.1442,190.3275,1198.0811,380.6748,8431.999,706.7388,516.2987,53.3519,1063.2239
2018-02-06,392.2546,1214.2721,445.0552,442.5583,317.6501,264.4361,1167.3677,186.4085,1188.7679,379.7667,8342.8564,698.6539,511.0657,53.388,1040.8643
2018-02-07,393.2659,1197.1757,445.5775,436.9588,319.427,265.3878,1156.1819,187.5331,1171.8115,372.0702,8284.541,694.2861,508.9355,53.1711,1051.0363
2018-02-08,397.7288,1204.9336,455.7019,438.8603,320.6758,273.1826,1171.0675,186.8175,1183.8042,371.6811,8385.6631,699.0256,540.9813,53.9464,1053.802
2018-02-09,394.7829,1203.921,445.6176,431.5225,313.8559,268.6508,1174.1501,184.9431,1167.8577,365.3682,8297.8203,697.0275,539.6847,55.0591,1060.0833
2018-02-12,402.5435,1202.1382,443.0665,437.857,313.3757,261.717,1184.1909,183.9208,1186.5278,367.0113,8466.5889,693.2639,545.6587,57.2927,1072.8799
2018-02-14,410.5241,1179.6538,441.0375,439.3736,306.3637,250.3419,1188.551,181.6375,1195.9286,376.005,8358.6416,694.1467,532.3678,56.8829,1067.9584
2018-02-15,411.4035,1185.3456,447.747,439.0819,315.6809,252.6078,1196.2583,182.728,1186.396,370.946,8375.96,696.377,533.2477,56.2844,1064.4893
2018-02-16,405.0938,1188.2627,453.211,438.312,308.3809,246.2178,1190.9294,181.6034,1167.111,362.9468,8205.752,691.1729,532.7847,55.4167,1072.3645
2018-02-19,407.6001,1184.4343,454.6975,438.2186,307.1321,243.3628,1176.6602,180.0018,1138.2057,358.3203,8101.6597,673.4232,519.9572,52.1306,1050.333
2018-02-20,405.0058,1193.0026,456.7867,434.7189,304.7308,244.4051,1173.0491,179.4224,1133.9006,361.5632,8099.6172,658.8795,518.1973,52.3275,1056.0049
2018-02-21,408.6334,1232.5227,460.9851,433.3657,306.6039,247.7134,1171.9919,182.7962,1127.0476,362.9036,8155.4238,658.322,486.9388,51.4959,1056.7549
2018-02-22,406.4349,1235.7239,466.3488,432.3857,305.7874,247.0789,1168.3369,182.0465,1135.1305,359.8336,8017.3452,670.914,501.4798,51.2228,1048.2236
2018-02-23,410.7879,1246.0948,464.2997,438.767,310.0137,250.2059,1165.4302,183.3755,1143.6527,368.0057,8077.4702,667.8473,527.598,54.4526,1032.9426
2018-02-26,412.7446,1228.2289,457.4496,445.9998,314.1441,248.7558,1174.3701,181.6716,1181.0367,365.9303,8362.124,683.4132,514.9094,54.6494,1035.7551
2018-02-27,417.933,1232.5435,462.1102,443.9,309.4374,242.5471,1185.865,181.5694,1175.6331,372.2864,8256.1289,687.5021,504.5826,53.9705,1040.9579
2018-02-28,419.7138,1229.5856,471.1096,439.6186,300.8886,242.9096,1160.6737,180.6493,1158.1057,370.6001,8218.7539,676.8616,495.8301,53.9585,1047.8958
2018-03-01,417.0096,1230.6592,466.3488,437.3204,292.9162,237.6073,1166.3992,179.9336,1155.5137,369.9083,8239.6455,680.7647,495.8764,54.2356,1048.9739
2018-03-05,406.3249,1258.2688,464.4002,436.2938,291.3793,238.8309,1144.8193,177.3777,1142.7742,364.4602,8166.8906,687.3163,508.0557,52.6971,1036.8331
2018-03-06,400.4989,1232.7258,462.5721,430.7642,283.4068,232.5315,1139.0502,174.8219,1127.5748,357.9312,8001.0488,669.0089,492.4958,53.0064,1032.7548
2018-03-07,391.2213,1226.5071,459.6593,427.5794,275.3863,223.5584,1139.6227,177.1392,1109.915,348.678,8059.1777,657.7642,486.1053,52.0382,1038.0519
2018-03-08,400.7628,1216.9862,464.7015,432.3041,285.2319,232.7581,1139.0061,176.4236,1127.9264,347.0349,8105.8369,675.2818,476.6118,51.0902,1057.1302
2018-03-09,401.4883,1229.2013,467.4134,431.8841,281.1496,229.5405,1145.7003,176.6962,1133.8126,347.77,8041.9985,677.001,469.3876,48.7482,1058.536
2018-03-12,409.0511,1236.5135,476.3929,435.6638,288.7858,229.178,1166.3549,184.0912,1150.9891,364.5467,8181.0054,684.993,474.8058,50.0457,1060.7863
2018-03-13,409.7326,1169.5255,475.6094,434.0306,292.3398,230.8548,1163.14,183.6482,1144.5753,368.6543,8130.6318,681.1829,484.6696,50.5238,1069.0364
2018-03-14,408.5014,1169.5658,474.4041,435.0222,293.9727,232.9847,1159.925,182.6939,1145.0146,365.4547,8214.4355,676.7222,481.7059,49.8569,1065.9426
2018-03-15,400.9167,1162.5977,475.0872,438.8253,289.5543,229.9484,1144.9956,180.99,1137.8542,363.5954,8206.3096,682.9022,478.3254,49.1499,1088.2552
2018-03-16,395.7502,1144.7719,470.8284,432.3391,286.3365,228.6794,1144.2908,177.5481,1115.1868,360.3958,8056.8091,688.385,465.9146,48.222,1052.5831
2018-03-19,393.7496,1146.9194,460.724,430.9975,282.9265,224.7367,1153.3193,176.6281,1124.1924,345.6081,8146.8354,690.1971,460.9131,46.1933,1033.6458
2018-03-20,391.2433,1160.6328,467.8754,429.1892,280.4772,225.779,1156.7103,176.6621,1136.4486,346.2566,8173.6719,688.5709,471.1938,47.6435,1037.3486
2018-03-21,394.3652,1157.3512,469.0607,433.7156,277.7877,224.782,1158.7802,176.5599,1150.3741,361.6497,8240.7598,692.6599,467.2574,46.7798,1034.5833
2018-03-22,399.3118,1147.0612,466.5697,435.7805,272.0725,218.9359,1155.4771,176.0487,1138.8646,359.4013,8075.3818,679.1849,470.8696,46.6713,1037.911
2018-03-23,393.0461,1141.7133,469.1008,429.6676,264.6763,212.8178,1146.4933,174.4811,1113.9567,356.8934,7992.4604,681.09,465.3125,45.5144,1043.1143
2018-03-26,396.2119,1141.2474,464.139,441.7768,270.5356,223.4224,1166.443,175.9124,1139.8749,364.5034,8139.2217,693.7285,466.0535,46.7235,1047.7081
2018-03-27,395.6403,1153.6849,463.6368,441.5785,272.6968,230.5375,1173.9302,176.4576,1148.7926,357.3258,8220.0049,692.2418,467.8132,47.4025,1060.4113
2018-03-28,388.1215,1154.2725,454.7176,440.0619,267.3658,226.5041,1174.4141,174.1403,1151.7358,344.7865,8228.1777,686.6659,458.5514,45.8799,1050.38
2018-04-02,392.6283,1178.7825,456.8671,450.5845,251.517,223.1052,1190.2247,176.0146,1173.7443,341.6733,8364.7715,695.1691,470.3602,46.5026,1078.2706
2018-04-03,395.5304,1179.4309,458.1929,447.0147,259.3934,227.048,1187.67,176.185,1168.8682,347.8132,8381.7178,715.6602,472.3515,46.5749,1080.0985
2018-04-04,393.4858,1179.2888,451.6642,439.397,258.0486,224.1475,1195.6415,176.2532,1138.7767,341.6301,8369.6934,703.0681,465.1736,45.0363,1065.0051
2018-04-05,399.3338,1198.3503,461.0455,445.3816,267.654,235.0241,1217.4413,176.9688,1167.4624,340.6356,8480.2852,719.8421,470.0823,46.6352,1071.474
2018-04-06,400.5649,1195.251,452.7892,448.7647,269.5751,235.3867,1210.9235,177.7867,1156.6998,332.8958,8548.6289,717.3794,474.7595,47.1775,1072.0365
2018-04-09,402.7633,1184.5562,446.4615,452.4161,269.7672,236.2477,1225.7207,181.1604,1166.6718,328.8747,8628.9023,730.6222,473.1388,47.0931,1085.1145
2018-04-10,403.2251,1190.1058,447.3252,448.1697,277.4034,238.6496,1225.6327,181.7738,1186.0009,333.4147,8611.0752,722.63,470.7306,48.3585,1084.4581
2018-04-11,409.2929,1221.1187,451.6843,447.7031,273.3211,232.9847,1241.1791,180.7174,1188.5045,333.1985,8638.0498,733.2241,482.9562,48.8526,1083.6145
2018-04-12,408.3476,1271.8007,467.092,450.0246,275.4344,230.039,1244.3499,178.5364,1192.6338,328.7881,8547.0039,732.1555,477.8159,48.0773,1092.38
2018-04-13,412.8105,1277.4923,470.6476,449.138,276.8752,227.4558,1242.4122,177.7185,1190.3496,326.7991,8472.252,733.7817,475.13,47.7278,1089.5675
2018-04-16,412.019,1291.4081,455.2801,453.1277,276.2508,225.6884,1250.2952,180.2403,1201.9907,325.7182,8572.585,744.7941,481.0576,47.531,1105.1772
2018-04-17,415.1849,1282.8802,452.066,454.621,280.2371,224.918,1273.24,182.3873,1194.4789,330.388,8506.0537,752.1355,474.3428,47.8885,1102.5051
2018-04-18,412.4368,1279.8419,452.3673,450.9112,278.6042,223.3771,1277.5997,187.6694,1194.962,332.2905,8469.9795,741.8666,474.2038,48.3344,1099.0366
2018-04-19,414.3275,1292.826,455.1395,452.4044,278.1719,223.1052,1280.8588,189.0326,1216.8389,341.8895,8429.2607,745.2123,471.6106,49.9694,1092.1927
2018-04-20,407.9958,1378.4301,473.46,456.3475,271.0159,218.6186,1292.8378,188.2487,1199.3112,347.6403,8380.3711,742.9818,467.9984,48.704,1086.8958
2018-04-23,411.5573,1380.942,477.1762,451.6461,268.3744,219.7516,1279.5818,187.7717,1194.8741,348.3753,8417.375,766.0287,476.2878,48.7361,1105.0364
2018-04-24,426.5291,1371.6238,463.8378,451.4712,272.889,218.0748,1285.6594,188.1124,1210.6888,351.3156,8417.1885,779.2714,479.5757,48.009,1096.9741
2018-04-25,426.7269,1405.8973,466.188,448.1463,267.8941,214.9931,1285.2631,186.8175,1197.4221,363.0765,8296.4268,793.4897,476.1024,47.0972,1090.3646
2018-04-26,428.8595,1433.8518,472.6564,450.3629,267.8461,211.3676,1313.4924,189.646,1183.6283,353.8667,8307.4307,797.4858,474.7595,46.4544,1083.4739
2018-04-27,438.0711,1398.4839,476.1719,448.7647,276.5389,219.8876,1298.2548,190.4298,1210.4691,353.4775,8155.9805,801.7141,485.4569,47.3864,1107.7551
2018-04-30,423.5611,1430.9551,481.9172,453.6411,272.985,223.3318,1329.0386,191.827,1230.8082,354.1693,8185.3252,811.5648,489.3932,47.8002,1126.599
2018-05-02,427.6943,1417.849,480.9329,459.5206,265.9731,218.4373,1296.4932,195.7801,1232.7852,353.218,8119.9062,802.1323,477.1676,46.1571,1145.9116
2018-05-03,422.8136,1410.5975,475.1072,459.1473,270.7758,219.2531,1279.0973,194.2465,1210.4691,349.7157,8130.5391,803.9445,496.4321,47.0369,1131.3335
2018-05-04,419.45,1410.1519,471.3105,463.9537,271.6883,219.2984,1289.667,188.8962,1202.5181,343.1002,8058.3418,793.9079,479.7147,46.6593,1116.0521
2018-05-07,426.9468,1385.9247,475.288,461.3639,278.364,223.4224,1319.3499,192.3722,1220.485,344.3973,8119.1641,822.9952,475.7784,47.9207,1139.3025
2018-05-08,425.232,1394.1289,468.2772,458.949,297.0945,226.6401,1317.7206,192.6789,1199.1792,346.9052,8148.4131,804.1304,473.6945,47.9126,1134.2867
2018-05-09,429.4531,1413.6155,470.3463,461.5971,294.6931,224.782,1317.6763,192.4063,1208.6243,348.0294,8095.623,799.2979,468.7857,48.459,1146.1461
2018-05-10,431.4097,1398.2002,469.2615,464.9336,294.7412,224.7367,1309.3088,190.9409,1196.8074,356.3745,8083.1821,795.9525,460.4964,47.7359,1141.5992
2018-05-11,434.9713,1400.5099,474.3839,469.3784,298.6794,226.912,1324.811,193.3264,1218.9474,334.3228,8125.292,807.6617,437.2029,48.7884,1206.0527
2018-05-14,433.8061,1391.0294,477.8192,471.7115,297.8629,229.8577,1324.3262,194.1102,1213.9836,331.3392,8085.0854,792.3746,438.8237,49.0374,1216.2716
2018-05-15,430.4424,1410.8199,479.9285,475.4564,296.0859,224.782,1334.8517,192.0996,1207.35,330.3015,8103.2837,787.1705,434.054,50.2908,1232.4902
2018-05-16,420.4173,1415.4789,478.0802,472.0848,285.5201,220.3407,1386.4669,194.8259,1196.939,324.594,8074.4985,792.7928,436.8788,49.9132,1240.9746
2018-05-17,415.6685,1414.6282,475.2479,473.1114,284.3194,219.9782,1382.6793,190.123,1191.3159,317.892,8076.2637,788.9827,444.4272,49.0334,1227.6152
2018-05-18,410.612,1418.781,475.3683,469.4717,274.81,216.4886,1414.3879,192.4063,1155.8213,312.4871,7903.0376,776.9016,430.5808,47.5149,1226.584
2018-05-21,409.5128,1440.9413,473.8817,465.0154,277.8837,221.5643,1390.4747,192.4404,1153.8004,311.3197,7826.4771,767.5621,410.9921,46.358,1220.3497
2018-05-22,407.4902,1421.5559,479.6471,464.2803,278.8443,230.1297,1386.6432,189.9867,1159.8628,312.9195,7949.189,771.5116,419.5592,46.3419,1206.4279
2018-05-23,401.1145,1415.9652,476.0514,459.054,280.5252,238.559,1381.1821,186.3744,1165.7931,308.5524,7890.4556,772.9985,418.8646,43.3893,1198.6931
2018-05-24,402.6974,1459.9623,490.5551,463.3704,285.9523,243.3628,1375.0165,187.3286,1175.5892,321.6105,7809.9946,783.4533,428.6821,44.0441,1212.7559
2018-05-25,404.874,1452.7104,493.488,468.6667,283.9831,241.9579,1387.9203,189.2737,1179.0598,325.9776,7937.5825,797.0676,432.0163,45.655,1211.5836
2018-05-28,404.6981,1418.781,487.9035,476.4829,287.4411,246.5804,1394.174,191.359,1209.3269,324.421,8087.2207,789.8655,462.8118,46.3299,1239.2401
2018-05-29,403.401,1427.4708,488.8275,474.243,278.4601,239.556,1385.2334,190.4902,1212.9733,327.8801,8092.4199,808.7304,462.6266,46.2254,1218.2872
2018-05-30,402.8073,1423.6627,486.8186,477.9178,273.6574,242.1392,1396.7722,188.9957,1199.8381,324.9831,7974.7705,834.4722,458.042,46.4303,1212.9904
2018-05-31,405.1158,1422.4373,494.8942,502.3613,274.5219,244.3145,1419.3645,188.8219,1204.0114,323.0806,7927.4136,857.705,444.8903,46.2495,1223.1155
2018-06-01,409.1611,1415.4109,490.4747,495.5872,277.8837,241.7313,1399.4585,187.6403,1205.7689,331.8149,8179.6597,837.8643,448.5949,45.0444,1212.2401
2018-06-04,413.6899,1425.0515,497.9476,480.4655,275.4344,238.3777,1376.8658,186.9104,1192.9854,321.9564,8124.873,849.8523,443.2694,45.4863,1204.1777
2018-06-05,416.6799,1406.5465,490.4948,484.5512,272.889,238.8762,1376.5138,185.9373,1171.8115,315.0382,8181.1001,837.5854,438.5459,45.9643,1194.0059
2018-06-06,419.6478,1409.9373,497.1641,483.0836,272.6968,244.8583,1383.8682,187.953,1186.5718,328.399,8210.7676,849.6664,453.689,46.5789,1183.881
2018-06-07,427.1007,1417.9437,503.1906,484.2224,279.4206,244.4051,1411.9662,188.4049,1190.6133,328.572,8274.7461,855.2423,452.6702,48.3746,1210.1309
2018-06-08,432.8168,1427.3798,506.2439,481.2052,276.8752,247.4415,1405.4039,186.2153,1180.7731,326.4964,8294.4326,847.2039,489.2542,48.2461,1198.9276
2018-06-11,432.0693,1429.5044,507.1882,479.5497,275.0982,248.3478,1410.5127,187.1537,1180.1581,336.2252,8378.1895,852.0361,496.1543,47.294,1203.0995
2018-06-12,438.4449,1455.0762,505.6213,479.9137,276.0587,256.3693,1443.1461,187.8488,1200.4973,329.1773,8372.709,852.733,500.5536,46.599,1207.2246
2018-06-13,440.7973,1490.2891,512.1701,477.0021,279.2765,260.7653,1427.9526,186.1806,1193.7762,324.8534,8326.8379,852.7797,505.9718,45.6028,1206.0059
2018-06-14,443.1937,1460.4276,510.2766,478.3991,273.5133,256.1427,1417.7349,185.7635,1179.9381,325.5884,8318.1572,856.8685,517.9658,45.7594,1211.422
2018-06-15,445.9417,1503.3202,527.3792,476.5677,271.3521,251.4748,1428.0405,183.852,1168.4291,327.1018,8312.2129,845.1594,529.1263,45.4742,1207.7483
2018-06-18,446.5353,1494.2924,521.6784,474.1139,281.4377,250.9311,1416.8103,183.8867,1162.5424,320.7457,8332.5039,849.2947,528.0149,44.8716,1207.6071
2018-06-19,437.9612,1490.6156,511.0586,475.1353,281.2456,247.0789,1410.1604,184.9294,1151.2968,321.0051,8229.5693,828.3854,518.6141,44.5904,1195.5029
2018-06-20,448.1622,1488.9412,511.6967,482.8018,281.6299,247.7134,1411.3936,183.3307,1148.0897,321.6105,8309.1494,840.4663,522.4578,45.2533,1197.4812
2018-06-21,453.7464,1486.4082,513.0962,483.1423,286.1924,243.4987,1414.0999,181.3149,1133.1978,318.8432,8229.9883,821.1367,513.5663,44.8114,1180.244
2018-06-22,445.1943,1478.6056,513.6311,489.1886,288.7858,247.4868,1427.1014,184.3038,1142.0275,323.9022,8240.9922,843.9976,534.637,45.1408,1194.0903
2018-06-25,441.6547,1486.3264,523.7568,491.9124,278.268,243.3175,1433.3575,182.5313,1114.1764,323.5563,8164.9419,841.5814,529.5894,44.8797,1180.6678
2018-06-26,430.4424,1513.0831,525.9796,491.6189,276.7311,242.3658,1439.2148,184.0605,1115.8458,328.7881,8293.4111,834.5187,530.6544,44.1486,1200.5896
2018-06-27,427.5212,1517.9855,522.7485,496.0568,268.0382,237.1994,1428.1664,182.6356,1083.0747,324.8534,8262.7217,829.5469,534.3129,43.6424,1193.5723
2018-06-28,418.2701,1505.4851,530.8161,500.342,260.6901,232.9394,1422.3536,181.0716,1085.0073,326.8424,8144.791,843.5795,525.4214,44.0642,1194.7499
2018-06-29,430.4426,1509.6112,538.0604,495.0823,264.5323,235.0694,1456.4314,185.0337,1120.2826,330.3015,8195.2148,834.24,522.3652,45.6148,1191.0288
2018-07-02,425.1974,1512.5524,549.3799,486.817,266.4533,234.6162,1458.4724,182.8441,1103.4575,318.2811,8190.9883,823.9711,521.5779,45.0323,1217.9684
2018-07-03,429.9336,1531.0985,557.2211,486.1009,262.1309,233.3926,1458.5166,184.5124,1099.5477,320.616,8334.0811,830.9874,531.2563,45.4742,1216.8381
2018-07-04,438.2552,1524.6438,553.7017,493.9317,262.4671,233.3473,1487.3589,183.7825,1106.5764,317.719,8562.1865,836.4703,536.5356,45.884,1214.9071
2018-07-05,426.9236,1536.2042,528.5111,498.6749,260.8342,232.4409,1498.0082,189.4128,1102.1396,314.2599,8679.418,847.8543,525.0974,45.2461,1244.672
2018-07-06,432.7001,1562.8795,528.614,496.6555,259.3934,233.1207,1489.3999,189.517,1112.5511,313.2654,8651.9775,859.5635,516.9008,45.2625,1246.3207
2018-07-09,441.3536,1538.4102,534.6235,499.1211,260.498,237.0635,1501.4692,190.7334,1131.6162,313.1357,8705.2783,866.8121,526.8108,45.4342,1283.9507
2018-07-10,454.0131,1531.9561,535.6731,503.9933,262.6112,239.0575,1497.1207,192.5754,1128.6292,318.0649,8850.2295,864.7677,522.3188,46.5014,1290.8741
2018-07-11,459.8116,1617.5778,543.5143,504.4277,258.1447,234.8428,1524.7648,191.6718,1119.975,313.0492,8714.3779,865.1859,519.355,45.4424,1280.8424
2018-07-12,479.0885,1610.5922,532.7712,508.5838,261.5546,238.1511,1546.2407,192.6797,1141.9395,313.1789,8679.3711,857.9721,522.7819,45.4015,1279.0529
2018-07-13,486.8125,1618.5576,542.2588,512.0942,257.1841,233.6192,1546.5071,187.953,1140.7534,310.4116,8757.4189,849.4468,518.4288,45.6795,1288.3777
2018-07-16,476.3662,1625.1757,548.6185,509.2649,249.0195,228.045,1554.139,188.7872,1127.3109,300.4234,8714.9355,843.4977,494.5335,42.4617,1280.6068
2018-07-17,483.5149,1639.0513,546.581,511.1197,255.9354,234.7975,1492.4171,187.5707,1130.606,296.2293,8770.7441,864.2021,508.1482,43.5329,1296.3373
2018-07-18,483.6034,1637.4963,544.3788,510.9906,252.3334,235.2507,1458.7388,186.6671,1135.2626,291.2568,8697.7568,845.4651,509.3059,41.2351,1312.1144
2018-07-19,489.0478,1622.0647,541.9707,513.3152,250.8926,235.8398,1462.0222,189.9688,1105.3466,298.348,8718.4639,855.3489,504.7215,40.7771,1321.5341
2018-07-20,499.5826,1634.5083,554.8953,514.0079,255.3111,237.0181,1469.4768,190.4554,1116.1091,298.6939,8727.6104,852.3041,518.753,41.1492,1315.3641
2018-07-23,495.8865,1641.9171,558.1266,506.3531,264.6763,241.414,1499.4725,197.5106,1123.8408,310.4116,9008.0859,852.9132,520.2812,42.2695,1349.9801
2018-07-24,491.7479,1636.4731,566.8529,507.1279,263.5237,241.8673,1480.1707,198.5532,1163.2451,308.5524,9130.1475,862.2816,521.1611,43.1282,1382.5243
2018-07-25,493.607,1622.1464,569.5696,509.6169,263.8119,246.3991,1466.9032,198.9008,1160.3458,304.6609,9061.8975,852.632,516.947,43.8314,1365.9463
2018-07-26,491.6151,1608.3934,565.2476,514.8415,274.3778,260.7653,1481.9897,199.6306,1147.387,309.2874,8725.1045,855.911,514.3999,43.7374,1350.5927
2018-07-27,500.1137,1591.2424,565.3298,517.0839,281.6299,259.9041,1472.2722,210.3003,1152.219,315.3841,8645.3857,852.3978,515.9282,44.9926,1351.5348
2018-07-30,509.6526,1591.9386,556.0891,509.5114,295.2215,269.5571,1498.6293,209.2576,1138.0739,331.4257,8711.7803,874.3203,521.1611,45.2216,1347.1544
2018-07-31,524.9678,1588.3363,561.8929,511.7654,292.2438,266.0222,1536.7454,206.9291,1144.1799,337.7819,8840.5244,876.8498,526.533,46.0434,1367.1234
2018-08-01,527.7785,1618.0532,557.3447,506.8814,287.4891,267.4725,1539.0968,209.6399,1140.4021,332.5067,8674.3574,871.0413,532.2289,45.4506,1353.7479
2018-08-02,517.1553,1595.0496,557.1798,500.1894,286.7687,266.3848,1551.6987,207.9717,1126.6962,324.6728,8489.3857,853.7563,537.5544,45.3279,1336.0397
2018-08-03,520.962,1620.4683,561.4813,498.1819,292.9642,271.2339,1564.5669,211.2734,1133.3735,325.9784,8530.7998,862.5159,542.6021,45.3402,1329.8701
2018-08-06,527.8892,1617.2758,560.0612,496.456,302.6656,279.618,1535.5472,209.779,1133.7688,335.7708,8623.1006,873.5239,533.6183,45.242,1316.259
2018-08-07,524.1711,1610.5627,563.0659,500.3537,300.7926,275.5845,1535.3253,209.2924,1138.0298,332.4196,8739.2637,868.4649,527.6443,46.8694,1341.5504
2018-08-08,538.9995,1616.0063,560.9257,501.6335,306.1236,279.7993,1559.375,209.1882,1140.6218,335.3791,8549.7422,869.6828,531.627,47.2251,1342.9631
2018-08-09,539.1101,1616.2931,568.0052,497.4421,319.8593,287.6847,1556.7571,210.2655,1128.7169,319.4937,8492.7734,874.2734,529.2652,47.9161,1335.0508
2018-08-10,533.0238,1631.6432,570.2692,496.4912,315.6329,275.9471,1555.4261,211.8642,1111.1014,321.8874,8494.8184,886.2183,513.1034,47.1597,1336.2285
2018-08-13,525.7203,1637.4142,579.8597,491.1375,312.0789,266.6114,1534.2605,212.6636,1114.9672,322.192,8432.2314,894.2285,522.2726,46.5136,1318.0017
2018-08-14,535.8568,1640.1979,579.6745,490.5388,319.331,267.2912,1547.927,214.019,1115.145,319.4502,8555.6582,890.4342,557.3748,47.3436,1314.0928
2018-08-16,531.5188,1644.2501,588.4213,487.3924,321.108,265.2971,1541.8479,213.7062,1095.9254,323.8023,8619.3154,891.1836,573.9534,46.4114,1313.8102
2018-08-17,532.8246,1647.7292,588.7506,487.7798,326.583,273.8171,1583.8684,218.0853,1103.4885,323.2801,8573.9268,900.7864,577.4728,47.4418,1319.3203
2018-08-20,546.6129,1645.437,569.7753,492.2059,325.0942,278.8475,1576.9911,217.7725,1177.8315,322.5402,8501.0889,908.3281,580.1125,49.0159,1327.2798
2018-08-21,552.0573,1651.7407,569.6517,492.1707,325.4784,278.2584,1555.2485,217.4945,1176.8083,320.5382,8537.5791,897.3201,588.4944,47.6053,1321.8167
2018-08-23,561.9059,1666.0259,575.1879,488.3785,323.8936,274.1344,1573.2637,216.8689,1203.0575,321.9744,8640.6279,902.2854,592.4306,46.7467,1313.7629
2018-08-24,565.4692,1672.4932,567.3262,486.0187,318.5387,272.3216,1580.4962,215.7567,1194.9159,321.1475,8584.8867,907.157,583.3077,47.0697,1312.5859
2018-08-27,571.6661,1678.9608,582.5969,488.5077,327.9458,279.1648,1590.5687,217.842,1206.6614,330.0259,8661.1924,914.7924,575.8983,47.5276,1318.5198
2018-08-28,583.8386,1693.942,586.425,491.8889,326.981,276.7628,1571.8438,216.6256,1206.2161,327.9804,8832.3506,918.5867,575.3425,48.2759,1325.7727
2018-08-29,572.8612,1696.234,580.4155,488.0498,328.6695,280.7056,1558.2212,217.4249,1202.6125,326.3266,8776.2803,921.7252,575.389,48.5907,1313.0565
2018-08-30,564.1192,1704.748,582.9261,485.1382,332.2393,279.7086,1573.3079,222.3254,1198.1637,333.4642,8624.2344,920.882,592.7084,49.7478,1298.6454
2018-08-31,549.6006,1701.4736,593.1755,483.9876,330.5509,280.615,1579.7418,222.3254,1218.6293,334.117,8521.7461,904.3464,604.6562,49.1059,1292.7579
2018-09-03,544.0676,1680.5981,590.3558,487.2398,322.3981,277.6693,1507.8588,217.703,1212.8009,334.0735,8339.7676,887.9515,607.7589,49.1264,1282.5381
2018-09-04,549.7334,1718.2556,606.8409,481.7805,316.9467,268.6508,1465.35,215.2007,1209.5088,329.3296,8308.2422,872.9149,606.9715,48.4967,1235.1586
2018-09-05,543.1159,1702.1693,600.8726,480.3833,318.0563,268.7867,1430.2963,215.6525,1199.4539,323.8458,8334.0986,870.7134,614.7516,48.6071,1244.5779
2018-09-06,558.3426,1698.9359,598.6088,481.8743,317.0915,268.6961,1427.5449,216.0348,1198.6532,324.0634,8206.4561,875.9129,627.3939,49.0896,1238.1729
2018-09-07,565.9561,1702.6608,603.2598,482.9897,323.3146,264.3454,1454.3015,215.7915,1199.0089,339.122,8168.3735,912.2161,615.2146,50.631,1239.5857
2018-09-10,555.8861,1703.3971,601.6547,479.2797,321.192,258.1821,1429.0537,213.0806,1189.4883,338.0775,8093.6167,878.1613,590.9024,50.1812,1218.0154
2018-09-11,547.8522,1675.1543,604.4949,469.7112,315.0653,256.1427,1411.6151,206.5815,1183.126,329.6342,7978.9946,883.5952,583.8635,48.419,1222.4895
2018-09-12,554.4032,1673.271,611.5745,472.3998,311.5437,258.59,1443.7406,213.2544,1203.2356,327.8933,7957.3545,878.9108,601.9241,49.5189,1216.037
2018-09-14,554.6909,1690.8308,604.0009,476.5677,316.802,263.4391,1445.9153,213.4977,1209.1082,333.8994,8081.7183,891.7926,616.1409,50.2916,1256.4462
2018-09-17,542.629,1697.9938,597.6209,467.7858,314.2453,258.59,1424.7495,209.918,1196.5621,332.5502,7998.4336,890.8089,600.3018,50.4061,1232.6625
2018-09-18,538.756,1695.2108,591.9818,467.0813,307.6362,248.1666,1477.5527,210.7868,1181.5687,325.282,7868.5435,886.7804,596.8647,50.1076,1217.0735
2018-09-19,535.923,1701.0638,592.5168,460.542,309.6623,246.0819,1461.7117,208.2845,1186.0179,322.105,7691.6704,888.9821,602.7636,50.7986,1216.3672
2018-09-21,538.9109,1721.7347,580.6212,462.6318,305.9477,245.2662,1438.8157,211.2734,1183.1705,322.4966,7532.2227,899.2874,589.8045,51.1217,1228.9891
2018-09-24,545.3513,1799.7517,591.2821,452.171,297.8914,239.6013,1411.4377,207.1029,1173.0712,310.0494,7300.7329,839.4692,579.6786,49.6947,1198.0935
2018-09-25,544.7094,1787.2673,597.8267,458.4404,300.1587,245.5381,1447.2908,209.3272,1173.6942,313.7923,7494.0938,836.6119,595.5642,49.1468,1215.0012
2018-09-26,553.9163,1753.6617,590.9528,462.1505,302.0884,239.1481,1429.4529,203.7664,1185.7952,314.4886,7347.1064,836.9397,594.4028,49.7928,1207.5601
2018-09-27,554.9565,1791.8927,596.6741,464.0172,295.8652,240.5077,1437.7509,203.8707,1165.5522,310.5717,7075.8945,822.0438,586.4136,50.0095,1212.7404
2018-09-28,556.8157,1787.677,600.996,471.0379,294.8039,240.6436,1427.3676,206.9639,1131.9178,294.6863,6883.752,806.5856,578.982,47.5317,1218.2039
2018-10-01,545.1963,1846.4965,614.6617,477.9413,302.9567,248.2119,1457.4518,206.512,1110.5625,284.4151,6992.4243,794.0785,589.6187,47.6912,1205.4878
2018-10-03,533.4221,1770.6084,599.7202,476.9316,293.019,246.2632,1436.6411,205.1914,1108.2046,277.1905,6788.2427,741.6147,576.7524,47.3968,1179.0663
2018-10-04,496.7497,1690.3395,582.1853,459.6966,305.3688,245.946,1396.7949,199.5611,1119.2826,269.9658,6743.9771,744.519,556.5007,47.6176,1153.587
2018-10-05,464.2602,1721.3254,596.5095,461.4694,296.4923,234.163,1383.1283,192.1931,1092.1439,259.9123,6468.1753,720.9571,555.4789,46.4482,1139.2698
2018-10-08,491.0618,1700.7778,588.1537,456.7028,299.9175,240.8702,1383.8383,189.8993,1081.4216,256.9528,6454.498,725.9223,561.3315,45.7777,1175.3461
2018-10-09,482.4968,1712.4434,590.8705,455.6697,295.4793,238.3324,1342.217,186.6324,1086.4932,251.5561,6276.2202,716.507,566.4407,46.8162,1131.6403
2018-10-10,487.8306,1672.9844,576.6287,461.9039,308.601,252.5626,1355.7063,187.7445,1112.8315,256.8658,6544.5273,715.8513,560.1238,47.728,1154.7642
2018-10-11,481.5009,1620.8777,554.3192,454.9536,300.7377,237.6073,1354.3307,184.3386,1090.7645,248.379,6441.1489,684.045,545.028,45.3974,1148.2651
2018-10-12,498.653,1570.4086,558.8058,465.3556,308.1668,239.0575,1392.9346,191.2895,1099.1285,252.47,6826.8398,719.9733,548.6508,47.1433,1187.968
2018-10-15,504.4958,1595.9498,575.2704,471.5075,302.3296,238.559,1354.5084,196.3637,1082.3558,253.384,6728.2856,701.7046,557.337,46.6118,1177.7003
2018-10-16,515.1413,1606.4286,572.3479,467.9149,309.3728,244.9942,1372.1685,196.4679,1089.6969,255.9083,6699.1499,728.5923,559.8915,46.8407,1193.9961
2018-10-17,509.6083,1579.4951,580.6625,463.6532,303.7286,236.7009,1386.1899,199.1093,1078.3518,251.1209,6450.6104,711.448,551.2986,45.3565,1185.8955
2018-10-19,487.4764,1566.233,562.716,462.0447,304.3557,236.6556,1400.7441,201.1946,1073.1465,250.0764,6329.6196,694.3972,566.6266,45.381,1163.6659
2018-10-22,470.3685,1557.8826,559.7525,469.359,315.596,235.9758,1406.5126,200.5343,1073.6357,248.7272,6381.8472,687.4177,563.7932,44.5469,1130.6981
2018-10-23,466.8496,1512.4757,541.3535,466.06,311.4955,231.7158,1377.3601,198.7965,1068.386,248.8578,6343.5303,683.8575,534.9485,44.6165,1072.3451
2018-10-24,462.8879,1516.4539,534.9323,467.7976,310.6754,231.7611,1407.4445,200.0129,1084.5804,274.9273,6340.7207,689.7598,530.1644,44.9804,1117.9821
2018-10-25,456.2705,1520.1464,539.8837,462.2913,308.6975,226.1869,1402.6249,199.8739,1069.1423,257.2575,6298.4702,687.4177,519.0632,44.6287,1130.368
2018-10-26,462.5117,1475.9276,527.2761,460.5067,304.5487,224.8726,1390.7546,195.2515,1065.4943,259.3465,6292.9424,682.2181,514.697,45.103,1121.1844
2018-10-29,481.5009,1534.9127,536.5551,452.312,337.1117,242.819,1385.9796,197.0588,1122.308,255.9953,6369.1997,702.1731,532.8583,46.9143,1129.3049
2018-10-30,467.8677,1554.4373,548.9131,449.1302,333.5418,247.5774,1421.8137,193.8961,1131.1616,254.6897,6273.9243,699.1751,522.1288,46.162,1129.5408
2018-10-31,469.7489,1590.0004,571.2156,448.8954,342.5148,255.0551,1447.3842,194.6955,1154.5189,254.4721,6198.4155,717.5844,539.0362,45.2911,1161.7377
2018-11-01,467.5356,1588.0315,554.8215,449.0011,341.2605,259.1338,1434.8444,192.8187,1180.5457,255.473,6287.7427,708.3095,531.2328,45.516,1149.8408
2018-11-02,475.7908,1569.7372,551.1183,457.7477,341.9841,258.6353,1462.334,196.885,1208.5298,262.9153,6684.6768,734.073,531.2328,46.9429,1177.4115
2018-11-05,482.6074,1551.1969,554.239,459.2857,337.3529,267.3365,1463.7617,194.3479,1201.3669,266.1189,6723.8359,726.4845,531.0005,47.221,1174.6262
2018-11-06,488.7158,1585.5294,554.6135,457.0668,340.6815,259.6323,1456.5323,192.7492,1213.5571,267.7427,6628.0454,729.2482,538.2001,47.082,1169.3856
2018-11-07,491.6372,1593.282,562.1448,459.7436,343.3831,259.7229,1467.1532,194.6607,1215.426,268.7959,6677.603,742.8326,540.9404,47.45,1181.1411
2018-11-09,484.0017,1566.2505,548.8298,456.7968,344.2997,256.7318,1492.8129,192.7145,1217.7839,263.0908,6823.373,745.0342,555.0145,46.7917,1223.2991
2018-11-12,478.0483,1570.8859,552.7411,451.0792,339.9579,251.928,1476.4801,190.3511,1216.5381,259.9749,6640.0366,731.5903,547.629,47.6626,1207.437
2018-11-13,486.6576,1587.3748,553.9893,452.6524,348.2072,252.0187,1491.4742,192.4364,1237.8043,261.1599,6698.729,740.1625,521.8502,48.1818,1213.1964
2018-11-14,485.9936,1542.8292,543.587,459.6966,353.7068,257.0491,1531.1018,192.1583,1232.1096,264.4513,6903.519,721.0038,483.1584,48.1737,1246.8569
2018-11-15,485.5067,1536.4304,546.2501,463.7823,356.9872,258.6806,1522.6676,190.8029,1244.3889,267.1721,7005.8672,718.0996,478.5135,48.1941,1244.7327
2018-11-16,499.0293,1547.7103,541.6313,470.627,354.6234,263.6656,1507.5394,192.2279,1244.8783,292.055,6877.4277,719.1301,482.8333,46.947,1247.5651
2018-11-19,509.033,1560.713,542.3389,472.8812,349.6545,261.1731,1518.5173,197.7539,1261.0283,295.6536,6943.4277,732.012,493.7952,47.6258,1238.9255
2018-11-20,503.4557,1540.86,533.7671,472.5407,345.3128,256.9131,1511.9126,197.302,1257.3799,291.3528,6870.6357,733.183,488.1285,46.0639,1233.9213
2018-11-21,492.611,1486.5109,515.2092,474.02,344.2032,260.1761,1508.2981,195.8423,1247.5922,292.0111,6955.4658,720.5354,495.0028,45.0907,1250.3033
2018-11-22,488.1625,1486.9622,516.5824,470.9088,339.6685,256.2334,1495.0442,194.9735,1254.7551,287.7542,6942.9126,698.9877,488.593,44.1299,1241.0502
2018-11-26,491.2167,1514.4854,517.165,481.3108,343.8173,259.5869,1556.5382,198.5532,1265.2993,293.6349,7077.4399,700.6741,474.4726,43.398,1274.1915
2018-11-27,499.3834,1550.7046,531.6867,484.6451,342.177,262.3061,1546.9882,197.9971,1273.8414,288.0175,7164.4717,704.281,458.7729,42.7111,1264.8439
2018-11-28,510.2058,1627.5325,554.5719,490.574,346.3741,257.9102,1546.0066,196.1552,1248.7489,275.6858,7095.709,701.1426,451.4805,42.846,1250.3503
2018-11-29,517.2217,1608.3767,550.1196,500.389,349.4615,259.5869,1578.405,199.8739,1265.6996,278.4067,7069.9932,724.3765,449.9941,43.6311,1274.9471
2018-11-30,516.8011,1614.6936,555.4457,499.7785,342.6595,258.0008,1565.4633,198.6575,1274.642,275.1592,7177.5869,740.9589,457.6118,43.2999,1270.8396
2018-12-03,511.8878,1626.3016,557.8591,496.2211,342.9972,259.9495,1629.3672,196.6765,1270.1932,280.6449,7288.4609,712.9937,423.054,44.0031,1263.9938
2018-12-04,510.0509,1649.6411,570.2587,489.7052,345.361,256.0974,1613.3467,195.9119,1263.4308,279.5916,7233.8433,693.5541,411.4418,44.0113,1255.2604
2018-12-05,511.3124,1646.278,567.0548,492.9103,339.0414,253.9221,1649.4486,191.3938,1241.0966,274.5449,7076.832,672.709,383.6191,42.3349,1255.3074
2018-12-06,497.3694,1634.7517,556.3196,492.4056,335.4232,249.8434,1607.8575,189.795,1227.4825,266.821,6754.2363,666.0573,390.3077,41.7216,1222.827
2018-12-07,501.8622,1636.8025,568.2198,494.8828,339.8133,249.6168,1628.207,190.4902,1245.6345,266.7772,6851.9004,675.5663,382.0399,41.648,1245.0631
2018-12-10,482.5853,1620.8877,556.9022,490.4566,334.169,248.5291,1602.7704,187.9878,1217.0275,258.8779,6886.1416,665.6825,370.6599,41.1206,1203.0938
2018-12-11,485.8166,1640.7408,561.3127,483.6002,330.7438,254.9191,1601.967,190.942,1211.3773,254.7527,6843.8433,676.7374,392.3049,40.9488,1249.7367
2018-12-12,491.5487,1654.5227,564.6414,489.6465,337.6424,258.5446,1641.416,191.8803,1245.9906,268.1815,6999.8247,703.391,400.805,42.5435,1256.6294
2018-12-13,490.0216,1626.4661,580.6611,493.4035,337.2564,261.9436,1656.0979,191.359,1269.2588,266.0311,7185.9258,711.2606,392.1191,41.8893,1246.5264
2018-12-14,492.3012,1632.3313,587.5683,492.0886,339.5238,262.1248,1660.5604,191.6718,1255.8676,280.206,7178.1016,709.4337,390.7722,41.9956,1266.1184
2018-12-17,500.1359,1636.0641,577.8732,500.1894,345.8434,262.3968,1651.769,194.5217,1252.842,276.6513,7245.4604,708.5905,391.0508,42.8501,1261.303
2018-12-18,503.0131,1630.7732,563.0602,501.4221,349.5098,265.3425,1642.8887,193.34,1271.083,278.9333,7281.3408,722.2687,402.663,43.0954,1280.0452
2018-12-19,503.1901,1614.8575,553.282,498.6045,353.6103,272.5482,1646.5033,197.024,1276.644,283.2341,7434.6523,733.2299,393.6984,43.1282,1322.1094
2018-12-20,499.4941,1603.0446,555.1127,501.8918,349.4133,266.5207,1637.0874,196.4679,1290.9257,277.8362,7313.8486,745.2216,398.5755,42.797,1346.2334
2018-12-21,486.9895,1555.2578,537.7617,495.7162,341.7429,264.572,1609.6426,192.3669,1263.5195,270.2441,7060.2026,731.8245,395.0919,42.5394,1310.7317
2018-12-24,482.0984,1573.8801,540.0918,488.5546,340.3439,265.6144,1592.8187,191.8456,1249.9946,271.2974,7053.5049,738.851,394.2093,42.0078,1281.3202
2018-12-26,486.1707,1549.8433,535.9724,498.3462,343.3349,266.6114,1599.0217,192.2974,1265.8777,281.2592,7090.9307,737.9609,384.2693,41.9874,1286.9381
2018-12-27,495.8423,1566.0458,546.5828,494.284,343.1419,264.7986,1619.8173,195.1472,1268.0131,277.9679,7026.1494,745.409,381.9469,41.4191,1295.9078
2018-12-28,498.2104,1555.4629,546.7078,498.4753,348.0625,267.2005,1626.1989,196.1899,1280.7817,277.8362,7031.395,752.81,394.999,41.9383,1289.7708
2018-12-31,496.3071,1553.002,548.3721,498.1935,347.4836,268.1975,1624.0565,195.7728,1279.1356,274.2815,6993.8755,753.0912,399.9225,42.6089,1296.4274
2019-01-01,496.1964,1561.0004,553.4484,504.3925,350.957,271.5512,1607.5006,196.5027,1283.0062,280.4254,7004.4614,724.5171,402.756,42.1755,1295.011
2019-01-02,489.7339,1577.8181,556.7773,499.7903,351.7771,266.3848,1592.7739,195.043,1268.4135,274.4132,6808.7119,694.8656,408.7941,40.3682,1306.1053
2019-01-03,483.6919,1558.6625,556.8605,495.8689,350.4746,263.847,1596.1658,193.8266,1241.2747,275.1592,6748.8491,672.9432,405.1248,39.3542,1310.8263
2019-01-04,486.3034,1539.7117,550.1196,497.1956,352.356,269.7837,1590.1857,195.2863,1235.0905,283.0146,6777.4697,679.7822,402.9881,39.8776,1308.5129
2019-01-07,489.0035,1556.9807,558.9825,497.9469,354.7681,268.5601,1593.0865,195.7728,1231.3088,285.2089,6896.9609,683.4828,400.2012,39.7018,1318.0967
2019-01-08,488.9593,1553.4124,557.6093,493.8026,366.7802,276.7175,1580.5021,197.5801,1229.885,288.983,6969.5176,677.7212,416.226,40.1802,1323.0535
2019-01-09,491.6594,1547.9972,562.6442,497.043,368.8064,276.7175,1593.1311,201.8549,1233.3109,293.5909,7019.5444,680.438,416.8763,39.1866,1323.7616
2019-01-10,490.2208,1549.3102,565.6401,495.0941,366.1531,276.9441,1594.202,201.2988,1239.139,296.0485,6924.644,686.9023,413.021,39.2847,1318.4268
2019-01-11,486.0378,1511.5731,568.8024,495.8924,365.2365,274.4062,1579.2081,205.2956,1218.6736,294.1176,6858.0366,681.937,412.8353,38.7777,1325.3197
2019-01-14,485.4846,1487.5361,584.1146,493.4857,360.2194,272.2762,1574.2992,204.5658,1186.9077,291.0456,6940.6646,678.7986,418.8271,38.5038,1311.1095
2019-01-15,500.0252,1532.2875,604.6699,498.2404,359.6405,273.4093,1597.46,206.1297,1193.1364,296.4435,6890.4966,681.0001,420.3135,38.8472,1327.4912
2019-01-16,502.7917,1534.2153,613.1581,497.8413,362.1008,274.7688,1582.0195,204.392,1194.2487,293.1082,6848.4336,680.3912,421.5675,38.8063,1312.1956
2019-01-17,502.1499,1557.3582,610.287,500.6825,361.4254,269.5571,1563.2322,204.3225,1197.7188,291.4406,6872.791,688.2607,396.2531,38.6919,1312.0536
2019-01-18,524.2375,1562.5787,608.2899,500.2011,358.9169,267.3365,1556.6274,202.5848,1172.6708,273.0966,6893.1206,688.5419,362.9959,38.4874,1322.2981
2019-01-21,547.8522,1569.1969,619.9821,504.4041,358.6275,265.0706,1559.1265,201.5074,1169.6901,273.2722,6753.0181,684.1854,370.0096,38.5733,1342.74
2019-01-22,546.7234,1563.6061,620.2734,501.5161,356.0706,263.0766,1562.0718,201.4031,1157.7667,267.5671,6622.2837,663.762,389.1929,37.3344,1328.4354
2019-01-23,542.806,1541.9846,608.8724,494.3661,354.4786,259.8135,1577.2444,192.7492,1158.0334,266.5577,6600.3145,651.9108,400.387,37.9927,1318.6158
2019-01-24,552.1679,1563.3186,612.5123,493.6265,351.9701,261.0825,1570.3721,193.8613,1152.6058,264.7585,6595.8188,653.2691,392.9552,37.6778,1323.6199
2019-01-25,551.5261,1579.1447,611.1317,492.159,344.6374,258.6806,1567.9623,194.0699,1143.7965,269.893,6101.9233,640.3406,392.3979,37.0359,1295.5774
2019-01-28,544.2447,1607.2611,609.1234,489.3764,331.4674,255.2363,1555.6458,190.9767,1157.1437,267.8304,6099.7212,630.5505,382.5044,36.4471,1302.5171
2019-01-29,535.8789,1630.0757,609.0815,483.1423,334.6514,254.33,1567.8729,193.5486,1137.2124,270.2002,6114.6182,627.3652,392.3979,36.2918,1315.547
2019-01-30,529.2614,1628.9657,607.408,477.7651,353.0314,260.5387,1547.0327,191.498,1151.8051,266.5577,6134.5713,635.7969,388.2639,38.2257,1312.8088
2019-01-31,543.1823,1655.8494,627.1975,488.3903,351.6324,266.1582,1573.719,193.6876,1169.4677,268.9276,6221.6025,637.1085,393.3733,38.9822,1333.7699
2019-02-01,553.2744,1668.88,633.4732,490.8558,342.177,257.7742,1605.8943,195.2168,1178.6326,273.711,6522.4653,644.9313,393.1875,38.8186,1375.881
2019-02-04,571.4005,1685.5691,632.511,494.2487,342.0806,257.3664,1608.8392,192.6102,1163.328,269.0592,6546.729,631.8621,385.3377,38.929,1365.6367
2019-02-05,571.6881,1680.8828,631.6324,496.3973,340.2474,258.0008,1625.6632,190.5597,1160.8363,270.5074,6645.4707,641.6522,380.7857,38.0009,1369.4132
2019-02-06,579.9656,1705.7524,638.7031,498.4165,346.6635,261.9889,1633.2495,193.0272,1169.5564,270.9901,6729.5967,651.2081,387.0098,39.6691,1387.4004
2019-02-07,571.1791,1712.4115,639.2889,497.1486,346.0364,260.4933,1641.3715,194.8345,1153.2286,273.0966,6841.2192,656.6419,404.01,39.9921,1390.2803
2019-02-08,565.5577,1694.736,636.6948,498.4165,342.6113,259.2244,1621.9591,191.498,1122.7084,274.9398,6683.5518,639.0291,400.4335,38.332,1367.9502
2019-02-11,554.7352,1698.4353,638.2847,502.4084,337.7389,254.2393,1610.8029,192.6102,1109.1388,274.0182,6724.4453,606.6607,398.1111,39.3093,1356.9027
2019-02-12,556.1295,1686.6791,627.9506,500.072,332.191,249.6168,1601.6099,191.359,1109.4504,273.1844,6710.0176,607.7381,405.5894,39.8572,1371.0657
2019-02-14,541.8766,1680.9242,619.2483,495.4932,331.8534,242.0939,1593.1758,193.1663,1092.3217,264.0124,6574.1782,594.341,409.5838,39.4605,1321.1178
2019-02-15,550.84,1668.6742,620.8381,493.2508,330.1167,238.3324,1582.2426,194.6955,1106.1134,267.3477,6492.252,587.9236,392.8624,38.2298,1315.8303
2019-02-18,540.0618,1619.84,620.085,490.7266,326.8363,235.6132,1563.5891,190.942,1107.3594,265.5484,6410.4209,585.2535,385.1984,38.0704,1303.0365
2019-02-19,538.2911,1565.9905,606.0692,489.353,331.178,238.287,1551.1388,191.776,1119.6387,266.5577,6374.6807,592.6547,384.2693,38.5119,1300.9592
2019-02-20,546.3693,1574.1703,619.7922,495.0588,333.0594,242.6377,1547.1669,191.7413,1135.8774,271.2096,6417.1655,593.5446,392.3514,40.1638,1318.9463
2019-02-21,551.9244,1573.7184,613.7255,496.8316,338.9448,242.9096,1566.0879,191.1852,1142.5953,271.9995,6371.8696,594.1536,399.1794,40.7935,1319.7961
2019-02-22,545.484,1583.1317,614.9807,491.0906,339.6685,245.5834,1578.4493,190.6639,1139.2588,275.4664,6475.7168,605.7706,399.9225,41.0756,1319.7961
2019-02-25,545.462,1632.0485,631.6743,499.0623,343.0937,244.8583,1579.8773,192.3322,1135.2544,278.4506,6487.4277,609.6118,405.1248,41.3046,1320.2209
2019-02-26,540.1281,1676.0736,621.2983,495.599,335.9539,241.414,1581.7516,191.498,1126.3566,276.8708,6468.1289,610.174,404.7997,41.1819,1323.7616
2019-02-27,541.5667,1692.0227,615.2319,491.2784,333.3971,242.5924,1549.8444,191.22,1143.1292,280.9959,6528.2729,614.7176,411.256,41.4681,1327.2549
2019-02-28,544.9086,1630.6509,614.4368,487.8268,337.8353,243.8613,1546.4082,191.8803,1150.4703,279.1527,6398.2417,605.1149,413.5319,40.9243,1326.783
2019-03-01,542.6954,1640.4757,620.7963,489.1886,341.7911,247.3962,1548.1934,193.3748,1164.3512,270.0247,6497.0298,608.6749,415.5757,41.509,1314.6501
2019-03-05,547.8301,1634.4738,612.9307,494.7653,350.4746,250.5685,1539.2235,196.3984,1161.9043,270.2002,6668.0947,615.2798,423.5184,42.6661,1325.5084
2019-03-06,559.8475,1643.9282,612.9307,494.0962,358.8687,252.064,1517.0895,198.6227,1171.87,271.5606,6611.0884,617.294,427.8381,42.5925,1315.9249
2019-03-07,562.2601,1655.1914,604.9396,499.3206,357.7591,255.3723,1522.0874,201.6464,1203.3691,270.0247,6584.9971,629.3794,418.8736,42.6171,1317.577
2019-03-08,560.8657,1662.9197,596.0698,499.7198,357.5662,254.8738,1518.6957,202.967,1191.8016,270.9463,6527.5244,627.8336,422.6359,41.5294,1305.2081
2019-03-11,577.2434,1656.4248,595.1495,499.7785,362.6315,260.4481,1530.611,203.6274,1198.1637,292.9766,6634.5083,638.0453,426.8163,42.5762,1340.5684
2019-03-12,589.3052,1654.4926,591.5513,509.7696,374.5471,260.0401,1548.3271,204.7048,1235.8469,308.7752,6705.0522,644.4627,436.8956,42.9442,1348.405
2019-03-13,596.3652,1644.6681,592.8065,522.8132,378.117,265.705,1559.7515,204.9828,1226.6816,296.4435,6643.0806,640.9965,424.0758,42.0119,1348.594
2019-03-14,593.82,1633.8984,592.7228,522.3906,374.2577,264.572,1550.5583,205.3999,1227.7051,300.5248,6638.6309,642.5892,433.0404,42.3308,1354.684
2019-03-15,585.0117,1677.1013,601.2578,529.0239,381.3974,270.4635,1515.8397,202.133,1242.6093,296.3996,6636.4766,650.7396,431.3683,42.1509,1352.6069
2019-03-18,597.5825,1663.0018,594.2709,531.008,384.0507,270.962,1515.0812,204.0444,1226.9486,290.2118,6458.48,640.9965,431.8792,42.9482,1364.9285
2019-03-19,609.3124,1663.0018,604.3538,532.4873,384.3884,274.6782,1516.9552,208.1455,1208.3074,295.5658,6394.0259,645.868,435.6414,43.1363,1372.7654
2019-03-20,608.8254,1656.6301,618.3278,539.8251,379.0818,275.358,1506.1559,207.7632,1219.8303,293.1521,6251.9561,635.75,441.0295,41.9997,1374.8899
2019-03-22,593.9086,1648.9023,621.8003,534.4597,378.0205,270.1463,1497.6771,207.2767,1241.0076,291.0018,6138.7417,635.9374,439.6361,42.3922,1389.1472
2019-03-25,586.251,1631.3085,615.2319,535.669,370.0124,266.4755,1493.9285,205.0871,1225.0355,287.0082,6110.543,622.634,431.6469,42.1264,1376.2117
2019-03-26,605.1959,1629.9935,608.9561,542.725,380.2396,275.086,1502.8091,203.9402,1221.521,287.7103,6169.6562,627.3184,436.4311,42.4699,1402.1772
2019-03-27,597.2283,1617.8668,610.5877,539.9307,379.3713,279.8898,1500.1316,203.7317,1215.8706,283.0585,6106.2324,618.3713,431.8327,42.1796,1389.9023
2019-03-28,601.9867,1644.5038,617.3654,540.7174,386.4627,289.1349,1502.8983,208.5278,1233.8892,289.5974,6179.5396,614.5303,441.6798,41.4027,1413.4603
2019-04-01,616.0848,1670.2776,631.8417,542.8307,384.2437,292.5338,1508.3429,206.6163,1256.5791,299.1205,6408.5464,619.1678,444.8383,43.7619,1409.4473
2019-04-02,615.1331,1709.452,635.4398,538.8506,383.1823,298.1987,1505.7991,207.0681,1254.3992,312.8565,6454.4517,626.3814,436.3382,43.3939,1434.5156
2019-04-03,608.7149,1709.452,630.3354,538.3576,378.31,290.4944,1491.2063,205.8517,1226.1925,307.1953,6626.0771,616.8724,429.1851,43.7864,1414.0264
2019-04-04,598.9104,1656.1779,625.8169,536.2913,375.0778,291.6728,1487.4133,204.9133,1217.8728,313.1637,6663.7383,612.0944,432.5295,43.3939,1434.2328
2019-04-05,599.2866,1683.9657,635.356,541.3749,376.8145,287.3674,1480.7639,204.7395,1222.4109,313.032,6658.6792,616.6382,430.2535,44.919,1429.9363
2019-04-08,588.3757,1702.4226,642.0084,537.5709,373.4858,283.5154,1485.9407,203.4884,1222.2773,311.5399,6679.0547,624.8826,429.6032,44.8986,1412.8466
2019-04-09,590.6773,1719.4819,636.4438,537.0661,383.1823,285.2828,1499.8639,205.956,1223.6565,308.5996,6760.6523,625.6788,437.4995,45.2257,1364.2205
2019-04-10,589.3273,1677.3479,629.8333,525.3492,380.3361,281.7933,1512.0466,204.8438,1220.4087,298.4183,6732.3608,627.9272,438.4284,44.5183,1331.1735
2019-04-11,596.144,1660.2887,621.4656,530.0806,376.332,285.4187,1526.5498,206.0255,1226.1478,303.9917,6733.7661,630.2694,432.483,43.8069,1343.7314
2019-04-12,594.5062,1656.1779,625.6913,531.9003,380.722,285.736,1536.5906,212.5246,1210.9323,300.1298,6878.9741,635.3753,432.0185,43.6392,1358.3666
2019-04-15,593.2003,1737.4044,608.7468,537.4301,378.9371,286.0532,1536.9478,212.3508,1207.3732,305.1766,6888.0146,640.0596,426.0731,45.2338,1351.6625
2019-04-16,594.794,1752.6139,605.9019,541.2457,392.6859,286.1892,1551.674,213.5325,1229.1732,306.0982,6987.3647,644.6501,429.6961,45.242,1377.5808
2019-04-18,613.4732,1767.6182,600.0026,538.5688,390.1774,281.7026,1552.8789,211.5862,1210.7544,304.5184,6976.9658,641.418,430.2999,44.412,1387.5894
2019-04-22,595.5021,1776.9895,603.3497,532.7104,380.6255,281.0228,1552.8342,209.779,1210.265,306.6687,6858.7378,630.8784,422.2179,43.6842,1362.8041
2019-04-23,603.6909,1771.7285,609.3326,527.2159,382.5552,276.6722,1556.7164,210.8911,1199.6318,302.5473,6603.5942,623.7115,435.2699,42.797,1351.1433
2019-04-24,615.0446,1795.0765,616.2359,535.305,386.9934,281.6573,1564.2139,213.0112,1210.7097,310.1945,6573.4282,625.9598,436.0131,42.9523,1369.1302
2019-04-25,607.4753,1804.572,609.6254,531.4777,381.4939,277.5333,1547.7915,211.4124,1205.8159,314.0182,6469.019,623.1494,428.2562,41.7666,1367.1475
2019-04-26,616.5052,1840.3765,617.5328,535.5869,392.8789,283.2435,1559.5281,211.6905,1208.5298,311.1027,6410.561,617.8093,431.136,44.5878,1367.903
2019-04-30,616.5052,1858.2988,628.7036,544.1574,393.1683,280.9322,1568.7657,209.4662,1199.9432,306.1797,6245.2578,604.5527,425.1441,45.565,1381.4993
2019-05-02,621.9276,1821.3438,611.5082,553.1622,381.6386,279.3007,1538.2866,212.0033,1209.0192,309.9078,6261.0439,605.1149,420.0812,45.381,1356.4307
2019-05-03,623.6096,1752.7781,605.4833,556.0151,387.6688,280.9775,1511.5111,211.4819,1213.3348,316.8382,6286.1035,605.0212,421.0566,44.7964,1358.2719
2019-05-06,613.0083,1774.0302,601.1324,546.7402,387.1864,279.8445,1489.5107,213.3934,1203.636,318.75,6285.7759,598.1822,420.9637,43.8273,1333.9591
2019-05-07,594.6832,1769.1799,606.2784,545.3079,372.9069,276.8535,1515.0365,209.8485,1216.004,310.6247,6278.6084,595.84,416.3653,43.3898,1310.3542
2019-05-08,575.185,1769.9196,601.9272,541.7621,368.7581,270.3275,1507.1821,208.9796,1210.4431,310.1945,6230.0347,582.3962,407.9581,42.7397,1308.3711
2019-05-09,556.1516,1786.1155,603.3497,537.9232,367.9863,271.2793,1520.6145,208.4235,1206.9727,301.5435,6206.4268,585.9562,408.1439,42.4535,1278.6294
2019-05-10,553.8057,1755.902,599.8353,539.2382,371.5562,279.2101,1506.0669,206.9639,1206.1273,309.8122,6212.6567,589.0478,406.6576,39.8081,1266.213
2019-05-13,545.3513,1750.1062,602.22,537.0543,363.0656,278.1678,1519.0529,201.0903,1172.4484,304.6024,6130.3564,578.6018,369.8239,38.6223,1258.1403
2019-05-14,557.9222,1720.1805,597.325,537.2188,367.0214,285.1922,1515.929,204.6005,1193.9371,321.7611,6160.7563,575.4634,389.6574,38.3975,1246.574
2019-05-15,556.3508,1722.6882,599.2078,536.937,363.7893,282.8809,1491.4299,206.4773,1179.7002,316.6469,6083.5146,571.1539,380.6464,37.8577,1233.0719
2019-05-16,560.0911,1733.6638,613.4327,542.5605,369.0476,286.1892,1506.7358,204.8786,1189.7994,310.8637,6070.3062,567.0317,383.1082,38.3729,1231.6083
2019-05-17,560.9985,1722.7294,605.7344,554.6415,375.9944,289.3615,1550.1124,209.5009,1211.8223,313.9704,6283.1523,580.5224,380.0426,38.3893,1246.3375
2019-05-20,586.8927,1762.6027,604.4794,571.137,393.3613,312.4289,1581.9746,213.3934,1291.5039,325.1068,6637.0391,612.0007,384.13,39.5628,1297.277
2019-05-21,593.0455,1734.4858,593.5177,564.4095,386.0769,305.9482,1593.3544,212.6289,1289.4128,316.0735,6441.0078,598.7911,379.8103,38.6428,1281.9812
2019-05-22,593.3109,1711.4662,593.8942,564.8909,391.0939,309.1659,1578.2263,212.5023,1300.0908,320.375,6463.9131,600.1027,391.283,38.6796,1292.084
2019-05-23,590.4338,1688.6932,586.6144,547.5974,396.4005,310.1629,1565.3293,204.3141,1313.4375,323.8642,6491.5029,599.119,383.6191,38.0009,1291.423
2019-05-24,591.7396,1683.7195,593.4341,557.2832,416.5655,322.0818,1561.5361,205.9092,1373.9888,337.6293,6645.0488,623.4304,386.2202,39.5914,1307.2384
2019-05-27,580.1425,1689.5974,592.5136,565.5015,420.1836,327.8373,1581.4839,206.1928,1420.1248,334.0925,6621.9092,636.4526,385.3842,41.9138,1290.5732
2019-05-28,585.941,1704.8892,609.249,567.3446,419.0258,326.3418,1585.9019,204.8103,1400.994,330.3643,6608.98,628.2083,383.4333,41.464,1288.2126
2019-05-29,581.2048,1732.677,608.9977,567.509,408.4127,316.009,1589.4272,204.2432,1381.374,323.8642,6456.0908,629.7073,393.6984,40.3396,1282.453
2019-05-30,588.597,1764.5347,613.8093,572.8275,411.2107,320.4503,1592.4617,204.6331,1386.8462,331.4159,6433.8413,619.9172,383.4333,39.9021,1297.8907
2019-05-31,588.774,1805.8466,617.3237,569.4932,408.7986,319.4986,1596.255,197.4729,1385.912,333.4233,6435.8555,606.1923,380.7393,39.9307,1328.7659
2019-06-03,602.0753,1843.4594,623.0974,576.9484,408.0267,322.1725,1641.9515,197.4729,1387.5583,337.1992,6579.2363,612.1413,387.1956,40.6953,1377.8171
2019-06-04,598.2908,1809.313,615.2736,575.8212,404.3604,319.408,1620.4419,197.9692,1396.812,336.8646,6606.311,609.6586,381.9469,40.6953,1342.1732
2019-06-06,587.5345,1795.2242,615.5247,569.0236,397.0759,305.3591,1640.2109,195.4879,1348.8517,338.2029,6547.1973,594.0599,375.4441,39.6282,1348.8301
2019-06-07,582.0237,1808.1941,618.4534,574.7294,401.9483,310.0269,1633.9636,195.1334,1347.0277,341.3574,6509.3022,603.3817,370.8922,39.4237,1339.1992
2019-06-10,583.905,1849.4261,630.5027,572.98,401.4659,312.0663,1653.3757,198.0755,1363.2664,347.4275,6529.6313,606.0986,373.4933,39.7467,1343.212
2019-06-11,588.3312,1867.0791,631.6743,574.9055,406.5312,314.6042,1642.0408,198.3945,1356.3262,347.2363,6537.4541,596.6363,362.2527,40.2742,1345.9503
2019-06-12,589.6592,1873.792,630.7537,569.8923,403.299,311.7944,1648.5563,198.4654,1342.9347,344.034,6419.1333,592.2799,363.5997,41.3659,1345.9031
2019-06-13,587.4904,1868.1569,630.2022,574.0367,404.8428,314.0603,1647.1279,198.9262,1350.3201,347.7142,6356.0845,600.5712,362.0669,41.096,1356.9623
2019-06-14,583.1968,1868.4877,628.3353,571.7826,403.0579,311.6131,1627.0018,197.1184,1358.1057,337.7249,6321.1406,597.0111,364.668,41.0347,1341.109
2019-06-17,567.5939,1864.0957,628.4202,568.7065,399.6327,306.2202,1622.6284,194.9562,1333.5917,328.8349,6165.8618,585.5814,355.7034,38.6878,1330.8566
2019-06-18,567.0184,1865.4631,636.5667,567.5912,407.3031,308.2142,1615.0868,195.0271,1339.42,329.9342,6032.2231,586.3777,351.5695,38.6223,1310.0675
2019-06-19,565.4027,1872.9636,638.0516,570.1976,405.0357,307.1266,1616.9612,196.5159,1339.2863,326.0627,6018.7808,576.3066,348.5504,40.405,1311.1119
2019-06-20,573.9899,1887.9227,640.5974,573.269,418.1574,312.8367,1622.6696,196.374,1385.5117,333.1844,6198.7446,587.549,362.7636,40.9693,1321.4591
2019-06-21,566.3545,1864.6344,636.6091,570.3984,415.6489,316.6888,1588.1494,194.4245,1370.0736,328.6437,6011.8472,587.83,355.6106,40.6953,1312.8677
2019-06-24,558.7853,1885.8928,632.6206,571.2844,414.3464,320.1331,1586.1718,195.8424,1371.1858,329.8864,6051.8032,594.7625,356.2144,39.7631,1306.365
2019-06-25,573.5915,1879.5114,634.827,573.8243,418.3987,323.1694,1578.98,197.4375,1365.8472,333.2322,6110.4482,601.1333,358.3511,40.724,1293.9769
2019-06-26,572.8391,1868.2393,627.2746,583.086,423.2228,324.6197,1583.0708,196.6577,1380.2615,330.3166,6070.9146,602.8665,371.0779,41.7543,1290.9866
2019-06-27,563.9863,1866.8727,619.9343,581.7629,425.4419,328.2451,1595.1162,193.8928,1379.9949,333.2799,6076.9102,616.3572,374.19,41.7625,1292.3633
2019-06-28,554.6689,1845.8627,621.1647,577.3801,421.7273,327.4294,1606.9825,194.1409,1382.0411,331.3681,6121.8306,613.9681,372.4714,41.2473,1289.2781
2019-07-01,561.6404,1856.0975,620.5707,587.2562,423.5605,327.7013,1600.3306,194.9207,1385.1112,333.1365,6096.7246,618.3245,376.5589,41.4558,1285.1959
2019-07-02,565.9117,1866.4993,627.9535,589.4889,421.3896,330.3752,1608.421,194.1409,1391.5177,338.0117,6145.5796,624.1798,367.455,41.6071,1277.5067
2019-07-03,567.7044,1854.5232,620.5707,588.2249,420.6178,331.8707,1604.3757,196.1614,1404.1531,337.6293,6121.0347,626.9904,367.5943,41.7298,1283.4396
2019-07-04,568.3463,1858.6671,622.6921,586.8426,420.859,333.0037,1612.3765,196.8349,1398.5027,346.7583,6131.0122,629.7073,364.25,41.562,1290.749
2019-07-05,559.2057,1792.7375,609.2845,584.1492,421.0037,335.9494,1610.3989,198.1109,1386.6237,348.718,5958.2139,601.508,348.5968,40.1396,1289.7998
2019-07-08,554.204,1802.9315,608.9452,569.3116,410.9212,322.0365,1576.3732,196.6931,1326.1172,340.6883,5657.2129,595.6994,340.747,39.2753,1272.2855
2019-07-09,566.6199,1768.0814,607.163,562.1172,413.4298,325.8433,1564.4167,193.6093,1358.3726,346.3282,5569.853,592.7484,358.9548,39.3089,1254.0121
2019-07-10,566.0667,1747.2372,608.6481,564.3854,415.7454,321.0395,1544.9541,193.6447,1334.3035,342.7435,5553.4116,582.3962,364.3429,38.1635,1255.8632
2019-07-11,567.2617,1742.5552,612.2546,568.7327,411.5483,329.1969,1556.0116,195.417,1330.4326,344.8465,5650.1855,594.1069,369.8703,38.7677,1264.8811
2019-07-12,566.7971,1746.7402,616.7098,565.6021,412.0307,329.5594,1540.0999,194.9916,1305.2069,340.4015,5594.2109,591.9988,378.742,39.6823,1292.8853
2019-07-15,564.8495,1778.3168,661.3452,565.803,407.4478,326.3418,1543.4709,192.085,1281.8496,335.144,5695.6221,591.952,392.9088,39.2963,1284.5314
2019-07-16,572.33,1749.4907,666.0125,564.9643,409.667,330.2392,1565.3607,192.794,1300.1794,335.2874,5769.022,583.5672,402.5236,40.0012,1302.7102
2019-07-17,567.3946,1758.8368,673.9044,566.441,409.7634,337.5356,1582.8009,193.4675,1295.063,330.9857,5691.875,578.9298,399.5045,39.9173,1325.1134
2019-07-18,558.5419,1716.2206,672.6739,569.855,403.9262,329.6047,1563.4281,193.5383,1277.0446,327.4011,5510.7393,567.4833,395.928,39.1537,1314.7188
2019-07-19,552.8539,1725.3588,666.4793,561.2903,395.8698,322.6709,1546.5726,190.2063,1256.001,324.9635,5404.6436,542.6902,391.4225,38.4362,1299.6724
2019-07-22,566.7971,1752.7302,665.6309,542.7669,397.9977,318.0031,1510.8837,187.4415,1249.0157,327.4488,5538.9854,536.6108,399.6903,39.0656,1332.9928
2019-07-23,563.7208,1754.8491,670.4253,534.7928,398.4329,310.1629,1522.2555,191.8724,1254.1768,328.4526,5502.6821,531.1011,399.6903,38.5873,1356.8676
2019-07-24,557.3247,1741.8483,667.2429,538.9039,395.0961,307.8063,1553.9889,192.0142,1250.4363,323.9597,5403.6133,522.457,395.3241,37.4251,1408.1763
2019-07-25,545.1077,1767.6833,674.2014,540.1207,395.5797,309.3472,1561.1807,189.8873,1236.9617,324.0553,5393.0742,520.1296,406.1002,36.951,1419.9951
2019-07-26,537.2732,1752.0243,667.837,538.0533,402.1082,310.5255,1555.7869,191.6951,1254.7626,320.1361,5438.8848,536.1833,408.7013,37.3831,1449.0432
2019-07-29,536.0117,1769.4283,671.6133,530.2565,415.262,311.6131,1540.1899,189.8164,1236.1505,319.8015,5209.9243,525.4492,400.4335,36.372,1436.5126
2019-07-30,522.7104,1810.2577,672.6739,532.1348,411.3932,296.8845,1546.123,190.6317,1240.522,330.5078,5159.2422,521.2695,381.2037,34.828,1432.2406
2019-07-31,516.2257,1832.3136,673.4801,531.993,410.6678,301.0992,1552.191,191.5533,1250.3914,322.717,5124.1577,522.457,396.4389,36.2545,1443.9647
2019-08-01,522.4227,1811.0057,652.4352,526.1088,403.3655,287.4581,1556.3712,189.6746,1224.0278,309.621,5220.5571,521.0795,394.906,35.2433,1428.396
2019-08-02,527.3843,1831.9812,658.1631,524.3447,397.1272,279.5727,1561.8997,187.5124,1235.0236,328.4048,5329.9316,528.5839,390.7722,34.3287,1466.8424
2019-08-05,509.1272,1867.9512,659.0966,516.0331,389.4381,272.1403,1565.2708,184.1804,1212.9867,341.9309,5312.1323,518.1347,387.5208,33.5021,1448.0466
2019-08-06,502.4255,1839.9556,657.1873,518.3655,396.7887,273.1826,1567.8779,183.5424,1241.5585,352.2071,5464.7886,521.9345,388.4962,33.6993,1486.4454
2019-08-07,494.0094,1838.7513,658.5874,517.1578,394.9994,262.7593,1597.6786,179.8205,1225.8306,349.9606,5410.1714,492.3444,391.1437,32.0463,1480.1326
2019-08-08,513.1349,1875.8433,669.3221,528.7963,400.8025,266.7927,1620.9165,182.7271,1226.3711,355.744,5529.3818,512.5302,396.1602,30.8295,1486.4927
2019-08-09,517.4766,1865.9989,670.2554,540.3638,406.3638,264.0735,1655.3019,180.2104,1229.9314,354.788,5714.5459,518.2297,392.0263,30.4058,1495.606
2019-08-13,567.6389,1827.1208,648.956,525.7654,396.7887,256.8225,1640.3792,174.6099,1183.6489,336.1477,5448.0664,486.7399,408.0511,29.2604,1493.5651
2019-08-14,573.6504,1831.2332,657.4843,527.92,403.6074,262.6234,1653.2344,176.3467,1202.0808,345.2767,5524.5801,497.3315,387.5208,30.5988,1490.0999
2019-08-16,569.0861,1798.5864,657.272,527.5058,405.2032,263.6656,1643.885,179.3597,1203.4778,345.6112,5675.6597,501.4162,385.2448,30.4645,1516.4429
2019-08-19,575.5873,1796.8416,659.9028,522.5687,409.5072,259.9948,1636.9181,178.3318,1218.7551,345.0855,5682.7842,494.4817,395.7422,30.1708,1506.0007
2019-08-20,568.1732,1816.5713,672.7164,525.8246,403.2205,257.1398,1657.1448,174.7516,1210.0125,342.2655,5880.7422,501.3686,393.5449,30.0617,1514.2595
2019-08-21,565.9468,1816.1141,678.4019,527.0678,398.5296,251.4296,1663.0779,171.1715,1181.3055,339.2544,5916.791,494.8142,389.8983,28.7821,1508.5636
2019-08-22,555.1706,1840.8699,675.2197,514.8137,386.0046,243.4081,1682.9451,170.1791,1166.5239,337.1992,5897.46,486.1699,387.6076,28.0017,1490.5747
2019-08-23,568.1287,1867.2035,680.7354,512.1142,382.426,245.7193,1672.0674,167.3788,1159.5392,340.6883,5940.9658,506.5457,399.9964,28.9709,1500.2576
2019-08-26,564.0986,1890.962,681.0325,534.2427,398.1428,253.9675,1686.9453,171.9159,1202.0356,344.7509,5942.1055,517.0424,392.0957,28.3667,1516.5378
2019-08-27,567.6833,1857.8998,665.8429,535.1425,404.8647,258.9525,1673.326,174.0427,1223.0364,332.9454,5963.1924,526.3041,389.6646,29.445,1518.3413
2019-08-28,562.5402,1860.1837,680.9901,532.1943,399.4001,258.2274,1643.3907,174.3618,1211.9502,330.5555,5797.5791,512.6728,386.2518,28.2744,1521.854
2019-08-29,552.9441,1855.3661,684.7664,527.3282,391.1306,248.8011,1647.7506,170.9943,1209.9673,328.357,5804.0386,501.5586,406.4013,28.1569,1533.3403
2019-08-30,555.9722,1877.0895,691.5126,527.5649,396.2084,248.2119,1691.7548,174.1491,1197.1687,331.5115,5816.9092,502.3185,421.1277,28.9415,1534.2419
2019-09-03,537.203,1870.4432,690.9609,523.5395,379.2826,243.2721,1655.7513,171.2424,1166.6593,322.0001,5746.5703,489.6371,410.7958,27.8087,1496.7927
2019-09-04,534.8652,1865.2928,696.9435,532.2536,384.4571,249.3449,1660.0214,172.4476,1178.9623,330.46,5538.5908,480.3754,398.7342,28.4674,1457.302
2019-09-05,533.7297,1840.2883,707.7629,529.2698,376.2359,247.7134,1644.8738,173.1566,1190.0032,332.3718,5669.5806,491.1095,403.7365,28.9625,1442.6831
2019-09-06,544.3722,1825.5015,712.9395,531.8154,378.5089,248.3026,1635.3448,172.9084,1197.5293,333.8535,5876.9424,502.9835,397.4719,29.8226,1454.6917
2019-09-09,544.2386,1813.3318,703.5624,532.6917,382.4744,251.9734,1648.7396,174.0427,1223.0813,340.7361,6018.0488,505.8808,400.9315,29.6883,1462.4757
2019-09-11,549.6713,1789.3651,695.9251,533.0941,381.6522,258.5446,1639.9747,172.8021,1229.075,339.4456,6266.7314,518.4197,394.7604,30.8002,1482.2684
2019-09-12,538.9619,1772.4186,692.7854,537.7234,389.4864,260.1761,1622.9841,170.6753,1227.9485,332.2284,6071.7651,516.3774,399.9964,30.6323,1462.1912
2019-09-13,545.7527,1779.3552,703.7322,534.5504,399.8353,264.3908,1623.1189,170.0727,1228.8948,327.9268,6127.0967,523.6443,395.3682,30.8253,1469.6902
2019-09-16,539.14,1786.0422,702.3745,531.4011,398.6263,258.0461,1632.7831,169.7182,1211.0039,328.8349,6091.4287,510.0605,399.0614,30.3009,1444.1544
2019-09-17,533.2175,1763.3219,705.3869,523.6342,387.5037,248.3026,1646.1774,168.1586,1184.0546,324.8679,5823.2261,495.8116,393.3112,28.9457,1453.2677
2019-09-18,536.8912,1776.5309,704.1989,518.0458,386.2464,254.1487,1644.3794,169.6119,1187.9303,320.8052,5789.647,500.6088,389.7114,30.0617,1469.2634
2019-09-19,525.0241,1746.1262,696.4344,521.4438,373.9147,248.3932,1629.5916,167.8041,1172.3374,322.717,5672.5254,493.2943,384.4285,28.9205,1475.1013
2019-09-20,558.5549,1715.8052,683.1115,568.1159,403.8008,273.4546,1770.7284,168.7612,1272.203,340.6883,6261.6494,540.4104,386.8128,30.926,1586.2632
2019-09-23,551.8087,1674.5599,648.6165,595.4183,431.6558,284.3764,1833.6555,180.6712,1377.6565,332.6586,6552.2217,536.7057,382.8391,31.6645,1711.3322
2019-09-24,569.3977,1698.5679,673.8195,593.7844,426.433,274.2703,1843.2745,181.4865,1335.1147,333.2799,6657.8975,530.7687,383.026,31.1148,1676.3507
2019-09-25,569.7762,1734.9114,672.6316,587.1068,419.9529,254.0127,1844.2185,175.496,1306.9935,326.5885,6305.8667,507.923,380.3145,30.3806,1662.9658
2019-09-26,577.4576,1734.2058,664.0609,588.4329,437.1205,255.4629,1828.8463,177.5165,1342.8207,328.8827,6513.8462,538.558,385.1766,31.5302,1681.1447
2019-09-27,582.9124,1708.0796,663.7637,589.238,434.4607,254.8738,1807.7207,179.3243,1327.3182,333.7101,6434.2925,527.3014,375.5927,30.1792,1686.2235
2019-09-30,593.2433,1743.9252,683.6632,581.3054,419.4693,245.4474,1781.6958,184.2159,1328.7604,350.8688,6379.2935,519.7496,364.1389,30.2505,1672.7909
2019-10-01,581.0645,1711.2362,673.3952,591.4165,410.6678,231.9877,1789.2021,181.4156,1319.5669,335.4785,6442.1768,528.8215,361.4274,29.4995,1676.5406
2019-10-03,583.803,1711.4857,666.6489,579.4584,413.2793,230.3562,1763.8065,185.492,1314.1591,329.6952,6415.627,534.5209,362.9234,28.4968,1660.26
2019-10-04,582.4894,1727.3519,673.3104,563.4274,400.3189,226.5494,1747.76,182.3727,1284.2806,324.5333,6316.4111,535.9933,360.9599,27.9513,1636.9554
2019-10-07,583.38,1701.0597,670.0009,562.1014,402.4467,225.779,1744.0293,178.5799,1259.8999,326.4929,6297.6499,525.2592,355.2095,27.2549,1637.6671
2019-10-09,589.9036,1678.1323,664.9942,581.6369,422.3708,236.5196,1751.1761,175.177,1285.4974,343.556,6382.8555,547.6773,358.9963,28.2324,1683.5179
2019-10-10,606.8248,1665.1316,664.4852,568.5659,409.7974,230.3562,1769.8296,172.4122,1284.4608,360.6191,6274.4731,537.7032,361.8949,27.687,1688.4067
2019-10-11,602.305,1650.5105,691.4276,567.7372,414.4882,230.7188,1802.1022,172.9439,1286.8042,366.02,6363.2402,532.0511,361.1936,28.4464,1699.4662
2019-10-14,604.7095,1678.8798,667.0732,570.3892,414.7784,231.5345,1810.7319,173.0502,1283.4242,376.2005,6479.3174,540.173,369.0009,28.9373,1707.4875
2019-10-15,607.4481,1692.4208,651.9684,579.2216,417.68,234.2537,1855.8149,175.5315,1290.905,366.7369,6635.7173,554.1843,371.0112,29.3023,1711.6642
2019-10-16,611.0995,1699.9801,654.6414,578.2981,421.0168,232.0783,1861.7483,172.7312,1283.6494,368.2664,6625.5059,554.9916,373.7227,29.1513,1676.161
2019-10-17,621.8534,1725.0797,652.9868,577.7772,426.1429,240.5983,1891.2789,174.2908,1283.7848,368.84,6766.9448,563.5885,375.4057,29.8813,1720.3979
2019-10-18,630.6925,1747.5038,651.5866,582.0394,423.4347,244.4051,1893.9761,174.7516,1304.9207,366.5936,6936.4062,563.5885,375.5459,30.175,1724.6221
2019-10-22,629.7128,1742.4498,546.1072,586.9175,436.3466,245.1756,1912.405,176.4531,1300.1887,357.608,6892.6636,565.9633,379.099,29.7471,1689.9255
2019-10-23,620.0276,1758.3336,559.0393,588.0066,440.1671,249.6621,1927.6763,177.9773,1290.4996,344.4641,7067.4438,562.2111,378.8653,29.8897,1677.7748
2019-10-24,639.6428,1768.441,545.9355,585.4019,439.8286,237.9245,1927.7665,176.5594,1290.905,355.9351,7021.041,551.952,379.5665,30.2002,1699.7035
2019-10-25,637.3051,1804.923,547.74,582.0394,453.7077,255.1911,1938.384,175.6024,1284.3707,358.6116,7096.7944,548.7697,390.3658,30.3974,1705.2094
2019-10-27,638.6633,1797.0662,557.5356,586.1596,454.1429,255.4176,1933.5498,177.5165,1292.8431,356.6521,7050.2036,561.8787,390.5996,30.6281,1701.6969
2019-10-29,653.2689,1864.2954,559.0823,588.4329,461.7354,254.3753,1952.0289,179.537,1316.9083,344.034,7334.4111,581.1621,394.5267,32.7427,1722.2491
2019-10-30,658.6346,1913.5182,567.632,591.2034,455.6904,262.7593,1960.3424,183.8969,1328.7604,351.729,7178.2974,585.6742,401.7262,32.5581,1732.14
2019-10-31,652.0666,1927.8309,589.1137,582.6787,447.8562,283.1528,1965.719,182.6562,1327.6787,357.7513,7180.6235,576.08,405.2325,31.933,1721.0126
2019-11-01,648.7491,1869.4347,591.09,587.2725,447.0824,284.1951,1969.3337,185.2439,1306.3627,356.6042,7236.9048,560.2163,409.1128,33.5231,1679.8796
2019-11-04,649.0831,1863.5312,609.2205,585.7571,455.0618,284.8749,1950.1761,184.8539,1308.8865,361.336,7052.0083,557.0341,409.4868,34.3329,1698.4728
2019-11-05,644.4743,1870.2417,598.1359,587.0121,452.9823,289.3162,1962.828,186.3781,1297.7101,367.0238,7018.7617,551.097,401.96,33.8965,1706.0338
2019-11-06,638.9526,1858.9021,612.0562,595.1341,464.9271,287.8207,1969.4237,185.2793,1309.6526,355.0748,6944.8125,550.7646,400.0899,33.9385,1709.5999
2019-11-07,649.5063,1856.2267,618.7583,598.4729,462.8476,288.3645,1932.1945,188.4695,1293.429,355.3616,6922.0151,551.287,411.9646,33.8252,1737.5132
2019-11-08,643.6728,1809.1697,608.4902,594.6368,473.39,286.4158,1885.3408,184.6767,1282.5679,352.8762,6839.7544,550.9546,394.6668,33.3931,1706.9845
2019-11-11,635.7911,1784.5375,605.268,598.9702,480.4988,288.4551,1880.7773,183.9323,1277.1603,355.1226,6779.6729,546.2048,394.0592,33.6868,1687.1078
2019-11-13,655.6066,1850.4929,594.0544,595.5604,469.8113,278.0771,1889.4977,179.9623,1255.5286,352.3504,6796.1064,545.9199,385.2234,33.3889,1683.7791
2019-11-14,651.3542,1865.9518,606.0413,603.3035,482.2881,277.352,1869.663,179.9977,1244.217,346.5193,6884.02,549.4822,383.5403,32.8896,1685.1108
2019-11-15,654.9611,1846.9678,604.8383,605.1978,483.4487,291.7634,1859.4064,177.6937,1241.6935,375.7225,6789.0771,553.8518,388.0751,33.1036,1674.5062
2019-11-18,649.7733,1828.4084,605.9554,597.6915,481.9979,294.6638,1858.0513,177.7646,1229.8413,391.1606,6742.7705,544.9701,396.9577,34.4084,1653.8688
2019-11-19,672.283,1791.2056,612.5287,602.3564,477.3071,299.4677,1841.3792,176.7366,1230.9679,419.9814,6692.4263,532.5737,398.2199,33.7119,1637.0829
2019-11-20,689.1597,1790.9926,612.6577,603.043,478.7578,298.0175,1831.2131,177.7292,1244.5327,418.0218,6794.3491,532.3835,420.7536,33.456,1639.1274
2019-11-21,684.6843,1799.1045,612.8724,607.7789,481.9012,300.3287,1851.2286,174.1845,1255.2583,407.5068,6667.3486,524.1667,418.0888,32.3148,1636.1318
2019-11-22,688.6475,1759.6929,595.6442,598.9702,480.4988,298.4706,1832.885,175.5669,1242.595,402.1058,6706.6748,518.6572,422.7172,33.5651,1600.3724
2019-11-25,695.3492,1768.0167,599.8546,601.9775,481.466,304.634,1863.6534,175.6378,1244.5776,431.5002,6873.5229,520.3671,429.122,35.2014,1626.9541
2019-11-26,694.7704,1738.4152,593.41,603.8481,493.9427,304.0902,1859.9939,176.6303,1228.4893,413.2901,6767.9897,511.6278,421.4549,35.5916,1626.5737
2019-11-27,699.0452,1744.9131,597.8352,605.4346,488.9133,311.3865,1891.531,175.0707,1203.7032,414.2459,6928.9019,512.9102,428.9349,35.3566,1631.3763
2019-11-28,703.6984,1764.4918,603.0767,599.2307,502.1154,316.5982,1886.0183,174.8934,1216.6821,417.4005,6897.4131,514.8101,427.6259,36.2587,1630.6632
2019-11-29,690.7181,1744.0212,598.3508,603.8008,495.7804,309.8457,1839.1652,174.6807,1199.2417,422.9448,6882.7847,503.9809,420.6134,35.8727,1622.627
2019-12-02,706.4594,1716.6707,595.2145,599.4438,494.1361,306.8094,1846.3038,173.6528,1201.7655,438.3828,6781.6206,507.4007,411.4036,35.3147,1653.1556
2019-12-03,703.0751,1742.1101,600.0693,594.5421,492.637,304.77,1832.9755,173.0148,1183.6039,438.8608,6781.0981,496.714,405.4195,33.5357,1651.4436
2019-12-04,691.4084,1765.4686,609.0916,592.7662,511.884,309.8457,1850.6412,172.3767,1158.277,441.0594,6721.54,499.2313,414.8632,34.3455,1636.0844
2019-12-05,690.5847,1801.8224,614.2473,589.9009,510.7717,304.7247,1841.1082,175.0707,1173.6895,427.6288,6661.4595,498.4713,408.3181,33.5483,1631.8521
2019-12-06,692.388,1803.7761,614.4621,590.1142,507.58,290.0414,1830.8065,172.5185,1163.4144,425.239,6541.6304,484.65,400.7445,33.8378,1632.6129
2019-12-09,700.2697,1750.1367,616.3094,588.6459,509.2243,287.0503,1814.6316,171.1715,1150.075,426.1949,6644.2661,487.9273,399.2484,34.1273,1641.838
2019-12-10,695.5273,1709.7057,613.9894,591.748,511.3521,284.0592,1830.174,167.0243,1152.7792,427.2942,6614.7246,480.4229,399.8562,33.7371,1629.2841
2019-12-11,695.7277,1734.3805,619.5746,591.3927,516.0429,283.5154,1816.7101,168.4422,1139.5297,423.2316,6642.7939,482.3227,401.8665,34.0308,1653.1077
2019-12-12,698.3104,1716.5433,603.2916,598.4255,517.7838,291.7181,1813.9088,169.1157,1153.4098,419.3123,6649.0635,486.2649,405.9337,35.1343,1664.9486
2019-12-13,704.8562,1759.3107,611.1968,598.5439,519.4281,301.4164,1812.8694,171.2779,1176.4835,408.9406,6853.4331,490.3495,410.7023,35.9482,1658.5765
2019-12-16,697.598,1806.4519,613.5169,595.4656,521.5558,300.7819,1784.4502,167.9459,1174.4105,403.2529,6782.2852,483.3676,406.8688,35.3273,1646.6884
2019-12-17,695.8613,1838.8983,627.0073,601.9775,523.3936,301.7336,1772.3416,170.888,1187.8851,420.555,6834.625,480.5179,401.1652,36.8712,1659.9553
2019-12-18,701.717,1841.2773,629.3704,612.0413,523.6353,296.3407,1742.7025,173.7946,1189.1467,418.9777,6877.8447,496.4766,411.1698,37.3202,1691.3876
2019-12-19,716.9014,1893.345,627.9954,610.36,522.4747,297.4283,1763.0795,173.2275,1182.297,429.6362,6877.8447,508.588,405.4195,37.488,1714.8307
2019-12-20,712.0699,1888.1212,628.597,614.1013,528.1811,306.2202,1755.8505,170.9589,1182.1169,433.7944,6897.6509,504.0284,402.334,38.6838,1711.1694
2019-12-23,699.7354,1895.5956,632.4208,616.8008,523.5386,301.2804,1762.4467,169.3638,1181.8464,434.7503,6992.0693,499.5638,400.5574,38.7803,1719.0631
2019-12-24,688.6254,1881.9213,630.1867,610.5258,523.3452,300.4193,1758.8324,169.2574,1172.6079,436.9967,6960.6284,501.0836,401.8665,38.8516,1715.1638
2019-12-26,674.7989,1870.3257,626.363,601.6697,521.0723,298.9691,1757.5219,167.875,1153.0494,427.8199,6878.082,501.891,394.7136,39.2628,1721.0126
2019-12-27,686.7996,1867.3961,633.2371,603.8245,531.3729,305.6763,1761.9948,167.9459,1171.3459,435.0371,6976.8716,503.601,398.3134,39.397,1723.533
2019-12-30,687.6235,1854.4005,629.7571,607.2106,526.1017,303.0931,1750.5638,168.8675,1173.7797,440.199,7044.646,510.0129,402.1937,39.8376,1714.0701
2019-12-31,674.1978,1836.1381,628.2535,602.451,521.2174,302.504,1737.687,168.513,1170.0842,435.7063,6999.3838,504.9308,404.4377,39.611,1697.5693
2020-01-01,672.2162,1841.1499,633.1511,605.5294,519.138,303.1385,1749.9315,168.7966,1180.6746,433.3165,6945.3359,509.7279,406.074,39.2502,1705.4155
2020-01-02,683.6603,1832.698,631.3036,609.3891,522.8616,307.5344,1751.287,170.0372,1212.536,435.1327,6962.5757,512.8151,406.6817,40.6851,1702.9902
2020-01-03,684.4841,1869.2222,641.0135,600.6987,521.169,302.4587,1741.7084,169.0802,1203.2976,435.0371,6890.7632,506.0707,415.7046,40.5886,1665.6619
2020-01-06,668.6093,1869.052,634.8697,587.6989,508.4505,289.1349,1730.8647,166.6698,1186.8035,429.8274,6689.5283,498.234,411.3568,39.7117,1623.578
2020-01-07,678.8956,1873.6389,625.4607,597.0048,505.7424,288.5911,1735.6088,166.8471,1190.1833,425.4779,6719.166,500.2762,417.3876,39.9508,1639.9835
2020-01-08,673.797,1915.5991,617.1258,595.442,508.6923,289.86,1743.4253,166.0318,1164.0906,438.6218,6682.6899,498.3764,411.497,39.8795,1644.1683
2020-01-09,689.3156,1880.8588,625.16,602.1196,528.3746,299.2864,1748.576,167.1661,1186.2628,439.8167,6865.7339,514.1451,411.2633,40.5424,1685.7762
2020-01-10,689.1597,1880.1791,634.2681,607.4711,522.5231,301.1444,1765.7,168.7257,1193.879,436.8534,6963.1934,519.2271,414.7696,40.7984,1704.7974
2020-01-13,687.4007,1860.4731,664.6862,609.0339,520.9272,299.7849,1802.6133,169.6119,1202.9821,448.2288,6984.2808,527.1591,415.7046,41.5997,1716.5427
2020-01-14,681.0331,1874.531,666.4907,610.6915,519.96,297.2923,1815.219,172.4476,1195.231,448.6589,7016.6719,534.331,417.0136,41.8389,1730.0952
2020-01-15,678.5616,1891.5188,659.5307,608.2052,518.0256,293.8934,1826.8307,171.845,1192.9775,447.225,7108.0044,541.2178,419.8654,42.1326,1752.0642
2020-01-16,684.818,1901.6268,659.058,609.8154,519.5248,293.0323,1851.7709,170.6753,1189.1018,453.0083,7088.7212,539.0331,419.8654,41.4864,1745.3118
2020-01-17,704.0103,1884.8931,659.7885,605.3163,514.5921,288.2285,1861.7561,170.1082,1175.4919,478.0056,7143.3403,540.7905,425.0547,41.5578,1740.4615
2020-01-20,682.3466,1843.4857,660.3041,594.3054,517.3003,284.6031,1864.0603,171.4906,1180.3593,486.2742,7076.3257,538.7957,420.2394,41.1718,1758.246
2020-01-21,683.0369,1844.0802,655.1914,589.309,513.6249,284.3311,1857.3282,169.0448,1173.8247,489.1898,6936.7378,525.1167,418.3226,39.955,1722.1064
2020-01-22,682.7919,1874.531,661.8077,587.6515,505.694,286.5517,1853.985,168.7612,1166.4789,491.8185,6778.0591,525.8766,417.2941,39.8627,1692.1482
2020-01-23,679.8975,1865.2089,673.9662,589.5458,510.3849,292.9417,1858.6837,168.6548,1200.8191,500.5651,6788.9824,538.1306,420.6134,40.2991,1689.1526
2020-01-24,677.5375,1858.7809,672.5916,589.4037,516.333,293.7121,1873.865,168.8321,1225.0643,501.1387,6771.2666,539.3181,418.6966,40.5634,1699.3289
2020-01-27,670.858,1846.7347,668.5959,574.5568,519.6215,286.597,1862.7052,166.3154,1215.5106,491.7229,6790.5977,549.3397,419.2576,38.8054,1700.803
2020-01-28,655.3618,1859.0792,668.5099,579.2926,510.8685,285.6001,1862.0273,163.586,1213.7529,469.5934,6646.4512,543.8301,423.4652,37.4461,1692.0057
2020-01-29,658.9688,1834.2629,678.5636,585.2834,509.3209,286.8237,1874.3165,167.7687,1230.923,468.6376,6659.0371,548.8172,420.8471,37.9453,1708.9818
2020-01-30,642.8936,1820.0038,670.8299,580.6425,514.7372,281.612,1859.7682,165.9255,1234.9788,468.2073,6668.6787,539.4129,413.367,37.6391,1716.6377
2020-01-31,628.5996,1769.9456,666.7485,580.7607,508.4022,288.6364,1838.2163,166.7053,1234.1675,474.5642,6567.0869,538.7481,406.074,36.8125,1707.7456
2020-02-03,616.9553,1789.9093,659.4017,564.8956,498.6336,270.1916,1968.972,147.1742,1159.6741,487.5647,6659.9868,530.7213,390.4126,36.5901,1776.2208
2020-02-04,635.1678,1794.3787,676.9737,582.4183,513.3831,277.5786,1947.8723,152.8811,1164.2708,496.0245,6838.8521,548.0098,397.9861,37.9202,1798.7131
2020-02-05,645.0087,1827.4102,674.1382,589.4511,521.4108,281.8839,1952.1191,153.4483,1180.7649,509.8375,6688.104,555.0867,398.5471,39.8627,1781.7845
2020-02-06,649.1499,1811.9161,662.7957,587.1543,523.8288,291.8087,1948.5947,151.3924,1187.5696,522.6946,6669.771,551.097,402.6613,40.0767,1765.902
2020-02-07,638.3961,1818.897,667.9084,588.2908,518.8478,290.5398,1951.8032,151.286,1170.8052,515.6686,6622.4185,540.6004,402.8015,39.5229,1767.7087
2020-02-10,639.2645,1840.5204,664.3855,587.391,516.4298,288.6818,1951.2159,149.2655,1158.4574,514.9516,6547.52,501.9386,392.9839,37.2405,1777.9803
2020-02-11,646.9012,1833.2415,664.6862,587.533,522.0395,293.984,1945.2067,150.7189,1159.8995,510.7456,6681.3115,497.8065,391.3476,37.2656,1786.1592
2020-02-12,654.7161,1848.012,671.1307,591.5111,531.2761,290.2226,2042.5282,151.0379,1169.2729,515.8119,6690.3833,504.4084,387.6543,37.5887,1800.9956
2020-02-13,656.4305,1866.0601,680.7546,587.9119,523.2485,296.7938,2063.3567,150.2226,1164.7214,516.1466,6654.0498,506.8782,391.7216,37.0265,1782.3076
2020-02-14,662.4197,1859.4624,675.7708,577.4692,527.891,289.4975,2037.7389,147.2451,1167.3353,540.0923,6567.3721,496.809,391.3476,36.4643,1785.1605
2020-02-17,658.2562,1875.6805,678.3486,576.4274,523.8288,284.7843,2035.5251,145.1892,1153.8607,539.9488,6560.6753,496.5716,384.614,36.6573,1789.2977
2020-02-18,653.4247,1886.3217,685.3947,574.5804,523.442,287.8207,2019.0787,144.5157,1159.4037,524.0807,6441.3213,496.9991,384.8494,36.1999,1772.4167
2020-02-19,669.6335,1869.8063,687.8005,581.187,526.9238,290.3586,2071.2637,146.5362,1154.9421,519.4445,6418.0498,500.0388,380.0464,36.351,1792.6263
2020-02-20,661.685,1836.1361,684.836,576.4037,529.0515,296.9751,2031.5936,147.0679,1154.2211,521.5475,6418.9995,498.5664,381.365,37.2195,1752.0642
2020-02-24,643.4279,1800.8491,683.848,573.0175,512.4644,292.7151,2001.6833,143.9131,1135.3837,506.5396,6146.1899,487.4998,374.6785,34.8615,1729.9048
2020-02-25,630.7148,1835.5825,686.0391,568.4475,513.5283,296.2047,2018.3558,143.0624,1119.4755,511.6537,6093.1382,483.4626,366.2498,35.3524,1736.705
2020-02-26,619.8496,1807.8718,672.5916,567.9502,506.5161,297.4736,2020.705,140.7938,1091.625,512.3229,5922.4424,477.8106,352.8768,34.9329,1737.228
2020-02-27,617.2892,1792.4634,668.381,568.0449,498.44,291.8087,2037.6479,140.0494,1090.9038,508.2124,5974.6387,468.7863,365.8731,34.6392,1753.5385
2020-02-28,591.6401,1702.7765,628.7259,557.7207,480.934,274.6328,1965.1769,140.0494,1070.3539,500.4217,5968.2749,434.1617,351.1816,32.0337,1709.9327
2020-03-02,586.074,1703.7554,636.7601,558.6442,489.4936,260.4933,1951.3516,138.4544,1046.334,495.4987,5970.2227,435.3491,347.9796,30.5484,1699.3289
2020-03-03,597.9633,1733.4664,641.8726,559.6862,497.8598,262.714,1957.8572,137.4264,1064.7209,497.8408,6066.0659,442.9009,370.6289,32.5204,1719.2854
2020-03-04,596.5607,1773.4788,651.9691,544.0814,491.6698,258.59,1966.1713,132.9247,1060.5298,493.9693,6064.4512,450.8803,381.8358,31.6477,1764.5463
2020-03-05,583.8475,1809.1066,648.4032,545.2653,487.9461,261.4904,2004.259,133.3146,1065.7572,503.6718,6046.9736,455.2974,381.3179,31.5302,1789.85
2020-03-06,565.9689,1801.785,634.9556,537.4748,470.3917,245.1756,1977.9631,128.8483,1044.5315,496.2635,6122.9653,447.4131,377.5508,29.4953,1792.7146
2020-03-09,496.1246,1679.1096,605.3108,524.4037,442.7301,229.7218,1917.0585,125.6227,993.2017,474.373,5890.3838,440.0037,370.4406,27.0451,1782.8798
2020-03-11,513.6692,1663.2322,589.4574,527.4821,450.3709,222.1535,1947.3298,124.5238,1006.7213,472.0311,5838.3296,428.9846,363.4716,25.1528,1797.871
2020-03-12,473.3478,1506.7161,542.3696,483.6752,411.6834,192.6962,1857.8253,110.4515,916.2294,444.4529,5360.3901,402.1494,334.1358,24.1207,1760.1538
2020-03-13,492.1837,1537.7471,551.9503,506.6443,432.5263,219.3437,1837.2677,115.0241,947.6852,470.167,5546.0474,407.3739,361.8235,27.4143,1716.564
2020-03-16,452.2854,1444.1864,501.0818,473.351,389.6798,202.4398,1754.7659,104.3902,873.1017,444.3095,5205.6533,372.1793,347.085,24.3011,1607.423
2020-03-17,448.8566,1411.4957,476.8504,461.7955,355.1997,195.0074,1810.9269,105.7371,862.3309,434.6548,5323.1548,354.7007,348.5918,23.7263,1653.4473
2020-03-18,431.2675,1408.431,459.1065,415.2892,343.3999,195.0528,1738.4102,106.836,815.2825,406.7898,5084.4473,329.0529,341.6228,23.5669,1545.1655
2020-03-19,408.6465,1403.2429,468.7733,424.1216,327.4413,184.5841,1661.1494,114.7406,759.8969,425.1434,4578.0581,298.4654,339.4097,22.8117,1528.9327
2020-03-20,453.2873,1541.3928,502.8432,418.107,334.3567,190.2037,1853.985,124.4175,779.3652,442.2543,4824.6982,306.4447,343.9771,24.985,1664.2852
2020-03-23,393.6624,1431.8419,452.3613,365.3967,274.6813,164.5984,1689.5234,109.3881,652.5956,389.3922,4008.8826,278.707,305.6006,22.7529,1430.8203
2020-03-24,420.0906,1460.5269,506.7959,363.5733,286.7711,166.0486,1832.4331,106.1271,646.9749,386.2376,4261.6489,255.5289,315.6303,22.8159,1456.0286
2020-03-25,481.9196,1500.9602,520.8878,405.7464,306.5017,172.1214,1886.9221,104.4611,699.8459,410.1833,4755.1187,263.9358,327.4022,24.0662,1521.246
2020-03-26,474.7727,1535.8188,552.509,426.75,319.4137,174.7046,1983.3849,110.8769,765.8779,449.9494,4633.5801,271.2026,318.5968,23.869,1543.9719
2020-03-27,474.5056,1564.5896,560.8438,428.3365,328.6987,177.605,1934.2728,115.6976,765.0095,429.1582,4413.2993,279.7519,318.5497,23.2648,1531.7496
2020-03-30,458.8534,1525.1428,538.5029,393.8593,303.1166,169.4023,1973.8521,112.8619,729.9144,412.0474,4111.5664,260.6585,313.323,21.318,1522.9648
2020-03-31,495.9465,1565.9617,551.22,408.1854,313.127,178.4207,2077.0017,121.7235,738.9168,421.4631,4073.4272,270.6802,331.7815,22.6229,1591.2855
2020-04-01,481.1182,1465.3287,517.9664,392.9121,300.9404,169.085,1969.6045,117.9662,707.7057,402.775,4033.5793,259.1861,323.541,22.3502,1530.8424
2020-04-03,479.7822,1418.5498,503.2729,385.4294,277.2443,159.0695,1946.5167,126.1189,707.98,405.2603,3810.4973,266.643,354.054,21.2929,1452.257
2020-04-07,537.0694,1522.3127,549.0718,424.382,315.3999,168.949,2209.2935,128.7066,732.6563,449.4715,4325.4819,304.9249,393.0427,23.1767,1550.5128
2020-04-08,530.8575,1462.499,542.7131,420.9723,308.4845,165.8674,2223.7065,126.6506,737.6372,441.2983,4462.6943,310.0544,411.2658,23.055,1536.3329
2020-04-09,543.2368,1514.5522,546.7089,438.0924,331.4552,170.1727,2143.6443,131.3296,742.8467,467.1559,5059.7495,362.3001,427.982,23.9025,1576.8192
2020-04-13,529.5217,1508.6349,547.6971,424.0268,319.8005,166.3206,2120.3306,128.742,790.9654,489.6199,5018.4287,344.6791,435.4219,23.7095,1604.9882
2020-04-15,512.0216,1487.9678,549.1147,408.8484,316.6089,165.2782,2247.8337,134.2362,804.4003,487.9949,4839.041,335.4648,423.0378,23.9277,1640.6521
2020-04-16,520.126,1471.5891,536.054,416.6389,330.7782,170.8524,2201.342,132.1094,833.1892,478.3879,4873.7134,338.837,436.6933,24.2424,1664.4283
2020-04-17,545.0402,1548.8969,540.2644,431.107,363.2273,175.1577,2155.1658,133.35,852.6104,480.2997,5229.1631,345.0116,430.4777,24.6158,1676.9849
2020-04-20,553.857,1559.573,561.3593,447.4695,349.4449,174.478,2111.385,128.104,836.7991,468.6853,5064.2134,338.0296,445.8284,24.0326,1652.3494
2020-04-21,550.9848,1490.1121,544.0881,436.4822,320.9612,167.4535,2094.0801,127.3241,795.4436,478.4357,4750.5117,315.4214,445.5929,22.3166,1648.1002
2020-04-22,607.2031,1517.4247,551.5207,439.7736,324.9267,171.0337,2156.2048,129.2028,779.2213,479.296,4921.2544,323.1634,446.723,22.518,1731.1735
2020-04-23,610.4538,1610.6829,583.7003,452.2527,341.3689,169.221,2094.1707,127.9976,768.254,474.1341,4897.9829,330.0978,449.6424,22.6816,1739.4333
2020-04-24,630.9821,1559.4875,565.3978,444.2491,323.8628,162.9216,2063.0857,127.6432,777.9418,472.4612,4792.8291,317.5588,457.2707,22.4508,1745.0669
2020-04-27,636.6594,1574.9662,571.069,440.2946,336.4846,163.964,2096.8364,127.5013,781.6432,472.27,4802.9932,313.7591,461.3673,22.7949,1767.7925
2020-04-28,635.947,1594.2179,567.718,441.0997,348.0424,167.0457,2069.2756,127.2178,783.3798,464.2404,4799.5259,319.1262,446.3463,22.9543,1742.059
2020-04-29,635.4126,1634.1791,581.3373,462.7426,358.2946,172.3027,2016.6837,129.1319,800.0132,474.1341,4814.4873,330.5727,449.8308,23.7179,1687.7272
2020-04-30,652.8013,1727.4803,614.8057,474.4403,367.6764,172.6652,1983.4753,129.061,820.3026,491.6273,5090.2876,348.2888,437.3996,25.0312,1679.3242
2020-05-04,639.0863,1655.4467,578.8883,437.1216,326.9577,162.1059,1881.9521,123.3896,777.4392,509.025,4641.4634,339.1695,438.3414,22.9585,1601.1208
2020-05-05,650.4191,1657.4191,578.8883,431.6516,319.994,154.447,1844.7678,123.2832,764.8726,504.7711,4587.8428,349.7137,429.7243,22.8788,1546.0726
2020-05-06,650.4636,1632.4215,572.1861,448.2035,330.1978,155.0815,1816.484,116.1939,765.238,521.9298,4600.5708,367.7621,427.9349,23.3068,1537.9563
2020-05-07,671.0361,1622.1737,571.3698,438.0687,325.7004,154.7642,1800.083,114.138,752.0316,504.7711,4511.3286,380.5861,425.8631,23.1473,1522.3441
2020-05-08,695.4606,1623.6746,579.318,439.9867,326.6193,151.0481,1888.097,112.1884,745.7255,506.683,4420.9458,367.3347,441.6846,22.8998,1507.1617
2020-05-11,702.14,1659.6053,586.7936,433.7117,309.6451,149.9604,1850.6412,112.3302,750.8892,512.5618,4690.3838,370.5645,436.8345,23.1767,1498.759
2020-05-12,658.7015,1671.7827,590.8752,426.9631,310.6606,151.2746,1817.704,117.0092,744.6745,535.1693,4703.2065,373.3667,436.8817,22.9879,1454.5964
2020-05-13,672.6771,1671.9114,596.4604,439.3238,326.9577,157.8006,1803.4265,117.2573,788.6348,531.4412,4783.7583,392.3651,426.0043,23.2061,1492.7433
2020-05-14,645.4813,1631.3494,565.5268,423.2454,316.6572,152.2263,1812.7339,116.123,796.6317,516.051,4857.8022,380.3961,429.3947,22.5348,1453.6893
2020-05-15,656.0225,1623.2458,560.5002,420.617,312.1114,150.8215,1836.2736,116.7256,790.0057,529.6728,4844.8359,362.2051,422.4727,22.9459,1482.8605
2020-05-18,647.6389,1668.4382,570.4677,396.2273,288.7055,140.7607,1812.011,116.7965,743.3492,514.3304,4484.3989,358.3105,415.0328,22.3711,1433.3506
2020-05-19,633.3219,1671.054,574.5062,393.3858,290.4464,138.4947,1785.1733,121.0501,727.8124,572.4021,4564.522,363.725,415.9746,22.8243,1436.0719
2020-05-20,644.47,1675.299,575.3225,405.9121,295.6209,139.0385,1798.9987,124.5947,763.136,567.8616,4646.8306,384.7657,429.2063,23.7641,1432.348
2020-05-21,647.8637,1707.542,577.5995,407.0724,294.4119,137.7243,1780.9711,133.9527,749.8839,568.3395,4797.0562,387.853,439.2832,23.806,1503.2471
2020-05-22,643.5034,1732.5399,594.9137,397.2691,281.4999,136.7273,1796.3333,132.1094,745.4971,567.049,4877.0371,404.9991,442.0613,23.0298,1544.879
2020-05-26,640.1321,1666.2089,584.7743,403.6862,283.0959,137.2258,1787.2063,135.9022,754.4992,534.5957,4983.2827,407.6589,432.4083,23.5333,1556.2897
2020-05-27,649.7966,1719.6337,606.1702,427.9576,308.3878,143.7517,1805.5499,136.2212,777.6218,538.276,4981.6206,410.8411,424.6387,24.1627,1546.3588
2020-05-28,661.7986,1718.7761,607.8457,447.6589,316.1253,143.3892,1816.2582,135.1578,827.5684,537.9414,5194.3491,418.3455,432.3612,24.7962,1569.4193
2020-05-29,658.27,1691.3778,601.8361,450.6899,321.0579,146.1989,1859.0906,139.9077,852.0162,528.2388,5329.6611,414.4983,446.6288,24.771,1607.1362
2020-06-01,683.4205,1753.8926,609.2828,467.739,328.1183,154.1298,1905.3564,142.1763,848.2691,534.4045,5503.3027,438.0089,438.2943,26.4493,1616.8284
2020-06-02,690.3204,1755.5223,616.7296,474.0614,336.9682,154.311,1904.3171,139.8368,864.0801,533.4964,5404.9883,439.6713,445.5458,26.8017,1632.1539
2020-06-03,692.9951,1759.8224,611.0247,484.1252,345.1409,158.5257,1916.1547,139.4469,878.566,527.3307,5342.1997,460.807,448.4182,26.6339,1639.0767
2020-06-04,710.1441,1798.8694,616.4247,474.3929,336.4362,157.7553,1916.2449,141.8927,850.5997,547.2138,5405.083,454.49,466.0291,26.8479,1560.0138
2020-06-05,710.9982,1761.6284,612.7667,489.382,345.4794,170.218,1886.4252,141.7863,873.0367,558.5892,5458.2773,459.9521,465.464,28.4422,1564.5972
2020-06-08,705.5141,1781.8398,627.8343,481.1179,347.9941,169.3116,1908.2029,140.1203,878.6116,559.3539,5447.4482,447.2706,460.5198,27.9933,1560.4912
2020-06-09,690.9722,1782.0975,625.0037,467.5732,337.1133,167.1816,1903.5038,140.7229,871.2545,542.7688,5378.5811,454.775,471.5854,27.8758,1567.939
2020-06-10,706.7053,1813.6624,623.4796,469.7281,341.4172,170.1274,1915.3417,141.1129,865.0853,542.0997,5391.2148,448.4105,470.0786,27.1877,1562.1144
2020-06-11,691.2195,1778.3134,613.1151,458.7171,330.0528,160.565,1903.8654,137.7099,850.3712,527.522,5154.2637,450.7853,446.0638,26.2773,1537.9084
2020-06-12,714.1897,1754.1029,602.7505,465.4185,332.9059,162.3778,1904.1816,137.4619,846.6697,535.4083,5283.0688,482.9877,452.1381,26.6507,1563.4512
2020-06-15,725.7647,1745.8463,598.8312,449.8374,320.2358,157.438,1883.443,132.712,822.4504,526.4227,5201.3784,482.7027,457.5061,25.6941,1545.1655
2020-06-16,727.1807,1759.5215,610.7199,469.0414,331.697,156.7129,1876.2595,131.1523,818.0179,520.8783,5226.5029,481.3728,455.2459,25.9248,1548.5076
2020-06-17,726.1243,1761.2413,612.8538,463.7609,330.7298,156.7583,1877.9763,128.4584,808.65,538.6105,5439.2793,472.681,457.3648,25.8619,1523.3947
2020-06-18,744.3522,1752.8988,621.7812,483.0359,340.45,162.831,1866.3196,132.2866,819.4802,536.173,5428.0703,481.2303,456.0464,26.6926,1525.6862
2020-06-19,790.8771,1758.4894,614.5086,489.382,351.8629,167.2269,1903.9852,130.4789,820.8968,547.2616,5601.8535,475.0083,459.6722,26.8982,1549.2714
2020-06-22,784.921,1744.1691,612.8973,487.2035,355.4898,170.1274,1911.3088,131.1523,829.3506,555.4348,5600.5713,473.7734,464.4752,27.3304,1577.5834
2020-06-23,773.5707,1750.4908,627.6601,493.6206,363.8076,174.4326,1961.4846,131.7549,884.3239,553.2839,5591.5474,490.5396,471.3029,27.859,1607.9003
2020-06-24,776.6948,1756.4249,621.9988,488.9794,336.678,167.3176,1938.1483,136.0085,873.3109,532.7795,5466.9692,489.5421,456.1877,27.3597,1668.3911
2020-06-25,772.2221,1733.9771,610.1101,487.2035,339.4828,167.9067,1977.1331,143.2751,861.9324,534.3567,5473.5698,481.8478,459.2484,27.1122,1612.77
2020-06-26,782.8981,1822.349,651.6552,500.3218,337.6452,167.3176,1959.8926,138.3835,879.3885,535.695,5466.5415,476.2907,451.9968,27.1751,1610.6216
2020-06-29,774.5822,1807.5559,637.3277,509.6042,331.8421,162.4684,1986.049,139.8368,855.9919,542.0997,5394.1587,482.0377,453.9275,26.9234,1615.5867
2020-06-30,766.0189,1790.7847,640.9859,504.7736,339.9181,161.7433,1983.3652,137.9936,862.4351,535.1693,5545.7622,485.125,445.4045,27.4143,1611.2898
2020-07-01,781.0776,1799.2991,637.4585,513.6533,352.1046,167.4989,1974.631,143.8422,844.7504,535.4561,5512.3257,473.9634,440.8841,27.1625,1611.8154
2020-07-02,794.5241,1855.2897,658.9713,515.9267,350.944,168.088,1957.6633,145.9336,860.2873,533.8309,5650.3936,503.1735,445.4516,28.1024,1610.335
2020-07-03,806.9587,1891.8418,664.2842,508.6096,349.1548,167.4082,1977.6337,147.1388,862.9835,555.817,5634.8618,503.9334,449.0774,27.6828,1619.1201
2020-07-06,835.7996,1946.4994,665.4164,522.3674,349.9768,170.4446,1966.6251,149.2232,869.3353,551.1808,5816.7671,541.9778,452.2323,28.438,1631.7241
2020-07-07,823.004,1952.2615,691.676,523.3856,363.7109,170.9431,1959.8469,145.0781,862.3894,542.1474,5914.7485,531.9561,451.3376,27.7164,1666.9589
2020-07-08,811.5172,1908.3987,674.7358,525.8482,356.8439,173.9341,1988.8696,146.6092,860.2416,536.5554,5741.5347,523.6443,454.3983,28.0436,1610.1444
2020-07-09,823.3651,1895.8845,680.8325,532.7626,358.1979,180.4601,1979.5898,145.9743,863.6232,543.5814,5701.5928,532.2411,453.8804,28.9079,1639.7454
2020-07-10,847.6474,1911.3657,680.9631,523.3618,348.5261,177.2878,2023.2144,145.1528,851.9248,549.3646,5657.2319,527.064,465.1343,28.4212,1626.6157
2020-07-13,873.3515,1909.3444,694.2017,511.5933,341.9975,174.6592,2060.9255,147.5427,848.2691,560.9312,5688.769,528.0139,470.5966,28.7065,1628.6686
2020-07-14,865.2273,1868.0182,682.1825,501.4585,334.2116,168.6318,2033.1764,146.3104,834.3315,563.3687,5482.5469,517.8973,463.4392,28.2492,1612.1974
2020-07-15,832.2791,1921.2999,723.7275,498.759,334.4535,166.5925,2069.9331,148.4016,833.6919,538.754,5510.6167,522.5994,466.2645,28.4716,1596.2031
2020-07-16,832.0084,1926.3425,793.4482,503.2108,333.3412,168.8131,2081.4873,144.7794,841.8716,537.9414,5580.9561,544.6367,470.5966,28.6688,1616.7803
2020-07-17,862.8352,1897.0344,786.6111,520.2125,342.1909,170.5805,2123.9746,144.9287,845.8928,541.7651,5622.894,561.7133,474.2694,29.4492,1640.3655
2020-07-20,866.5361,1903.1976,813.7415,536.5987,351.0891,172.8918,2120.6997,143.9205,840.4549,550.3683,5573.4995,566.6741,455.6226,29.5708,1672.5447
2020-07-21,889.8481,1917.9808,815.8754,539.2035,366.3706,176.2001,2108.918,143.5844,857.3171,542.7209,5823.6533,561.2363,449.4541,30.1373,1646.4293
2020-07-22,904.4942,1888.5865,799.4578,533.4257,368.5952,174.0248,2045.6864,146.7959,841.6431,544.0593,5702.5894,564.766,446.6759,29.3736,1619.2153
2020-07-23,928.7765,1871.5626,790.7916,535.3437,379.3793,179.6896,2011.8877,149.8954,837.6674,542.1953,5762.0054,575.5939,448.2769,29.5289,1651.2794
2020-07-24,968.6528,1859.6666,803.769,529.9921,369.2722,173.9795,2010.0228,149.0738,826.5632,534.7869,5700.0254,571.1578,457.3177,29.0422,1636.2273
2020-07-27,973.1888,1902.2494,826.0657,511.2381,346.7368,169.6288,2021.1219,146.6839,826.0147,534.8347,5740.4902,567.0557,447.806,29.6086,1699.3998
2020-07-28,982.8928,1990.9915,838.6075,514.6242,340.5468,171.7135,2040.2736,145.937,834.8799,539.7098,5967.9897,591.8119,454.4925,30.0827,1681.7192
2020-07-29,946.3113,1961.9425,831.0302,504.1816,339.5312,173.2997,2030.0385,146.9079,842.6027,541.2393,5875.2324,577.0249,464.2868,31.3624,1663.0828
2020-07-30,951.8177,1964.9161,837.3882,497.5751,333.6313,169.085,2006.0996,144.4059,830.0817,528.3345,5951.4614,570.8239,480.2496,30.7624,1666.141
2020-07-31,932.9741,1966.554,841.3511,489.1215,335.4206,173.5263,2019.1654,145.0034,834.8342,530.3897,5948.9448,578.5513,500.7329,30.7372,1639.5243
2020-08-03,906.751,1943.0646,833.4253,474.535,331.9872,174.2514,2014.2313,143.8458,837.0733,523.2203,5856.2827,569.6791,489.1492,31.3414,1629.9673
2020-08-04,970.6613,1939.2289,827.285,493.3128,339.4828,173.6622,2008.1101,144.63,844.7047,524.7975,6040.3242,574.8784,498.1431,31.2365,1638.0431
2020-08-05,959.7614,1947.6763,822.7995,486.6352,340.6435,173.5263,2005.1406,143.9951,853.4629,534.309,6199.2412,585.9924,498.0489,33.2127,1640.2888
2020-08-06,963.2141,1989.569,845.5753,492.8628,346.9786,173.0731,2028.8044,145.8997,850.144,532.726,6227.2637,581.6041,501.2508,34.4738,1651.0405
2020-08-07,968.7882,1978.5792,828.1996,494.3546,346.2048,172.8011,2019.7587,146.4225,844.1516,538.0024,6344.3374,572.8273,495.3177,34.7838,1726.2554
2020-08-10,956.7825,1967.7614,828.5915,497.5751,351.6211,175.6562,2016.2872,148.5137,885.0847,536.1317,6277.75,599.9685,512.1751,35.3132,1703.4136
2020-08-11,963.0787,1965.2607,826.0657,505.1524,355.2963,176.7892,2019.8502,151.6505,886.7901,528.6968,6316.0312,600.5886,509.5382,35.8512,1710.2949
2020-08-12,960.2803,1945.8226,831.727,503.7554,354.8128,184.2669,2005.6427,152.5094,875.589,525.4349,6393.0664,605.7402,501.1566,35.6834,1717.6538
2020-08-13,957.7756,1943.3236,828.4609,501.5532,355.9734,182.9979,2008.8859,150.4555,913.3412,513.587,6451.8667,602.4012,490.4676,35.5629,1722.7191
2020-08-14,954.0519,1932.7208,830.5512,489.9029,349.5416,178.1035,1986.272,146.6839,906.0581,507.1114,6314.3799,586.1833,500.4031,36.0277,1722.7191
2020-08-17,943.9192,1942.4177,833.9479,489.0978,348.381,175.0218,2006.5104,148.439,922.6526,500.2041,6487.0898,594.9124,497.5779,36.5916,1755.3567
2020-08-18,956.1957,1956.5112,842.7012,500.3455,357.4242,176.8345,2023.2317,148.2896,926.1099,504.9049,6606.6069,594.0061,495.3648,37.4051,1791.1003
2020-08-19,962.0632,1945.1771,835.5156,505.1287,362.1634,178.602,2004.2721,148.2149,930.3046,514.0667,6699.7666,595.1985,495.7422,37.1641,1802.1864
2020-08-20,946.4918,1941.9437,831.9012,501.5295,355.6832,176.5173,1997.0538,146.2357,917.9969,504.1854,6684.8154,583.8936,492.8172,37.2416,1791.8649
2020-08-21,939.6314,1938.2811,826.3705,514.1506,358.9716,179.8256,2011.9928,146.9826,916.5219,499.1009,6683.186,581.7472,502.2999,36.9187,1871.2844
2020-08-24,945.9052,1937.8497,825.1512,529.0213,367.8698,182.5901,2005.0028,146.9079,913.9404,505.4805,6788.1348,574.2583,503.3379,36.9747,1875.2507
2020-08-25,939.7442,1933.1519,817.0512,530.2762,373.6729,188.4815,1991.0234,145.937,903.8456,507.1594,6814.4448,581.3179,495.4592,36.5012,1911.9979
2020-08-26,964.6584,1942.5046,828.1125,529.6843,376.5745,190.2037,1994.4039,145.6009,893.2897,493.5846,6717.3545,585.1339,495.5063,36.5873,1884.0911
2020-08-27,952.6075,1938.108,824.8464,526.677,379.331,195.4606,1983.8511,145.0781,899.4203,490.3708,6802.9907,607.4574,502.2055,36.7466,1894.6995
2020-08-28,955.1125,1929.6174,814.5689,527.8137,396.2568,203.7993,1966.2168,146.049,905.1823,502.1708,6808.8369,602.3535,524.3791,36.5184,1871.3804
2020-08-31,939.1123,1945.7366,808.7772,528.453,381.6522,192.1523,1934.6033,142.7255,871.1637,492.2415,6555.666,578.9806,490.883,35.5542,1814.993
2020-09-01,942.0687,1936.3413,796.1917,533.8756,378.1219,197.6813,1975.0795,142.0533,880.6134,524.0439,6618.6348,579.6007,492.0153,36.9015,1891.6414
2020-09-02,960.5512,1952.5465,804.7707,537.1196,379.5244,196.0045,1956.8055,142.9122,880.9359,528.1691,6633.1074,613.1813,485.4575,37.7624,1857.8568
2020-09-03,953.2846,1982.1564,814.8302,535.5805,370.1911,193.1947,1954.5217,143.0989,886.0987,516.1293,6778.6465,614.994,493.9023,37.715,1890.3988
2020-09-04,937.5552,1972.9326,800.5465,530.0869,360.3257,187.2579,1941.2728,139.4393,868.905,501.8829,6891.2627,602.9259,483.5233,36.2688,1869.7076
2020-09-07,939.9926,2005.9044,805.6851,525.9193,361.1478,188.4362,1975.9476,141.2318,859.3631,494.496,6909.521,582.3673,484.2781,36.3721,1894.3171
2020-09-08,951.0278,2024.1356,818.0964,526.8428,363.3724,184.9467,1957.3539,140.5222,845.1196,477.8513,6923.7534,580.6024,473.5687,34.8741,1873.5303
2020-09-09,975.5132,2006.4211,808.0367,519.2891,355.5381,176.608,1948.2172,137.2734,838.4818,483.7513,6915.3677,585.6586,480.551,35.933,1891.4025
2020-09-10,1044.411,2009.4386,818.7496,516.4713,358.5364,179.599,1949.7244,138.0949,849.0377,477.1318,6931.0854,587.1373,479.2773,35.1238,1965.4702
2020-09-11,1047.0061,2046.4608,823.6705,510.8355,358.343,183.723,1972.8867,137.3854,845.765,471.6635,6894.6177,585.9924,477.0128,35.0808,1945.7823
2020-09-14,1039.2432,2147.5735,852.1511,501.0322,351.7661,179.9162,1940.2223,136.9373,831.6597,454.8269,6832.5586,586.9941,467.8131,34.8354,1941.2428
2020-09-15,1046.6,2147.5735,855.6785,506.9757,359.3585,181.4118,1941.0903,135.7797,838.8967,465.8115,6759.6689,585.2293,477.8148,34.8871,1928.1973
2020-09-16,1049.1727,2157.572,872.488,517.9393,362.4052,179.6443,1958.4961,134.9208,849.8214,462.166,6764.6055,610.0332,489.2318,34.8311,1922.9886
2020-09-17,1037.5282,2121.3254,880.5446,513.1797,356.8922,177.1518,1944.5168,133.3897,835.5317,459.5277,6791.3462,607.5052,483.0986,34.3232,1919.0223
2020-09-18,1040.6648,2111.8,872.8365,500.7244,357.4242,174.5686,1917.5626,133.7631,830.369,474.4456,6675.2793,624.057,493.808,34.0477,1938.5665
2020-09-21,1018.1653,2125.0747,879.5864,496.9357,339.1927,168.4052,1861.9189,131.2612,812.9908,448.7351,6351.5186,593.8152,475.22,32.1452,1885.1902
2020-09-22,997.9902,2174.7693,877.4962,490.3528,342.7713,168.7678,1851.8683,130.1035,789.6203,451.805,6172.8657,587.4711,480.1264,32.2097,1851.6926
2020-09-23,1006.8591,2126.9282,888.1653,495.9649,340.3049,166.5925,1875.396,128.8338,793.4001,416.1652,6231.0913,584.4183,474.5123,31.1035,1860.3417
2020-09-24,984.4725,2010.3864,849.5383,487.9849,324.6849,159.84,1883.0253,124.39,784.2732,402.2547,6035.9536,548.6435,458.3776,29.6056,1833.3906
2020-09-25,993.725,2088.0098,880.9365,494.4257,337.2099,165.1423,1899.6089,127.5268,819.813,421.7774,6227.6406,565.0522,462.0103,30.3115,1840.3196
2020-09-28,1000.2921,2091.457,880.0219,499.2562,351.0891,169.7195,1885.2181,129.4313,832.351,425.6148,6424.4082,586.9465,481.3059,31.0777,1859.4338
2020-09-29,1013.2908,2144.9868,878.8026,503.2108,345.3343,167.7254,1857.7161,126.5186,825.5289,417.892,6462.5063,584.9908,477.5789,31.8568,1873.1483
2020-09-30,1008.4614,2148.3484,878.1494,510.8119,343.1098,168.0427,1889.7407,128.2363,831.1986,403.8376,6463.1768,579.9346,472.2006,30.9701,1898.4269
2020-10-01,1004.3542,2175.2,886.3365,524.238,357.0857,172.4839,1914.1819,127.6015,832.3049,414.7742,6513.8296,582.0812,478.2865,31.4177,1950.083
2020-10-05,998.4641,2332.3848,913.3798,527.7426,360.8577,171.0791,1928.8472,126.4065,826.9118,407.1953,6535.4434,579.076,493.5721,32.9113,1938.1846
2020-10-06,997.6292,2339.7119,919.5201,541.8318,368.1116,173.6622,1933.2782,126.892,822.9014,409.4018,6605.936,598.5375,491.6378,32.4895,1997.4385
2020-10-07,1018.9102,2358.3735,928.9266,550.4274,370.0943,172.8465,1954.7046,126.5933,818.5684,405.2766,6754.0146,602.5443,482.8628,31.9472,2011.7744
2020-10-08,1010.6729,2435.7378,952.5732,564.4221,374.7852,173.5716,1974.3031,124.8381,812.2533,407.1953,6785.5947,604.9771,494.5155,32.1667,1996.1481
2020-10-09,1008.0552,2424.7471,963.9829,584.1943,388.3258,179.735,1954.9783,125.3609,837.5137,407.9148,6768.8696,604.0707,483.9479,31.8094,1959.7837
2020-10-12,1009.6799,2439.4441,986.0182,574.7698,390.7921,180.0975,1953.8362,128.6098,835.0246,398.1774,6840.0347,605.2155,484.8914,31.9472,1985.8268
2020-10-13,1029.3813,2436.4709,1008.4019,567.5713,383.248,177.3784,1953.6533,127.0787,826.4508,398.4173,6740.5962,599.0145,474.7482,31.7104,1973.2113
2020-10-14,1032.4504,2432.1855,990.2858,573.7516,393.4519,181.3212,1971.8816,125.3236,843.7367,396.4506,6711.3159,595.1508,473.8518,32.3303,1979.6144
2020-10-15,995.8915,2372.4541,965.2458,553.7426,378.1703,174.7952,1966.7651,123.2697,819.3981,382.9718,6606.1274,588.9022,462.6235,32.1882,1997.8683
2020-10-16,982.0352,2392.1047,982.0117,567.9975,383.103,177.605,1964.9376,123.7552,824.2843,385.3221,6608.332,578.7422,459.4155,33.9057,1969.9141
2020-10-19,982.2158,2347.3062,980.6182,569.9866,403.414,184.9013,1989.8357,125.6597,832.3972,381.5327,6567.1675,569.9654,456.349,34.0477,1978.4199
2020-10-20,973.0535,2371.0696,990.7214,579.6478,400.996,184.0403,1985.5416,125.0622,845.6727,388.536,6560.1226,574.5445,458.8965,33.7808,2024.6764
2020-10-21,958.9265,2316.0122,1000.1713,590.4219,406.5089,184.6747,1976.4501,125.2115,852.2645,401.9669,6576.6562,573.2089,462.5292,34.7838,2020.6626
2020-10-22,950.9601,2312.333,983.3618,584.0759,399.3518,184.2669,1991.2521,125.8837,863.1891,413.1433,6528.4463,576.5479,458.1417,35.2659,2006.9
2020-10-23,953.7134,2325.8811,988.1594,585.2598,403.2689,183.8137,1958.8163,127.5268,867.7526,416.7408,6808.0225,596.3911,457.151,36.4539,2026.3492
2020-10-26,915.8229,2327.0928,979.3123,573.4675,391.179,178.2848,1979.7396,125.8837,877.4327,416.4051,6761.5864,569.6791,447.7154,35.1582,1988.3115
2020-10-27,918.2602,2276.8406,960.2973,583.9811,396.4986,176.4267,1988.8304,124.8755,905.2745,415.7335,6860.8809,569.6791,443.894,35.3821,2100.4644
2020-10-28,907.8568,2269.9595,947.7089,572.8518,383.0546,172.6199,1990.348,123.6058,906.1042,433.4814,6887.3813,576.3572,437.242,34.6331,2067.0596
2020-10-29,914.8301,2279.0042,946.2123,562.2434,386.7783,171.0337,1951.4949,122.3735,861.5297,432.4742,6821.8721,564.7184,430.59,34.5556,2130.1365
2020-10-30,927.2871,2306.8804,933.6677,560.5149,379.7179,171.5322,1904.7788,123.4191,856.92,416.1172,6675.6621,566.6741,439.4594,35.3433,2116.7842
2020-11-02,847.3766,2254.7231,943.9675,575.5276,403.7524,177.6956,1905.4225,124.5394,856.7358,438.8058,6582.8853,568.6297,442.9033,34.6805,2079.7898
2020-11-03,835.1677,2279.8276,935.3844,591.0139,429.2862,185.5811,1890.433,127.0414,873.7451,436.1197,6626.0151,568.3912,458.1888,35.0291,2062.3689
2020-11-04,863.5121,2296.7512,963.0264,595.4893,422.7093,187.6205,1894.4331,126.8173,883.2367,434.6327,6665.0229,569.3453,476.1635,34.7708,2076.5352
2020-11-05,882.3784,2324.9282,971.8737,601.0777,424.1117,198.1798,1933.3325,130.5143,900.3874,438.7099,6798.0063,574.4014,483.5704,36.6303,2142.4365
2020-11-06,915.8455,2343.7576,979.5764,619.2872,428.2707,198.6783,1925.7917,129.9168,902.8777,431.6107,6620.5039,585.3723,480.4095,36.7164,2114.4392
2020-11-09,925.572,2360.3352,1000.5281,634.8681,447.5177,198.9502,1961.1047,129.0579,907.6705,452.6204,6586.5273,587.9958,481.3531,37.7323,2129.8977
2020-11-10,940.85,2293.6777,960.4735,660.0156,467.9737,210.008,1964.8292,133.203,971.4335,447.44,6511.0986,591.4303,463.1897,38.0422,2105.5374
2020-11-11,901.425,2326.7471,988.1594,658.2634,470.5851,212.274,1959.8169,138.3937,995.6324,459.144,6572.3423,604.0707,477.4845,40.8013,2088.2603
2020-11-12,893.6619,2312.2466,983.9778,649.6204,461.0583,205.5668,2015.8671,140.4102,1008.554,460.3432,6552.6943,603.5938,480.5039,40.7324,2078.7849
2020-11-13,901.064,2299.9543,989.6559,643.5112,469.6179,207.9687,2009.6599,139.738,988.1612,456.4099,6526.2417,600.8748,479.7491,41.886,2086.5854
2020-11-14,903.7269,2311.6416,997.7992,648.6733,470.9236,208.1499,2011.8207,140.8584,995.3975,461.9261,6567.4546,602.3058,484.9857,42.3724,2091.0364
2020-11-17,899.6423,2307.9185,989.2158,667.0247,470.44,217.7122,2002.5326,139.9247,1015.7905,464.8521,6691.2852,607.9344,489.1374,44.9981,2093.9553
2020-11-18,896.9116,2273.811,977.6397,667.1431,481.3209,228.4075,1960.6907,137.4601,1078.9894,458.9521,6761.1064,673.2831,484.0422,44.5246,2101.7087
2020-11-19,890.5703,2282.6843,965.4912,650.8754,463.041,217.3044,1959.4491,140.3355,1065.9268,449.5026,6673.8896,671.5182,478.7112,45.0756,2069.1169
2020-11-20,857.3288,2302.8984,971.3013,664.7515,464.4435,220.0235,1949.7933,143.1736,1064.0941,464.0367,6676.333,682.6799,474.8426,45.8762,2073.7595
2020-11-23,880.4376,2358.3005,1003.4331,660.4656,452.8856,216.3527,1958.2078,142.5388,1058.0326,457.8489,6697.3232,672.997,483.9007,46.7543,2092.6157
2020-11-24,886.463,2356.3962,1003.6092,681.114,462.5091,221.0205,1983.9108,146.049,1067.1014,454.9708,6860.8809,695.7975,490.7886,47.2019,2113.3384
2020-11-25,879.1287,2338.4333,982.1293,664.3491,457.1896,220.2501,1964.1393,144.7794,1048.7761,445.2334,6762.4497,686.83,477.6261,46.595,2062.0342
2020-11-26,881.295,2355.1414,979.9725,675.644,459.7043,222.4707,1981.0142,145.4889,1051.4542,449.3587,6703.5527,694.9866,482.8156,48.9323,2062.9915
2020-11-27,871.0045,2319.6914,968.3524,682.369,457.8182,221.3831,1966.3,144.63,1054.7905,444.418,6743.3755,688.7856,482.7684,49.7028,2120.4214
2020-12-01,882.3333,2360.5073,1001.6725,678.7934,469.1827,224.8273,1961.5647,145.1902,1048.729,459.9595,6806.5371,700.7583,508.9047,50.4302,2134.5396
2020-12-02,883.8001,2380.2019,1004.3572,666.3144,464.6853,223.8303,1967.3119,146.3478,1046.6616,465.1879,6906.9814,718.9318,513.9056,52.0271,2216.6653
2020-12-03,886.463,2345.4885,991.6367,652.2252,466.0393,232.3049,1956.6907,146.5345,1057.3749,460.3912,7417.4453,711.5384,517.3024,53.4519,2308.1226
2020-12-04,878.6547,2361.157,998.8555,656.2033,485.5765,238.8309,2008.6022,148.0282,1080.2579,473.6782,7478.833,716.0222,536.9282,53.6068,2334.3013
2020-12-07,883.8227,2369.9434,1006.6462,649.8809,493.7009,244.3598,2074.7676,151.7252,1099.2412,488.2602,7421.5664,717.6918,549.4303,52.9052,2366.6543
2020-12-08,899.8679,2421.5378,1015.3174,651.799,491.7182,246.4445,2078.3086,151.2024,1100.8389,483.1277,7440.0649,719.3135,536.598,52.8105,2334.4446
2020-12-09,914.8526,2433.2244,1034.5522,666.4327,494.7165,245.0396,2107.9194,153.4056,1109.8606,482.6001,7388.8354,720.2675,537.4,52.4576,2414.2729
2020-12-10,905.8483,2410.2837,1027.9939,656.3217,490.3157,244.3145,2161.4863,158.8577,1118.6475,484.6147,7414.4741,702.2848,533.2956,52.5221,2417.8623
2020-12-11,905.3066,2409.6787,1023.9886,654.8773,498.5368,246.943,2183.8333,161.5464,1122.3594,483.8952,7412.126,694.0803,536.0319,53.5207,2412.9805
2020-12-14,898.7622,2421.884,1025.177,649.8335,508.5472,248.5291,2180.1545,161.2477,1174.3755,482.6001,7376.9033,678.9595,543.7219,53.9555,2439.0154
2020-12-15,891.1119,2390.5901,1016.4177,658.9028,501.0515,245.3115,2133.5308,159.4926,1171.1802,483.7033,7442.5078,684.9219,539.3816,54.6959,2419.2026
2020-12-16,892.1048,2436.1675,1026.1893,668.0903,495.6353,244.1785,2155.5093,159.8286,1191.8549,495.2155,7472.3154,698.2778,544.0521,55.3889,2471.8469
2020-12-17,896.1895,2456.9431,1020.4672,682.8189,493.6525,242.6377,2129.1624,159.1191,1201.7694,494.1602,7374.2197,697.0377,539.0984,54.6915,2464.7639
2020-12-18,898.8749,2476.6809,1047.4052,668.3981,500.181,246.0366,2145.853,160.2021,1204.354,489.8911,7245.5493,699.8521,542.5425,54.3429,2490.0811
2020-12-21,875.4727,2441.3179,1036.4011,650.0703,478.2743,230.8548,2120.5637,151.5758,1160.4668,470.944,7069.5327,654.394,521.3597,51.2954,2445.2378
2020-12-22,874.1188,2486.6362,1074.431,650.2834,483.8839,233.3473,2125.208,151.9119,1186.6393,479.9619,7088.0303,663.0754,536.2206,51.7689,2489.4109
2020-12-23,877.3459,2518.0171,1103.0853,651.4911,487.0757,238.3777,2179.7869,155.1608,1188.6129,486.5814,7140.313,678.7687,542.165,53.4949,2529.3728
2020-12-24,900.0485,2518.5361,1088.12,661.6495,496.6991,241.8673,2209.1221,155.7956,1186.1693,496.2708,7136.5747,678.1963,557.1203,53.5724,2534.8289
2020-12-28,904.1783,2535.8923,1091.8613,669.1085,503.0342,249.4355,2196.8457,156.4678,1211.7311,500.396,7171.9893,678.244,553.8179,54.4634,2568.9519
2020-12-29,898.1979,2536.845,1100.6647,675.9045,511.4488,251.8828,2192.6152,157.9988,1207.455,499.1009,7142.6133,674.5233,557.2618,54.4247,2581.2998
2020-12-30,900.6577,2518.4924,1097.5834,678.4146,511.4004,250.9763,2213.1223,157.7001,1214.2214,495.1675,7296.4902,687.5455,551.0344,55.1349,2617.2888
2020-12-31,896.0541,2478.1956,1105.5063,680.2142,517.4937,249.209,2202.823,156.0943,1210.0396,488.9797,7331.665,687.45,558.9131,55.4104,2646.0999
2021-01-01,897.0471,2534.8967,1109.5996,674.8864,510.1914,253.2423,2195.6038,159.7166,1218.8733,494.2082,7371.6313,698.7548,562.593,55.363,2656.6768
2021-01-04,898.5591,2631.1594,1134.0726,670.6004,514.2536,254.7379,2231.4226,159.3805,1235.413,496.0789,7382.1743,714.6389,570.2828,59.6588,2635.7625
2021-01-05,887.3883,2677.5161,1138.9584,675.6677,519.6215,255.3723,2253.5391,157.9241,1227.6132,493.1049,7337.2725,706.0529,569.3865,58.587,2674.1926
2021-01-06,863.9861,2641.5903,1128.6586,672.7552,528.7614,258.3633,2222.9624,153.4056,1234.8491,503.9456,7311.5376,702.2369,571.1321,58.8668,2685.2002
2021-01-07,862.5869,2625.4028,1111.0963,670.7188,523.3452,260.7653,2178.4072,151.4638,1258.2963,523.0846,7251.5874,710.1552,567.924,62.2242,2672.6611
2021-01-08,872.7648,2701.668,1155.0682,678.012,524.264,259.2244,2198.9607,150.4929,1290.6713,518.2878,7681.7817,735.0545,585.7571,61.3935,2722.865
2021-01-11,856.3132,2749.7566,1211.4967,687.389,526.827,256.0521,2233.8137,151.2397,1268.6807,524.9073,7890.5776,752.7988,585.9458,59.8869,2727.2683
2021-01-12,883.3036,2748.3713,1207.5792,701.3835,530.0188,265.1159,2184.8901,154.1898,1268.4927,542.7512,7847.7358,743.9744,575.2366,59.8224,2604.0325
2021-01-13,875.0666,2734.6069,1221.1362,696.4819,538.2399,278.0771,2181.626,157.7748,1271.0299,554.7431,7801.5396,790.2431,568.3013,61.0491,2587.9038
2021-01-14,884.9059,2819.3872,1206.4789,695.5821,535.1448,278.485,2205.7197,159.9407,1293.6782,556.9495,7810.7397,791.7219,572.7833,60.8081,2549.8088
2021-01-15,874.4573,2804.3396,1183.9867,694.5876,525.1829,275.4033,2162.1301,162.7041,1272.5807,578.1511,7691.2227,781.9434,570.1885,60.7693,2479.9348
2021-01-18,895.4448,2794.2783,1155.0243,702.3781,515.6561,266.8833,2145.0715,164.1231,1255.571,563.0894,7505.1904,771.7834,548.6283,57.3947,2477.3506
2021-01-19,910.0909,2828.0605,1159.074,712.205,528.5197,270.6448,2173.1655,163.4509,1287.335,568.2219,7593.3188,770.877,562.8759,58.6344,2531.7656
2021-01-20,927.3774,2869.7783,1179.1449,706.593,532.9203,274.2249,2166.5442,162.5547,1299.3639,571.9154,7806.4268,786.5703,561.1304,59.4135,2581.73
2021-01-21,947.5525,2839.4658,1179.3651,698.4473,534.5645,267.2458,2177.304,159.6046,1288.6976,557.717,7741.061,771.0679,549.9965,57.3947,2600.0127
2021-01-22,925.0756,2864.8345,1180.3774,683.6477,516.2847,257.1398,2215.6519,157.364,1280.0515,553.4,7714.3213,761.671,542.731,55.6988,2485.4385
2021-01-25,876.0595,2854.5999,1166.5125,692.7879,520.3952,254.6472,2206.6853,155.1981,1279.2999,557.1414,7649.7705,757.9981,553.2988,56.1249,2406.2805
2021-01-27,855.2977,2828.3643,1145.2966,667.5695,505.2104,249.8434,2199.0525,157.3266,1277.9374,547.5959,7543.7671,734.5298,537.636,53.8909,2332.2437
2021-01-28,846.9705,2772.4221,1123.4647,649.502,510.9168,255.9161,2115.4602,154.3019,1264.3107,547.6918,7273.1045,729.8075,532.4936,53.6929,2337.125
2021-01-29,831.3538,2698.5266,1090.7609,658.5238,519.3798,255.6895,2081.8945,151.7999,1254.3021,531.0951,6907.125,715.1159,553.1102,51.7387,2304.2461
2021-02-01,855.4331,2722.8118,1109.9958,699.3709,583.9878,281.612,2067.825,161.285,1361.5764,555.6064,7092.2466,758.5705,556.8373,54.7604,2342.9636
2021-02-02,869.1992,2778.4067,1119.1071,739.0575,597.0933,301.9149,2051.1338,162.9655,1428.6284,574.9852,7336.5537,779.2722,575.0477,55.2382,2358.1353
2021-02-03,871.3881,2775.4575,1130.9034,745.8062,601.9291,304.498,2053.3406,161.8825,1436.4756,584.0991,7273.7749,794.8701,593.6829,56.2282,2348.563
2021-02-04,868.5221,2765.397,1126.2378,747.8424,607.6839,321.8553,2065.0659,171.7411,1437.6501,576.1845,7322.4639,826.6382,595.8531,56.4693,2298.9341
2021-02-05,868.2738,2738.9434,1119.8555,756.6038,593.9983,356.2976,2087.0906,175.0273,1425.1512,557.4772,7182.6758,825.6842,598.9197,58.9744,2274.9565
2021-02-08,880.7761,2787.6436,1147.5417,760.2269,608.9413,359.8778,2056.8354,174.0937,1458.325,573.0186,7259.7822,885.6906,598.8253,60.5154,2313.3391
2021-02-09,882.8974,2755.3799,1149.3021,763.3526,612.5682,357.8384,2038.0752,171.0316,1472.0924,574.6016,7310.0522,853.8271,593.5428,60.1926,2399.4849
2021-02-10,891.0893,2786.9497,1141.3353,749.0975,611.4076,355.5272,2055.7778,169.9486,1459.3116,566.2072,7304.9248,872.0961,596.8741,59.4221,2403.0742
2021-02-11,927.8288,2780.6179,1137.946,744.6458,609.9568,353.6238,2081.0667,169.1271,1438.308,573.7861,7348.6772,872.1438,612.6265,59.8052,2398.1921
2021-02-12,921.4648,2767.4353,1153.0433,749.1923,626.3506,356.3429,2061.3418,162.4053,1429.7091,562.4178,7253.9355,866.7537,596.9218,58.5827,2379.6233
2021-02-15,917.4026,2723.2449,1152.9115,765.6021,651.8361,368.851,2037.1102,163.2642,1445.0272,569.565,7280.9155,869.9019,597.2548,57.8639,2351.5305
2021-02-16,929.5438,2696.3149,1135.9655,770.3617,636.7479,364.6816,2019.5454,163.0028,1456.1165,569.8048,7377.1426,870.2358,600.7289,60.1926,2345.3091
2021-02-17,940.2633,2665.3525,1127.9543,751.347,635.7807,373.2016,1989.9342,162.6294,1455.0828,569.7089,7191.3496,872.8593,591.3062,59.986,2285.8684
2021-02-18,933.2449,2651.6919,1137.7699,736.0976,623.4975,376.3286,1974.2549,163.4509,1432.7632,565.104,7185.9341,853.3024,586.3567,60.0677,2364.9309
2021-02-19,938.9318,2664.2678,1136.7577,728.899,603.5734,362.1437,2005.7513,161.285,1417.9152,557.717,7018.6396,838.8016,578.0285,57.7391,2312.9561
2021-02-22,906.3447,2565.9141,1113.7812,733.1139,589.8392,353.0347,1993.337,158.4479,1364.7244,547.1162,6791.9209,798.5906,566.6069,58.9314,2284.8154
2021-02-23,913.2729,2584.7781,1114.7937,724.1868,596.0777,358.5635,2004.05,159.5575,1396.7704,542.5594,6680.79,802.2635,574.9351,62.7838,2270.6016
2021-02-24,930.2209,2556.937,1121.7922,760.7952,620.0639,368.2165,2003.6823,159.8253,1434.6429,549.6585,6663.9692,810.5156,572.4604,62.6461,2260.2166
2021-02-25,967.8405,2597.8745,1122.0123,760.7715,607.3937,369.1229,1989.3823,160.0549,1415.7068,555.6064,6642.3091,819.4832,580.17,63.9546,2272.085
2021-02-26,941.4142,2510.2756,1103.3054,726.6732,578.1364,353.6238,1960.6447,155.999,1355.6088,533.6854,6580.7769,769.303,565.9406,61.5656,2179.6702
2021-03-01,948.5906,2536.2083,1115.3657,738.2761,588.3885,357.9744,1971.0823,158.3331,1384.1305,510.565,6723.4399,781.7526,575.3159,62.8785,2261.1252
2021-03-02,950.5313,2607.4587,1148.3778,742.6804,590.468,357.2946,2002.8547,160.6289,1396.1594,519.1992,6914.2651,820.4849,584.5959,63.3175,2288.022
2021-03-03,993.9056,2653.2092,1182.7543,751.5128,611.3593,367.1288,2017.1545,160.6671,1406.7321,524.0919,6828.5815,812.8529,594.2566,66.9031,2299.2214
2021-03-04,982.0577,2645.0566,1171.134,735.032,600.3817,358.6089,2020.281,160.4758,1374.498,517.6642,6835.1943,806.3657,589.1171,65.2502,2313.5786
2021-03-05,983.3441,2608.9331,1159.1178,724.5894,589.4525,347.7323,2024.1438,159.5958,1375.3907,511.1406,6947.7148,801.7388,581.7405,63.1282,2284.8638
2021-03-08,988.9409,2607.9788,1175.8878,719.6167,588.0983,353.1253,1999.728,159.1749,1423.9294,504.3293,6957.7783,811.8512,585.167,63.4682,2280.6519
2021-03-09,988.9182,2646.1409,1184.515,739.981,604.589,351.3125,2021.7527,159.0218,1417.4453,500.5398,6998.0801,812.8052,583.073,60.8425,2318.9387
2021-03-10,984.811,2663.4873,1204.4104,736.7842,605.0726,351.4031,2048.7429,158.027,1432.3875,504.4732,6969.855,824.0623,595.8272,62.3706,2327.7927
2021-03-12,964.7939,2652.2114,1210.3082,734.9846,592.741,345.4211,2027.5002,157.0321,1422.8019,502.8903,6801.2656,816.4304,584.0247,61.9789,2298.5032
2021-03-15,951.8402,2659.3228,1209.208,723.95,583.6977,347.9589,2033.1094,157.2234,1394.374,501.5952,6794.6528,805.5549,576.3152,63.395,2254.1384
2021-03-16,948.0941,2697.3994,1218.3632,716.1359,575.4283,343.1098,2063.6406,159.0601,1373.7465,507.7829,6853.1172,804.0761,573.2694,62.3318,2362.8728
2021-03-17,927.6708,2699.9138,1221.0042,708.1795,570.157,333.6834,2047.3176,161.1646,1351.051,501.6431,6771.0273,798.4476,556.5654,60.6402,2319.1782
2021-03-18,906.7961,2633.6077,1177.0763,706.1194,559.6147,332.7318,2037.1102,166.5597,1342.0762,505.7683,6818.0854,806.7473,546.8571,60.6789,2301.5664
2021-03-19,939.6991,2645.4902,1183.5464,709.1977,567.4006,336.4026,2126.1738,170.6155,1326.2411,508.4065,6817.8945,811.1834,550.4262,63.1023,2307.9788
2021-03-22,930.8528,2714.3987,1206.7429,695.7716,554.6337,332.6411,2164.0154,172.9496,1315.7159,506.5358,6806.1064,813.8069,562.514,64.0062,2321.8098
2021-03-23,942.1815,2725.6299,1207.4033,710.4528,567.1588,337.8075,2149.3938,170.0416,1319.7567,507.735,6887.5728,805.7933,559.5159,63.8039,2307.0698
2021-03-24,924.0375,2706.9829,1191.7336,700.3417,548.8789,326.1605,2132.1973,165.2587,1286.6772,502.3626,6772.5122,774.0729,557.0889,60.5025,2338.8955
2021-03-25,898.8298,2658.1965,1174.1711,693.0247,552.796,321.9459,2057.2039,161.9298,1288.5098,487.109,6504.7729,755.2793,547.9992,62.2544,2299.3169
2021-03-26,900.2742,2659.8872,1176.2839,706.2615,559.5664,323.7586,2131.5532,161.3941,1314.0713,501.2594,6502.4727,762.5773,558.8973,66.0164,2397.8574
2021-03-30,915.9131,2739.4641,1219.5078,735.8134,572.0431,327.0215,2205.9033,164.1873,1337.8003,500.3,6567.0225,758.4274,568.8912,68.8702,2467.6353
2021-03-31,904.088,2756.2031,1204.3221,707.3745,562.9999,330.1938,2236.0203,167.2101,1333.4303,496.2708,6574.1162,758.6659,568.9864,69.8903,2428.7261
2021-04-01,912.5507,2745.0586,1219.4197,704.1067,574.8964,335.9494,2206.2253,168.3963,1357.5823,499.6285,6636.127,770.4478,581.3121,74.298,2442.4614
2021-04-05,899.3488,2809.1528,1241.1637,686.5128,552.5059,320.4503,2182.4075,162.6568,1319.24,506.7756,6487.2334,738.8227,579.4562,74.7027,2403.1218
2021-04-06,895.6028,2831.5303,1242.176,682.0848,547.3315,317.7312,2214.6858,162.7333,1316.6085,510.565,6470.7002,745.1668,590.5446,74.2808,2499.748
2021-04-07,903.9752,2837.3406,1259.0342,685.3763,558.696,324.9822,2211.8809,163.6134,1319.5688,519.5829,6579.6748,759.6676,591.1157,75.3139,2516.0203
2021-04-08,905.1036,2877.1943,1267.5291,678.5566,557.7771,322.3084,2216.157,163.1925,1333.6654,520.926,6543.1104,758.5705,584.6436,79.063,2537.1257
2021-04-09,894.5873,2881.4436,1268.5857,673.3235,547.6216,319.9518,2276.9431,163.0777,1319.522,523.0846,6543.3496,754.7545,606.0591,77.4359,2518.1262
2021-04-12,862.5869,2815.7876,1255.1167,647.4183,520.8789,298.0628,2264.0688,157.1087,1264.1228,501.2115,6249.5889,716.9285,589.4976,73.308,2490.7507
2021-04-13,871.9072,2692.1958,1229.9396,663.1887,542.2054,309.0753,2257.0793,159.7105,1290.9529,514.3545,6532.519,773.9299,597.112,75.6711,2460.5999
2021-04-15,877.549,2791.8496,1197.8958,677.2778,556.3262,310.6161,2262.8269,158.18,1291.8457,517.4244,6368.0996,768.0627,602.7276,77.324,2476.8721
2021-04-16,872.0425,2771.2078,1191.7336,676.5913,548.347,308.0783,2261.2173,159.1366,1277.2795,518.7675,6371.79,783.8514,614.9108,76.6396,2549.6172
2021-04-19,858.3217,2742.2825,1199.4805,668.8954,541.3832,300.1474,2240.7563,157.3382,1231.5129,505.0488,6241.1064,758.3797,609.771,76.4502,2461.7485
2021-04-20,858.0735,2727.3213,1189.6208,658.9501,540.7546,298.6519,2204.7075,155.7694,1251.2949,508.6464,6370.3994,773.8345,614.0542,76.9624,2444.28
2021-04-22,860.4431,2704.9883,1189.4006,673.6786,560.195,305.1325,2160.5215,157.5678,1256.2759,509.2699,6373.7065,762.9112,609.1048,79.3213,2403.696
2021-04-23,859.5178,2696.9224,1174.1711,669.7242,551.2486,304.9513,2122.2192,157.1469,1243.2131,501.3553,6398.6255,742.1141,607.2012,79.6828,2410.1091
2021-04-26,874.6378,2689.3762,1182.7543,665.2961,571.7046,312.0663,2170.8662,157.1087,1255.4299,506.1041,6362.9712,744.5944,604.1077,80.987,2448.3481
2021-04-27,897.5662,2716.4363,1187.1118,681.3508,579.1035,319.9971,2188.5229,157.1852,1297.4845,512.5797,6295.7378,742.5911,608.4385,84.1723,2464.0942
2021-04-28,901.4702,2709.5852,1193.7144,699.3945,600.9619,329.3782,2213.0764,157.2617,1293.0206,522.1732,6300.5776,746.1208,612.3885,83.6256,2502.572
2021-04-29,913.5437,2701.9092,1194.0223,697.358,601.0587,325.7526,2214.0422,156.3434,1276.8097,518.8634,6292.7666,738.9659,613.4355,88.7866,2501.5193
2021-04-30,900.2064,2632.8706,1192.2618,668.8481,580.7961,320.405,2164.5215,155.0424,1259.7059,514.9301,6187.3379,717.9302,622.9058,89.0147,2427.769
2021-05-03,884.2062,2634.0413,1190.2371,669.8663,577.1692,317.7765,2214.4099,153.7798,1261.6326,536.1317,6323.6289,718.3118,627.4269,91.6619,2471.5598
2021-05-04,865.0467,2645.1001,1170.2979,657.5056,572.1398,318.5922,2214.0876,152.7466,1257.0275,529.9919,6237.7524,707.0547,614.0542,91.5844,2476.3457
2021-05-05,866.6265,2684.9524,1180.9497,664.2543,583.0206,322.1271,2202.1328,154.1241,1258.0144,537.187,6316.2002,713.1603,650.4605,92.1268,2457.6807
2021-05-06,871.5461,2698.6138,1198.644,663.4492,588.2435,322.2631,2197.8572,155.1572,1259.189,536.0358,6389.5688,713.0171,646.6533,94.774,2439.8774
2021-05-07,871.8845,2717.217,1190.6775,670.0084,587.1796,324.7103,2217.3525,157.1469,1261.8202,545.3895,6424.4556,732.0971,646.7008,101.7859,2442.366
2021-05-10,869.3796,2728.146,1179.233,672.4236,593.1277,327.8373,2237.3076,157.3,1310.97,549.2748,6482.8726,744.5468,664.5471,104.7128,2447.4392
2021-05-11,872.5165,2708.2834,1171.3983,664.7042,589.8392,330.5111,2208.9846,156.1138,1300.2567,545.2935,6456.6592,740.3015,673.9698,106.2237,2446.7688
2021-05-12,863.4896,2677.928,1168.1851,662.7862,575.2348,333.2756,2141.7146,155.5399,1301.8542,538.9138,6534.1968,724.7513,668.973,101.5104,2446.7212
2021-05-14,874.3896,2646.6172,1158.8536,656.7953,577.701,326.7043,2185.7642,162.4272,1330.2351,537.6187,6456.4194,707.3886,658.1225,97.4599,2655.6714
2021-05-17,884.7932,2662.4468,1170.2979,682.0848,603.1381,347.2338,2185.2122,162.6951,1303.2172,527.3057,6438.6406,718.8843,654.0298,99.0741,2663.5684
2021-05-18,897.2501,2678.9685,1179.6292,699.347,612.4232,346.4634,2183.3728,160.7437,1331.9266,514.5464,6528.0151,761.0032,657.5037,101.5835,2700.946
2021-05-19,901.3575,2673.0703,1176.9883,690.5858,604.9276,348.4121,2170.0386,158.9835,1318.9109,506.7277,6494.2778,748.6967,669.4966,100.2277,2695.251
2021-05-20,896.0992,2653.9895,1179.0132,678.5566,598.3022,348.5481,2155.6931,158.4096,1324.8317,499.4846,6457.8096,766.2978,653.7442,95.1313,2674.4324
2021-05-21,903.8398,2671.7695,1192.3938,709.103,621.3697,363.6393,2172.3381,159.9784,1332.6315,509.3659,6531.4175,781.2756,657.1231,95.8243,2711.1873
2021-05-24,896.212,2672.6372,1186.7158,715.0939,626.1088,373.4735,2148.7039,161.8533,1356.3135,505.3845,6586.001,772.7374,657.6466,94.0078,2698.457
2021-05-25,886.0568,2714.0359,1198.644,700.4127,628.962,373.7454,2155.6013,161.3941,1363.5496,504.713,6624.5293,773.9299,662.5483,95.1442,2789.5796
2021-05-26,889.1711,2752.821,1230.0276,699.5129,631.0899,374.833,2164.7512,161.1646,1384.1777,504.3773,6741.938,783.4221,669.8773,93.1599,2815.6147
2021-05-27,891.9017,2771.5593,1234.4292,702.165,630.8481,385.3924,2139.3701,161.5855,1393.5282,498.6692,6679.2563,790.4817,665.7845,94.4081,2823.0332
2021-05-28,945.4763,2739.834,1236.894,712.0156,621.95,382.5373,2135.0476,162.9247,1389.0645,502.3147,6680.3105,806.9381,637.4684,94.9978,2814.7532
2021-05-31,975.0394,2753.3867,1240.1864,717.8881,641.0037,384.6219,2151.9229,165.7561,1379.2909,513.1553,6791.7769,770.7816,636.0883,96.9047,2849.9773
2021-06-01,978.921,2748.0271,1234.358,715.9226,628.7686,392.0543,2168.7056,164.723,1385.8221,511.2365,6796.4253,769.2075,638.7057,94.774,2805.4685
2021-06-02,993.5219,2727.5017,1226.7501,712.2761,627.076,396.3142,2169.1655,159.9401,1382.439,507.9748,6886.0874,769.1122,644.7973,96.7669,2779.3381
2021-06-03,997.3132,2737.7866,1236.5383,720.114,628.9138,402.1686,2173.2576,159.9784,1419.8416,510.4212,6909.8564,765.153,642.9413,96.5905,2809.6326
2021-06-04,988.67,2739.9651,1232.9789,710.8316,621.6115,396.6344,2153.7617,159.7488,1444.9333,511.0447,6914.8408,767.5857,641.466,96.4785,2799.6299
2021-06-07,1005.3246,2774.3479,1236.5383,710.3107,626.931,395.3995,2151.2329,161.815,1463.9635,514.6423,6973.2573,766.8702,642.7985,97.1672,2807.4792
2021-06-08,999.5474,2789.1206,1257.2709,702.3544,621.3213,390.7801,2169.3491,163.4986,1455.8347,524.5715,7031.8179,770.6863,646.0347,95.6521,2800.9226
2021-06-09,981.6741,2789.208,1259.3619,701.0521,615.2279,385.5202,2166.5906,162.6186,1427.7826,518.048,6938.1304,767.4426,640.4189,94.7826,2817.4812
2021-06-10,985.2849,2803.6326,1267.3705,701.4072,619.387,395.3995,2187.5574,164.8008,1428.1586,522.9886,6900.6553,769.8276,643.4648,95.9405,2838.2107
2021-06-11,1002.3752,2853.311,1287.4803,703.9172,614.8412,392.9754,2176.2463,163.6984,1412.8873,518.8634,6923.562,771.7834,648.4618,99.7197,2843.6453
2021-06-14,1016.7555,2855.5339,1300.7386,700.6495,614.3092,393.6615,2190.2329,163.226,1424.4465,517.4244,6879.522,770.3047,644.4641,100.275,2837.5371
2021-06-15,1019.0653,2843.6809,1311.5054,705.7642,624.1261,392.8839,2215.5662,163.0291,1419.7947,520.4463,6868.4043,771.4017,640.7521,101.0928,2926.3215
2021-06-16,1001.6732,2853.7917,1317.4672,703.0885,619.0967,389.6366,2230.3398,163.659,1401.0934,514.9301,6818.5654,769.0645,636.3263,98.3251,2903.7166
2021-06-17,1003.5075,2891.6165,1330.5476,694.327,612.2298,384.4225,2239.4167,161.9268,1397.9451,507.1594,6679.688,768.6351,632.995,97.1457,2943.7322
2021-06-18,1008.0367,2873.793,1337.6661,700.8153,609.715,377.6991,2299.8091,161.0607,1387.0907,516.8488,6670.103,745.5962,636.2787,96.138,2931.1311
2021-06-21,1013.2906,2852.7009,1334.9968,705.0302,610.5371,383.9651,2328.9402,160.9819,1378.6799,517.6642,6613.124,741.1123,638.9913,97.357,2951.6675
2021-06-22,1008.0821,2877.1926,1345.274,702.7097,610.1503,382.9589,2306.6172,161.4937,1408.8934,514.5944,6963.4326,739.5382,634.6606,97.8983,2896.1174
2021-06-23,998.8426,2842.5037,1337.5326,703.5147,604.2021,383.1419,2297.5864,160.5882,1390.1451,512.3399,7123.7798,745.9778,633.1852,96.8245,2873.5608
2021-06-24,975.3587,2940.2932,1387.407,713.3417,613.2452,381.6326,2306.5244,160.0371,1413.4513,507.2554,7214.5918,755.3746,632.757,97.9731,2927.3313
2021-06-25,953.1431,2946.5691,1400.7543,717.533,627.7047,392.2436,2268.085,161.4544,1432.0586,513.3472,7331.0903,757.7119,639.848,102.5586,2889.4802
2021-06-28,944.7867,2908.176,1398.6189,714.3362,628.962,390.3683,2278.783,160.3126,1423.2247,509.6057,7280.5322,756.9963,643.7027,104.2089,2869.3284
2021-06-29,945.6021,2911.7493,1390.8329,714.4313,619.0967,385.5659,2308.7478,160.0764,1419.8885,503.6098,7176.3022,745.6438,644.9399,103.2011,2887.1719
2021-06-30,955.9512,2916.0203,1406.6272,712.4575,610.1987,383.462,2289.0645,159.604,1410.1621,504.2813,7203.522,741.9233,642.8936,102.6774,2878.7068
2021-07-01,950.1992,2912.3164,1388.4747,707.1541,610.1503,384.5597,2295.2703,159.8402,1402.4091,501.4033,7269.1743,743.5928,651.1744,102.409,2906.5061
2021-07-02,964.2849,2898.3271,1395.0596,704.1338,619.2418,388.2187,2303.8848,159.3678,1396.1594,503.6577,7259.0635,746.5978,648.4141,99.9842,2890.5383
2021-07-05,973.8641,2894.449,1404.9808,711.2921,626.5924,395.7654,2314.7683,160.352,1417.1162,502.6504,7283.6001,755.327,647.4147,101.8193,2899.9651
2021-07-06,962.36,2843.2888,1390.0765,729.9608,628.962,393.1126,2290.1763,159.4465,1414.814,504.713,7202.6118,745.9301,640.7997,102.7346,2888.1331
2021-07-07,955.6794,2854.3137,1392.2122,732.244,632.5406,395.9483,2298.6516,160.4308,1425.1042,508.0708,7139.7852,743.0681,647.3196,107.2586,2924.3018
2021-07-08,947.7759,2839.9768,1388.7863,723.183,620.8378,388.2645,2267.0662,159.0528,1410.303,503.9456,7093.5889,740.54,634.7557,104.715,2912.9509
2021-07-09,938.0836,2796.0933,1390.6993,714.4075,617.5976,387.6241,2270.6782,158.541,1409.2692,514.4504,7117.0708,736.0562,635.7076,109.0805,2895.9255
2021-07-12,943.9263,2782.9768,1377.3075,707.273,625.0449,391.0087,2263.9167,158.3442,1410.3501,508.1187,7159.6255,737.2963,636.3263,107.9891,2885.1519
2021-07-13,950.9918,2778.1399,1374.7271,714.3362,643.1313,392.518,2257.0161,158.9347,1422.4261,508.5025,7121.5273,745.2145,650.0797,108.1475,2879.813
2021-07-14,944.7867,2801.6716,1403.1569,713.052,642.551,394.3018,2236.7776,160.7063,1451.6525,508.5025,7022.2334,749.9845,652.8876,109.5513,2887.6045
2021-07-15,943.1336,2797.6536,1406.6272,723.302,645.5493,394.8964,2234.4617,162.3992,1512.4083,504.0894,7003.3047,752.3964,650.0797,110.5415,2869.9536
2021-07-16,956.7437,2790.5349,1384.0702,724.0867,638.634,393.3413,2239.1389,163.6984,1521.2422,519.1512,6999.9976,752.2999,655.4099,112.5218,2875.4365
2021-07-19,950.652,2781.6262,1371.8352,699.6628,634.3783,391.4203,2231.0347,163.5803,1512.6431,516.561,6867.7334,748.4409,656.0286,111.4613,2868.3667
2021-07-20,948.3195,2800.1431,1379.2651,686.4163,620.8378,385.0171,2255.3491,162.8323,1494.5527,504.3773,6932.0923,733.3911,643.8455,108.5524,3038.7205
2021-07-22,960.503,2809.3579,1414.9915,689.056,634.4267,386.0691,2202.7837,162.9898,1543.2327,524.4756,6996.1636,731.7028,654.1725,112.0422,2988.4131
2021-07-23,953.7093,2806.301,1415.2139,686.2261,654.4474,392.3351,2184.2122,167.2417,1514.6637,526.0105,6990.7007,737.2501,660.5496,112.7815,2966.2883
2021-07-26,940.6426,2792.9365,1427.1823,682.3257,654.5442,387.2125,2175.5051,166.2574,1501.3661,521.9334,6935.063,727.6992,669.4966,114.2381,2944.5974
2021-07-27,930.7463,2780.1846,1425.9811,684.7991,655.2213,393.2956,2169.6697,164.289,1511.3746,518.5756,6939.3291,719.2577,655.1243,117.1162,2913.2876
2021-07-28,922.7523,2793.1555,1428.6946,674.1211,662.5718,389.2249,2187.2686,164.6433,1515.1285,544.8138,6867.2539,703.002,654.6484,120.1395,2889.6726
2021-07-29,929.9537,2791.4089,1438.8386,674.5728,666.8884,403.9066,2162.5837,162.2418,1516.8392,544.0942,6702.834,705.655,669.1158,128.3776,2883.2756
2021-07-30,921.8238,2766.6455,1433.0548,678.4731,662.0384,394.9879,2161.241,161.3756,1522.019,538.8179,6687.6914,716.8941,736.6461,126.2388,2845.7615
2021-08-02,938.6724,2812.0225,1451.7858,676.6657,660.9713,397.8235,2160.7776,163.226,1533.8992,542.1756,6782.8159,730.9793,737.6454,124.1045,2860.7673
2021-08-03,945.5793,2869.2336,1472.8297,682.3971,669.7015,408.4346,2210.842,165.2732,1553.2871,556.6138,6900.1763,743.6655,756.4911,123.8537,2911.7002
2021-08-04,952.826,2859.6699,1467.5352,696.9517,693.2245,417.9938,2201.811,164.2496,1542.6901,551.0496,6807.687,739.2277,747.8773,124.6458,2903.6206
2021-08-05,966.6401,2868.4041,1471.3617,706.2504,681.3903,404.1811,2183.8413,169.4857,1546.6818,574.3618,6778.4131,732.571,748.2581,127.3214,2874.5706
2021-08-06,946.1682,2890.9827,1468.3806,709.9603,676.7342,398.5096,2196.6238,168.6984,1530.4775,583.1877,6849.0659,731.5099,747.3538,125.7592,2853.4568
2021-08-09,940.7784,2902.2505,1480.0374,715.3113,681.7782,396.4514,2208.6653,168.344,1518.2174,574.8893,6830.6914,747.6209,750.7803,124.2937,2878.5627
2021-08-10,945.7152,2912.0337,1492.4504,717.0949,679.8867,390.094,2206.1641,165.2338,1509.6638,596.9064,6753.7212,758.5707,755.111,120.8964,2863.7493
2021-08-11,958.9631,2921.0298,1492.7172,711.0543,672.757,391.5576,2214.1768,164.289,1504.7693,595.6113,6772.5776,751.2388,741.976,125.5259,2859.3726
2021-08-12,955.8834,2927.6248,1503.4398,714.1221,680.3232,390.7343,2215.8899,164.4858,1542.9277,597.8178,6763.4141,748.8268,741.1194,126.3313,2862.1621
2021-08-13,971.8033,3025.1465,1523.5496,725.918,683.6697,394.439,2227.1904,166.4936,1585.6483,611.1526,6753.9619,751.1904,740.7864,128.646,2874.8591
2021-08-16,984.4171,3033.4878,1516.6089,728.0107,681.5842,388.6304,2247.4756,166.0606,1573.9584,608.2747,6584.8286,771.1122,743.1659,133.7289,2858.218
2021-08-17,980.2276,3103.4521,1549.7548,720.4243,680.1777,385.5659,2300.6431,164.722,1557.469,600.8877,6641.3027,762.7673,746.3544,132.347,2900.4463
2021-08-18,984.0321,3110.0034,1542.4581,719.6395,667.6644,383.9194,2302.7266,164.5252,1551.8616,597.6259,6597.6084,763.4426,745.1647,132.061,2887.2202
2021-08-20,972.981,3109.0864,1542.0133,720.4719,660.2923,372.0277,2426.2437,164.4858,1514.5582,588.752,6608.0259,757.9436,724.4631,121.0724,2994.3762
2021-08-23,979.3671,3177.1292,1547.1743,725.1569,662.2324,374.589,2439.906,162.4386,1502.3458,597.338,6583.9116,738.8901,724.6539,119.5806,2960.2285
2021-08-24,989.0369,3155.9915,1531.2463,741.4475,673.6301,381.9984,2438.8411,162.0055,1526.1532,594.8918,6562.0161,750.7081,736.1056,123.6292,2929.9285
2021-08-25,997.597,3195.9958,1544.3268,740.7578,670.332,380.7635,2449.9561,162.5173,1514.7485,587.5527,6473.5195,744.8232,733.9106,122.3574,2922.3296
2021-08-26,1010.2107,3207.2197,1537.3416,739.5212,677.8496,375.7324,2469.7778,161.1001,1516.6016,563.0414,6374.3154,753.8435,725.799,121.024,2923.8684
2021-08-27,1008.8294,3249.4077,1520.5242,736.5009,678.7712,377.2875,2480.4761,162.1237,1556.8512,570.9561,6389.9897,747.8139,736.535,121.8249,2921.1272
2021-08-30,1028.2369,3232.9436,1510.9586,745.9185,692.2545,386.6637,2489.5068,163.7772,1577.76,595.2276,6555.9399,763.6356,751.2313,126.7934,2990.3369
2021-08-31,1022.7567,3307.3186,1518.4331,752.1732,697.4926,389.7281,2523.2229,166.3756,1589.2599,637.0551,6603.3955,765.3239,757.7683,127.6427,3079.4097
2021-09-01,1026.8102,3244.8657,1492.8951,751.0791,698.3171,393.2498,2531.3743,164.9583,1602.7555,639.3096,6544.3657,742.749,752.472,124.2057,3176.947
2021-09-02,1039.1748,3351.2539,1502.9945,755.788,703.4096,393.1126,2594.4985,165.1551,1602.5656,639.4056,6552.082,725.9144,753.8558,125.4291,3175.8411
2021-09-03,1081.7946,3355.8831,1513.2721,749.6285,702.5851,394.622,2562.6819,165.8244,1607.6025,631.6828,6619.7935,723.4543,753.3309,127.0618,3211.624
2021-09-06,1098.5978,3364.5742,1539.7441,744.7056,699.5296,394.3018,2575.5564,164.8008,1610.1686,627.9892,6604.167,728.1332,748.4161,126.4765,3189.2593
2021-09-07,1105.5273,3333.0415,1518.6112,746.3941,695.407,392.518,2572.8708,166.7299,1598.2886,643.2908,6633.3442,726.5414,734.7219,125.746,3209.1709
2021-09-08,1101.202,3296.575,1506.6874,749.7949,699.3356,394.5762,2594.3596,166.3362,1583.8901,640.7006,6540.8447,728.1332,741.9269,125.8472,3209.5078
2021-09-09,1098.5978,3311.6421,1505.2191,746.0851,698.6566,395.4452,2603.3909,167.4385,1587.2164,658.2568,6561.1006,724.2744,740.8294,127.3566,3218.8865
2021-09-13,1074.1174,3358.7659,1505.4862,739.878,686.1919,395.9483,2580.8828,168.6196,1588.7845,665.116,6630.0176,719.2577,744.6465,128.8045,3238.7979
2021-09-14,1072.7134,3394.1846,1500.3698,736.5485,686.2404,396.0855,2558.8374,170.155,1612.307,665.9795,6650.0317,723.7438,745.6964,127.8231,3234.4214
2021-09-15,1077.1747,3454.1472,1522.882,735.7161,692.9334,406.0106,2570.7864,170.0763,1631.8378,696.0071,6664.0659,728.4709,744.9807,128.0695,3224.6096
2021-09-16,1099.7753,3409.3826,1514.6957,741.9706,705.3983,424.1683,2564.1177,181.6903,1635.8771,689.3876,6685.2378,730.2557,745.3624,126.4545,3214.7981
2021-09-17,1082.723,3343.4795,1504.9523,752.5299,698.5596,415.3867,2521.5093,182.0053,1631.0774,698.5493,6765.7778,727.5544,734.7219,121.979,3177.2356
2021-09-20,1084.444,3339.6802,1501.8823,741.9231,688.7139,400.1562,2593.8499,184.0525,1619.8153,695.4794,6703.998,712.0222,721.9341,110.2907,3146.9358
2021-09-21,1089.1317,3374.1379,1529.1107,738.1656,690.5083,401.3911,2605.0579,190.1547,1635.5444,697.1103,6536.7456,712.4081,729.5685,113.732,3183.1516
2021-09-22,1100.8169,3373.4395,1527.7317,729.4852,682.2632,401.4368,2579.1692,191.7295,1626.0404,697.2063,6588.8311,725.9626,734.9127,114.929,3191.1353
2021-09-23,1127.7203,3379.6411,1550.5557,746.7509,695.504,411.4533,2577.1316,190.9421,1681.9238,697.2542,6603.9746,731.7028,734.674,116.0644,3194.1653
2021-09-24,1124.4594,3381.4319,1569.5085,761.7573,701.2756,403.1748,2544.1101,187.7532,1681.0211,709.342,6705.7827,751.9623,735.2466,111.9629,3317.2417
2021-09-27,1143.3685,3351.4285,1531.5135,772.9585,708.1143,408.5261,2509.6995,187.9501,1653.3168,706.1913,7140.9873,782.7372,728.1847,111.8221,3299.9756
2021-09-28,1154.0575,3300.9419,1501.2151,768.1784,695.6495,406.971,2522.9915,187.202,1650.9883,680.3891,7160.6636,777.6241,739.6841,112.7419,3250.9658
2021-09-29,1144.9087,3312.0789,1505.7977,758.0948,688.2289,420.7837,2487.2844,187.4776,1635.6394,678.3855,7122.2744,783.4608,774.2302,114.0269,3196.4736
2021-09-30,1141.0134,3297.7974,1490.6261,758.618,679.8382,414.3805,2502.5671,185.9422,1618.4846,672.7168,7077.9048,774.73,780.8626,113.4416,3121.0596
2021-10-01,1143.0289,3258.1858,1481.6835,752.7914,671.593,413.1455,2504.6519,185.3123,1612.7349,660.5976,6908.3857,798.6553,788.8311,114.2293,3056.8047
2021-10-04,1157.7261,3295.8323,1493.7849,754.2422,679.2077,423.6652,2488.1177,186.2965,1630.1747,665.9731,6916.1021,811.4865,793.9844,116.5441,3079.6497
2021-10-05,1181.7533,3348.2402,1506.287,758.8558,676.2006,425.083,2508.9124,184.8005,1631.5526,683.4189,7000.9341,813.3193,783.0098,115.9016,3130.7751
2021-10-06,1159.4021,3328.6741,1489.1582,768.1071,668.8285,418.2224,2487.979,182.084,1610.9767,675.7466,6944.0264,804.6849,764.019,112.6494,3089.894
2021-10-07,1165.0862,3400.2986,1504.6853,766.0142,681.1477,418.8627,2472.5569,183.4226,1627.5134,676.8217,7226.8799,847.278,785.6341,113.468,3165.5005
2021-10-08,1209.8569,3437.6387,1533.916,762.2804,682.3118,418.9543,2445.3711,182.4383,1641.2468,679.7538,7166.5957,846.8439,783.8688,114.5198,3180.9385
2021-10-11,1201.4325,3219.23,1504.6407,777.0966,691.9149,429.2451,2450.0486,187.4382,1631.7429,675.2091,7427.7949,864.0161,794.5092,115.5803,3180.1213
2021-10-12,1208.2943,3190.624,1499.4799,775.0989,687.3558,441.8229,2478.8086,189.9973,1632.9781,670.811,7421.0435,858.7101,791.7894,116.9798,3196.6663
2021-10-13,1220.5912,3192.6763,1520.88,779.7602,688.6654,440.6337,2451.5771,196.2176,1665.1494,674.2806,7216.8965,902.3643,804.0522,119.1977,3196.9065
2021-10-14,1223.0594,3160.5151,1526.7085,802.5908,705.4952,448.775,2454.1702,202.0049,1700.5519,670.2734,7231.1245,898.5537,802.8594,121.024,3172.1853
2021-10-18,1226.3206,3191.7578,1594.6907,794.4573,723.101,455.4984,2458.2922,206.7293,1699.744,665.1911,7385.5483,878.8248,797.7061,124.1925,3118.03
2021-10-19,1237.3038,3180.3804,1621.3851,803.209,725.0411,446.5796,2358.9971,193.6586,1754.4872,665.6798,7384.2466,885.1439,789.5468,120.3067,3062.48
2021-10-20,1223.0594,3158.24,1603.7668,796.1458,723.4891,457.2821,2295.8726,194.1704,1717.0886,692.4106,7321.647,867.6339,777.6657,118.2295,3048.8687
2021-10-21,1187.7772,3091.4233,1560.4326,797.3112,732.8497,460.0721,2265.3984,192.6744,1716.1859,680.2913,7306.6968,865.3668,781.0057,115.7123,2887.6526
2021-10-22,1189.9966,3061.9751,1530.3123,799.4277,736.5358,460.0721,2273.1333,186.2965,1703.3553,678.7764,7146.2432,856.5394,775.4231,114.0885,2868.7996
2021-10-25,1178.4019,3056.8115,1519.4121,788.1313,816.4655,463.3195,2274.7542,183.7769,1695.6572,675.4534,7003.2012,859.2889,776.0433,113.8288,2806.9001
2021-10-26,1205.2372,3047.7542,1529.4213,786.11,804.5342,468.8537,2271.0266,186.3753,1707.1569,680.4379,7038.6484,863.0032,776.3297,118.2604,2856.6792
2021-10-27,1189.9966,3054.0107,1552.0883,781.3774,809.9663,474.891,2233.5151,187.7532,1696.0374,686.4487,7095.4604,855.5265,787.3996,116.7201,2976.7737
2021-10-28,1176.9524,2994.4143,1529.6008,757.976,774.7546,458.6085,2227.0378,177.2415,1724.2643,674.134,7108.4331,852.6805,770.6992,114.3833,3001.1392
2021-10-29,1148.713,2973.498,1497.1489,752.8628,778.0042,459.3403,2230.2993,175.7455,1679.0251,669.8336,7217.1377,853.0665,758.6749,115.8224,2985.5376
2021-11-01,1149.415,3042.3276,1526.1448,763.541,779.7988,471.7352,2243.3005,178.6194,1706.3016,696.3689,7345.5674,839.6566,774.7073,120.1307,3006.4353
2021-11-02,1132.6571,3049.1545,1524.2146,764.2306,776.9372,477.2237,2254.2974,177.6352,1725.5948,697.7861,7515.521,831.1187,778.1428,115.6199,2988.667
2021-11-03,1124.8671,3056.199,1528.344,752.1969,762.3869,482.6664,2247.2615,175.155,1795.782,683.2723,7460.0596,819.0595,751.947,116.7113,3053.4802
2021-11-04,1131.774,3070.5508,1533.9097,758.1423,758.6523,485.2277,2257.9788,178.3833,1814.2671,685.2269,7472.7432,842.0684,759.1044,116.6981,3042.5017
2021-11-08,1133.1781,3065.3879,1559.7638,761.139,756.7608,478.6415,2266.4126,180.9422,1829.0935,692.9482,7412.1699,829.1893,763.4464,118.2252,3022.0366
2021-11-09,1142.1232,3067.969,1564.2523,747.8211,762.9688,484.0385,2265.7139,180.1155,1847.1986,697.0531,7308.9146,860.6878,764.7347,117.5826,3028.9221
2021-11-10,1154.8954,3049.2415,1562.1428,739.7352,757.4883,479.6935,2236.8235,181.769,1853.4237,718.7993,7245.3511,887.218,774.0394,114.2909,2993.4341
2021-11-11,1157.0016,3052.6553,1555.9934,736.4295,748.3216,466.1552,2214.5032,181.0997,1835.8888,712.1044,7189.2144,892.1381,758.5318,114.3833,2950.29
2021-11-12,1174.4614,3085.7788,1598.0957,738.6651,753.3171,467.756,2241.2969,183.3832,1862.7377,726.6671,7214.6782,904.7279,769.6495,113.2963,3007.4946
2021-11-15,1167.5319,3109.6262,1604.3347,740.6865,750.1161,463.3652,2259.7495,187.4776,1850.4775,720.8518,7237.104,895.6595,773.6577,109.6173,3051.6025
2021-11-16,1140.402,3112.3394,1608.9583,736.2868,741.1434,452.8914,2242.8809,185.391,1858.3182,713.766,7764.9541,926.4344,761.9673,108.1519,3035.2307
2021-11-17,1115.9899,3082.1467,1604.6041,728.1058,738.4758,455.6813,2228.4358,188.5799,1856.0374,703.748,7981.3979,920.7908,755.1917,107.3818,3110.8777
2021-11-18,1120.2018,3041.7156,1597.3776,732.1964,740.028,460.8497,2236.1245,187.0052,1802.9098,698.177,7829.3848,891.1252,754.5237,104.4377,3107.6035
2021-11-22,1070.5848,3026.5754,1579.4236,720.7573,729.4547,444.933,2226.0129,181.8084,1772.0219,725.2988,7585.5952,869.0809,735.5329,102.541,3140.7324
2021-11-23,1080.5941,3031.6951,1559.2252,720.8524,729.3091,451.0161,2231.2783,182.3596,1792.7881,741.7184,7575.564,869.5634,749.3227,104.9174,3067.8293
2021-11-24,1064.9913,3013.3608,1522.509,722.0416,737.4089,451.1076,2213.1519,179.2887,1770.1211,741.7184,7397.5571,861.7008,743.3582,103.7248,3040.3347
2021-11-25,1129.1017,3015.636,1546.2084,725.799,728.5332,448.7292,2189.2007,182.1233,1758.146,747.8269,7304.0435,859.7713,747.1279,103.2979,3028.0557
2021-11-26,1092.71,3016.4678,1518.604,708.6524,700.5481,430.3886,2176.2,176.3754,1689.9547,722.0246,6916.2954,823.642,732.2406,97.8983,3026.9485
2021-11-29,1105.7991,3064.7314,1522.823,714.0508,696.8621,425.449,2170.8879,174.4069,1679.5955,722.611,6896.0396,820.796,716.7332,98.1139,3028.1038
2021-11-30,1089.4487,3088.4917,1537.4557,710.3884,692.9334,421.2868,2159.844,174.1313,1677.2195,711.7623,6817.2358,806.0356,719.1666,94.2809,3027.478
2021-12-01,1117.3485,3131.0662,1539.4755,715.668,705.8832,434.7794,2185.2864,174.7219,1697.4154,705.8981,7015.4023,805.2639,711.2935,95.2798,3022.1809
2021-12-02,1124.5273,3188.0386,1569.4139,725.704,700.7421,436.3344,2221.1201,177.5171,1700.4567,715.9649,7065.27,819.5901,731.2386,97.9071,3063.0627
2021-12-03,1090.7396,3185.8945,1558.0133,719.9012,694.825,432.8127,2184.168,174.525,1711.9089,702.0864,6953.1411,807.4344,717.4487,98.3999,2995.5049
2021-12-06,1070.064,3094.8362,1521.8805,715.2637,688.2773,425.6319,2149.5464,171.5723,1694.2317,681.8062,6793.1709,793.1564,703.4682,97.5902,2926.021
2021-12-07,1078.7825,3136.9307,1536.5581,725.6801,712.6249,436.06,2163.6191,173.7377,1708.9153,683.028,6931.8242,796.8224,709.7189,101.1108,2918.365
2021-12-08,1095.2008,3174.0361,1573.9924,739.0456,730.8127,449.644,2181.3257,177.1234,1734.5287,698.959,7171.3218,811.1005,722.936,103.2407,2993.6272
2021-12-09,1112.5703,3152.0264,1583.0592,726.2271,732.3647,446.9912,2180.5334,185.3517,1786.5631,697.7861,7158.6377,821.0854,725.0356,103.5796,3061.2322
2021-12-10,1113.7025,3182.7002,1579.2886,724.1819,735.2748,452.5255,2174.0569,185.9028,1780.4805,694.6097,7162.3994,829.3822,726.5624,103.8568,3161.823
2021-12-13,1091.3735,3158.9402,1566.1825,718.7597,731.3947,446.2137,2147.5427,184.7217,1769.1707,687.1817,7249.9321,813.3675,727.7552,102.563,3158.6448
2021-12-14,1078.0126,3171.3232,1572.9152,714.6215,735.9053,446.8997,2160.5432,179.9974,1773.1624,675.942,7227.5068,807.338,721.5046,102.7302,3175.6423
2021-12-15,1074.8649,3124.5479,1556.8011,713.4563,729.6971,443.4694,2163.0127,176.4148,1787.5134,669.9313,7299.6553,816.3583,739.6841,101.5729,3179.928
2021-12-16,1088.7694,3134.3926,1590.3756,713.5038,718.9299,440.1306,2152.342,175.5093,1780.9558,665.9731,7186.6582,823.2079,729.5208,101.498,3176.7019
2021-12-17,1060.0317,3136.7991,1634.5874,700.6379,706.4652,427.9188,2078.4849,171.6117,1755.4847,650.9706,7037.9248,805.1673,733.8152,99.6409,3123.8306
2021-12-20,1031.4526,3112.7759,1614.8829,678.0927,688.6654,410.9044,2114.6914,167.2417,1710.1034,643.3471,7028.2793,785.5833,729.0437,94.4349,3119.7378
2021-12-21,1046.8066,3157.7585,1626.2838,685.7742,698.7535,407.9772,2118.1863,167.3204,1736.9047,651.899,7055.8174,783.5573,742.9766,97.2645,3150.459
2021-12-22,1071.649,3177.4053,1638.0437,687.3914,710.8303,416.9875,2122.6589,166.9267,1778.1995,669.2472,7160.5669,789.8281,761.0608,99.3549,3158.8857
2021-12-23,1071.2642,3205.3667,1667.5781,686.8681,709.3753,422.4303,2144.0938,171.0999,1785.2799,663.383,7125.2642,797.6907,756.2414,99.2493,3147.1362
2021-12-24,1074.6836,3212.542,1672.8746,684.3948,705.3012,417.9938,2140.6462,171.6511,1767.1748,661.7215,7057.6978,783.9915,749.5136,98.1755,3163.4121
2021-12-27,1073.5288,3234.5955,1675.2535,690.0549,713.9343,418.9999,2144.793,171.2968,1773.6375,660.4509,7031.0762,789.6833,757.816,98.7344,3151.4702
2021-12-28,1086.2783,3243.741,1694.8685,694.8113,713.7404,421.8815,2151.9692,173.2652,1805.286,664.6536,7038.7451,809.1228,777.8565,99.2317,3243.73
2021-12-29,1088.1354,3233.3699,1692.6689,691.5056,713.6434,415.6612,2149.8728,170.6668,1800.8666,661.5261,7089.479,803.3344,800.4736,98.2459,3243.0076
2021-12-30,1068.4786,3267.5449,1699.2223,695.1442,713.6434,413.1913,2167.3464,170.0763,1792.1703,663.9694,7024.084,800.0543,796.3224,96.9037,3241.3223
2021-12-31,1072.5775,3271.5706,1694.644,703.6581,717.96,421.1954,2199.5454,171.6904,1801.8645,668.3187,7163.1719,807.6274,807.0584,97.8234,3257.9346
2022-01-03,1088.7466,3341.0557,1704.2494,722.8026,741.7739,430.663,2200.6177,172.5172,1827.4777,675.6488,7257.1665,800.5366,810.1599,100.5519,3295.9268
2022-01-04,1113.3175,3399.6899,1704.8779,727.0357,749.6796,442.2803,2237.8489,173.4227,1841.4487,681.6597,7359.6016,802.5143,799.424,101.1108,3331.4634
2022-01-05,1118.526,3378.8623,1655.9529,744.3013,764.4239,450.4215,2251.4084,173.6589,1851.9506,684.1519,7499.7021,809.8945,796.9427,103.6456,3396.469
2022-01-06,1094.4761,3332.0422,1631.8496,732.3628,761.5139,449.7812,2228.6687,172.2023,1829.0459,694.3165,7602.668,810.2322,791.6939,102.3826,3384.7681
2022-01-07,1103.3081,3372.3428,1628.7074,737.4998,769.468,449.3696,2251.7349,171.966,1810.4181,688.7455,7625.7207,799.7648,791.0738,102.1273,3444.1394
2022-01-10,1104.2139,3395.4021,1661.429,741.5902,786.4434,460.7124,2243.2537,175.8242,1856.2273,688.9898,7837.5356,812.2581,788.9266,102.8931,3422.1821
2022-01-11,1112.1626,3426.9512,1665.7828,744.8008,786.3463,462.8164,2240.0854,174.7613,1863.8782,687.5238,7855.1387,811.7275,794.3661,99.4781,3407.9773
2022-01-12,1141.8513,3377.9434,1685.3975,740.4011,799.0536,466.7498,2248.9387,175.3911,1876.2808,713.6682,7881.085,849.4969,797.9925,100.97,3412.8408
2022-01-13,1148.2828,3411.1985,1702.7683,726.7741,799.9751,467.756,2249.9172,176.336,1918.2886,715.232,7790.707,864.402,825.9537,107.4786,3328.5259
2022-01-14,1149.9587,3472.6768,1731.9886,734.9313,795.416,465.0118,2202.8538,175.2731,1943.3317,704.2855,7797.6035,850.124,820.4664,106.8141,3240.0706
2022-01-17,1155.9597,3517.3088,1741.1005,723.6824,794.737,470.1801,2226.9448,176.8478,1966.7589,712.1044,7972.4761,869.0327,814.2157,108.2355,3253.7935
2022-01-18,1142.1685,3492.324,1724.2683,727.3687,798.423,463.5939,2208.2595,173.8164,1921.9,698.177,7634.5459,860.6878,808.0128,105.1638,3249.0266
2022-01-19,1142.0778,3431.8765,1676.0616,722.2318,784.3578,471.8266,2152.7148,173.5014,1920.6644,687.7681,7731.5317,862.8585,800.1874,106.462,3159.1743
2022-01-20,1122.0815,3354.6421,1637.146,717.737,785.9583,467.8017,2107.8879,172.2416,1904.1276,699.2033,7751.4497,849.4487,782.5327,106.2068,3184.2131
2022-01-21,1122.2627,3360.7346,1603.0332,723.73,780.3807,459.8435,2167.1599,170.903,1859.031,679.5095,7899.2666,844.3356,771.7966,102.9503,3153.8298
2022-01-24,1076.9938,3306.249,1559.1354,707.1065,774.5121,452.0224,2129.1362,166.7693,1805.6661,674.2806,7766.834,824.5585,764.2576,96.7453,3038.553
2022-01-25,1074.8876,3304.978,1545.984,707.7725,777.6162,470.7747,2168.884,168.7377,1829.8063,695.7336,8297.624,824.3655,771.1287,97.6166,3030.8005
2022-01-27,1058.9673,3199.2075,1506.8888,701.5415,770.826,483.8556,2139.1545,168.9739,1816.0731,691.2378,8507.5117,827.7904,774.9936,95.7903,3001.7644
2022-01-28,1057.9484,3234.9753,1513.7114,695.9766,757.7308,478.8245,2128.158,171.3361,1803.4327,699.5942,8247.8066,838.9813,789.5468,95.4647,2995.8899
2022-01-31,1080.934,3275.4783,1558.5967,706.6547,765.1514,492.4084,2119.0251,173.3833,1814.5049,712.7885,8292.5137,854.5616,796.3701,95.5439,3035.7603
2022-02-01,1077.3558,3331.9363,1590.7794,712.0294,786.0068,486.9199,2148.7542,179.3281,1891.7723,706.68,8255.957,839.0295,851.0044,102.7434,3078.134
2022-02-02,1079.5525,3380.6353,1604.2899,728.2961,789.3534,493.7805,2169.4902,182.7926,1884.3591,708.6347,8213.3711,838.6918,849.9546,102.7566,3079.5305
2022-02-03,1065.6027,3352.9326,1560.7063,720.7573,784.6973,494.0549,2141.7642,184.6036,1837.7421,705.3118,8288.9932,826.0056,843.179,102.6774,3084.635
2022-02-04,1055.8875,3344.4282,1562.9955,724.8715,780.9142,485.0905,2149.6396,184.4855,1851.3328,703.8947,8247.4199,812.017,853.1038,103.5312,3117.0413
2022-02-07,1049.4562,3312.9558,1539.5653,698.3072,762.8234,487.7889,2103.9739,181.2572,1791.0298,690.5048,8209.8994,800.2472,846.5189,104.1209,3057.3806
2022-02-08,1067.0973,3281.79,1541.6301,695.3107,768.7405,486.0509,2110.2644,182.084,1782.5713,692.8505,8294.5869,802.7073,853.2468,107.3422,3097.4915
2022-02-09,1079.5299,3296.7812,1559.5844,712.3147,778.7317,489.6184,2122.6589,181.2178,1795.1167,703.0637,8632.1787,810.5699,852.6218,107.5842,3109.0481
2022-02-10,1078.4202,3305.3723,1588.5801,725.3947,781.3507,494.4666,2127.7852,182.8714,1806.7114,707.6574,8493.2852,822.9667,860.1721,109.8726,3119.0635
2022-02-11,1076.3142,3239.2712,1545.2656,722.422,767.0914,484.4501,2104.3462,183.0288,1778.437,698.959,8427.4062,823.5455,846.514,110.4095,3097.4431
2022-02-14,1059.1711,3273.2866,1510.1206,700.947,731.1038,458.6542,2076.9009,176.9431,1709.7706,674.0851,8069.7988,795.9542,831.8459,104.4597,3027.2854
2022-02-15,1095.1329,3346.9712,1560.4369,721.9227,752.7836,480.0593,2134.2625,179.8054,1782.999,695.4404,8317.0117,824.4619,843.3399,106.2992,3143.9585
2022-02-16,1092.8683,3342.8508,1555.9934,720.9475,741.1434,472.6499,2130.9067,179.6038,1768.4103,705.4584,8278.6719,833.7717,835.6933,104.8954,3132.6426
2022-02-17,1106.705,3317.5146,1548.363,716.5479,727.8541,469.2196,2150.5251,179.5232,1776.0134,700.7671,8249.2529,831.8422,829.6339,104.8206,3145.1624
2022-02-18,1098.0543,3326.0183,1532.3387,719.3303,726.4477,471.3693,2155.1851,178.9185,1789.6993,696.4178,8265.3115,821.9537,829.9705,104.8074,3138.0356
2022-02-21,1086.9578,3260.7061,1553.6593,723.9678,731.8312,468.2133,2138.6426,175.7739,1771.4991,693.8766,8307.3672,811.438,811.6474,104.0196,3131.4868
2022-02-22,1082.0209,3144.1082,1556.9359,718.5455,728.7757,455.91,2115.4832,173.2341,1752.9663,683.4189,8317.1084,823.1597,813.523,100.2218,3107.8921
2022-02-23,1075.2498,3124.2957,1564.5665,713.8843,722.2766,456.1844,2106.583,174.121,1730.0142,688.4523,8390.4619,820.3137,808.1848,100.2482,3117.5708
2022-02-24,1021.6694,2982.1423,1506.485,675.1199,686.1919,432.3553,2023.6394,168.114,1670.1864,655.7108,7919.0884,767.7356,787.0244,94.5273,2955.6348
2022-02-25,1034.4418,3086.5547,1521.2521,692.5757,708.1627,441.7772,2022.9873,172.5084,1688.9094,673.0589,8059.8633,779.1195,799.8168,100.8071,3003.9316
2022-02-28,1068.6825,3115.8792,1540.1039,678.378,720.4335,442.0059,2024.292,174.0403,1726.6404,670.9575,8019.4019,762.9602,811.6955,107.4434,3057.3325
2022-03-02,1086.3463,3108.8223,1528.6136,653.6449,693.4185,433.8189,2002.8571,173.5969,1695.9899,658.9849,7537.1753,750.9009,789.5732,113.4812,2917.0168
2022-03-03,1077.1747,3107.2876,1544.8169,652.0991,677.3646,427.5529,1948.7106,176.9027,1665.387,656.8347,7326.2769,735.1759,789.5732,114.709,2765.7703
2022-03-04,1053.2834,3089.7102,1547.0164,649.9587,667.4219,422.5675,1882.0762,181.8212,1626.8483,638.9002,6990.3721,706.4749,797.9892,112.403,2636.9631
2022-03-07,1014.3324,3055.1252,1561.8733,630.1246,634.1502,402.7632,1811.6672,181.3777,1553.3822,660.1089,6529.0767,666.1973,791.2565,113.7056,2608.3604
2022-03-08,1012.4979,3155.9868,1596.3003,631.5515,645.063,402.7632,1816.3734,182.95,1576.2394,667.5367,6565.0063,675.9412,822.3719,111.7341,2622.7578
2022-03-09,1066.2142,3184.6108,1627.8546,652.1704,647.4395,413.1913,1861.9459,184.8448,1607.0798,675.8444,6777.7378,708.9351,835.1163,110.4887,2768.7073
2022-03-10,1083.4928,3174.3972,1639.1208,662.4203,656.3151,428.742,1958.9153,187.0621,1642.4822,681.9528,6956.1309,712.794,836.3666,115.1842,2805.1592
2022-03-11,1086.6179,3155.2856,1635.6198,664.3705,657.5762,430.2514,1951.879,190.5695,1642.91,679.1185,6850.7539,708.8868,867.5782,114.5681,2823.6497
2022-03-14,1095.5404,3193.728,1697.2922,686.1309,675.2791,443.7896,1919.1678,192.7062,1660.1122,684.5428,7057.3604,716.9906,858.2004,114.1545,2853.311
2022-03-15,1070.4487,3150.6833,1651.1501,677.3078,676.4431,444.43,1899.5039,191.779,1656.9758,687.1817,7157.0469,734.3558,857.6234,108.5876,2876.7612
2022-03-16,1088.5204,3205.0369,1696.1254,688.7944,686.7739,450.7417,1931.1434,195.6089,1669.0935,695.8802,7220.417,746.3668,855.2668,111.36,2929.5842
2022-03-17,1124.0065,3219.8086,1664.8853,703.9673,698.511,459.1116,1959.0088,197.4634,1699.2211,706.5335,7420.272,766.3851,876.8119,114.7222,3020.6885
2022-03-21,1117.5297,3179.439,1663.4937,707.0352,689.4414,448.775,1911.6191,197.1409,1669.1885,692.1663,7432.3774,755.8694,878.928,114.6782,2933.196
2022-03-22,1146.4032,3244.5315,1694.3298,710.6738,696.668,451.6107,1857.8456,201.374,1686.0582,702.9661,7491.3105,757.8953,879.2166,114.5946,2938.396
2022-03-23,1150.0491,3254.5693,1680.8644,703.5867,696.7651,448.8207,1843.9127,203.1882,1679.5955,688.9898,7373.8291,746.8009,866.4241,117.147,2905.3157
2022-03-24,1167.9167,3287.4009,1693.7014,686.1785,683.0878,445.5734,1832.1234,205.4861,1683.6823,690.3582,7289.0454,738.6489,874.1668,118.8676,2913.5498
2022-03-25,1175.7069,3250.2297,1684.5898,680.5897,678.2862,448.8665,1820.1012,204.2767,1664.2465,693.2902,7152.5615,737.7806,867.9149,117.8467,2934.3513
2022-03-28,1187.5281,3250.4485,1682.2109,681.4935,689.0533,455.0868,1840.6974,207.26,1655.2177,716.4536,7212.2676,742.1219,871.3295,117.8467,2915.572
2022-03-29,1187.7999,3248.3889,1693.0731,690.5306,693.855,452.7999,1851.8342,205.2846,1660.0173,737.8578,7175.4209,746.0773,884.2661,117.4682,2930.1621
2022-03-30,1210.627,3271.3574,1709.1868,702.4928,708.9873,452.1595,1878.7211,200.9305,1685.6306,732.5312,7329.2188,765.3721,885.4684,115.127,2967.6729
2022-03-31,1193.3256,3278.7217,1711.79,699.3536,708.4053,451.4735,1909.2423,202.0996,1679.9756,737.8578,7293.2407,778.1066,879.8417,115.0522,2966.1318
2022-04-01,1202.882,3295.2031,1708.8278,716.3101,714.1769,464.8746,1936.735,204.2364,1701.3121,741.3274,7427.0718,797.4012,874.0226,115.9236,2999.0681
2022-04-04,1206.4376,3305.3723,1690.3348,788.0363,724.2166,468.7165,1983.6124,205.9699,1735.7642,750.4169,7499.1719,804.2991,890.7105,118.1063,3002.7759
2022-04-05,1189.3853,3344.3408,1670.7201,764.944,719.5604,465.9723,1994.1898,209.1951,1744.9832,749.244,7486.6812,807.0485,893.6441,118.3704,3024.7336
2022-04-06,1186.2147,3292.2224,1641.7692,737.6424,719.3665,470.1343,1996.2869,209.3161,1760.9021,758.0892,7469.6567,798.6553,892.6823,120.6455,3037.4456
2022-04-07,1165.2899,3229.8032,1625.7451,721.4232,726.1081,471.0491,2017.4888,206.9375,1735.7167,745.1392,7369.6328,804.8779,895.4235,118.7752,3038.4087
2022-04-08,1184.6748,3231.1182,1628.9768,720.4243,731.6857,472.101,2034.4971,215.9278,1739.9459,744.8459,7290.0098,827.1633,889.3158,120.6455,3087.7649
2022-04-11,1182.2065,3240.542,1585.8422,711.6251,736.8268,471.0034,2015.8578,215.6859,1693.1385,740.8877,7297.1953,826.6328,890.0853,119.5146,3040.7683
2022-04-12,1159.9456,3235.896,1564.2074,710.3646,740.9495,469.1281,1987.1536,213.5088,1661.015,724.859,7348.2686,830.4434,886.1418,116.2008,3013.0325
2022-04-13,1155.688,3210.3411,1569.6833,696.7852,739.3974,473.5646,2005.6996,217.3388,1673.4653,723.8817,7204.6958,835.5565,901.0023,116.1348,2966.8064
2022-04-18,1152.1553,3092.9546,1455.5403,663.7283,735.0807,466.0637,2029.4645,217.7822,1652.1288,712.9841,7305.0083,843.2744,892.1051,117.8599,2909.8901
2022-04-19,1196.0656,3043.729,1402.2163,638.4006,743.3259,468.1676,1969.26,210.8884,1621.1458,707.1199,7171.5151,841.7308,886.8151,116.7597,2880.6619
2022-04-20,1231.2346,3118.1584,1425.2875,644.1558,732.8982,465.8807,2017.6284,209.2757,1607.6976,722.611,7394.9043,850.1722,888.2578,115.6727,2969.0688
2022-04-21,1260.0629,3181.1475,1453.2061,653.6924,739.4944,472.284,2048.3828,209.9611,1629.4618,719.0925,7599.8711,878.873,908.0716,114.6077,3041.5383
2022-04-22,1249.5099,3167.0337,1423.2676,644.7742,725.2351,457.9225,1982.2142,210.5255,1610.3113,722.0246,7624.2739,888.1828,889.5081,112.4426,3047.4612
2022-04-25,1220.6136,3110.6191,1401.4084,649.6019,729.6487,452.5712,1957.7971,205.8086,1575.1464,722.611,7631.8457,872.1199,865.6547,107.4082,3014.9104
2022-04-26,1257.1417,3108.9539,1419.2727,652.5984,731.1522,462.4048,2002.1582,208.792,1615.6334,739.1772,7626.4438,906.995,883.0158,108.5744,3010.1428
2022-04-27,1258.3645,3122.0161,1393.9575,652.8362,714.6134,454.858,1999.129,207.6228,1593.8694,735.4633,7512.2896,894.1641,871.5217,109.7274,3032.0044
2022-04-28,1277.1606,3142.2668,1420.7091,652.2655,724.7501,464.2342,2089.2957,210.5255,1633.9762,730.4299,7608.5034,890.3534,885.8533,110.9728,3127.6831
2022-04-29,1263.7543,3109.3042,1407.1987,658.5677,721.0155,453.989,2082.772,209.2757,1610.3113,722.269,7444.1924,889.5816,893.2114,111.8705,3117.5708
2022-05-02,1259.3156,3105.5344,1383.3645,667.6524,718.7845,449.1409,2078.718,212.1784,1596.1504,724.5657,7364.0869,888.858,888.1616,113.9961,3081.7454
2022-05-04,1220.0023,3050.6108,1378.4722,644.9644,702.5367,438.7585,2023.7794,209.437,1552.9071,706.0448,7135.6333,864.4985,866.5203,111.0168,2986.2598
2022-05-05,1196.1111,3080.1108,1422.9983,643.5137,706.9502,439.0787,2019.1661,211.2915,1556.4236,702.6729,7145.0381,867.3445,844.6385,113.0323,2962.8579
2022-05-06,1186.9395,3009.2754,1385.0253,626.7,697.6866,442.6919,2002.9502,215.0005,1541.9773,694.1699,7021.1899,862.3278,849.5919,112.9839,2904.7859
2022-05-09,1140.5831,3020.2339,1409.7122,627.7701,689.0533,435.3282,1972.6152,212.0172,1535.99,695.3916,7099.3662,863.7267,851.6118,110.2158,2894.1921
2022-05-10,1120.8132,3014.6667,1394.137,637.8537,689.9749,434.6879,2032.0272,209.437,1528.1965,703.3571,7249.4507,857.0217,828.9603,102.5278,2972.2954
2022-05-11,1109.3319,2991.2163,1370.5723,641.4447,692.788,435.9228,2016.2772,206.1312,1492.8893,706.4846,7134.2349,855.7676,822.1796,102.5982,2940.8037
2022-05-12,1086.7313,2988.2795,1354.4584,626.9857,674.9395,423.2078,1993.2579,203.9138,1450.454,689.4297,6996.498,834.7365,817.5627,98.3735,2927.6104
2022-05-13,1099.0507,2993.7583,1350.5085,621.356,657.0427,406.7423,2044.7952,208.5098,1458.3898,674.2806,6850.1758,858.1312,848.8224,96.5516,2950.7717
2022-05-16,1099.3224,2960.3569,1336.7736,627.972,662.5233,416.21,2066.3696,204.8814,1466.3732,677.5059,6990.6616,871.4928,851.8041,97.1237,2889.0398
2022-05-17,1145.4973,3025.9324,1363.1213,632.2545,688.7139,427.4614,2092.2314,213.4282,1524.5375,691.0423,7265.751,878.6801,857.7195,104.6225,2937.2888
2022-05-18,1149.6641,3023.4778,1354.8174,632.2064,686.1433,418.9543,2135.4739,215.1215,1494.5048,680.3891,7298.3047,881.0919,864.8371,103.8788,2985.5376
2022-05-19,1123.1685,2859.6707,1281.1609,619.287,669.6045,409.3494,2110.4512,222.2572,1471.1725,658.9849,7142.0479,851.4263,850.8422,98.7652,2934.3032
2022-05-20,1188.6604,2886.8916,1306.2965,635.5985,688.2773,422.9791,2167.6726,225.7646,1530.2399,672.3259,7317.644,871.9269,880.7073,103.0295,2995.0234
2022-05-23,1180.7117,2912.0962,1318.1912,627.4427,689.7324,421.607,2217.8582,221.33,1562.6011,670.3223,7617.4741,908.6834,886.8631,90.0342,3056.8992
2022-05-24,1184.7653,2882.5083,1293.5939,634.6362,686.9193,422.6589,2152.4819,218.387,1545.6366,662.8455,7526.0347,913.4587,875.1768,88.5732,2972.7771
2022-05-25,1183.0216,2795.7063,1266.1692,639.3757,691.9634,421.8693,2142.2771,219.8786,1496.6433,672.6191,7511.1802,895.6595,876.4272,87.9351,2733.1711
2022-05-26,1171.7441,2848.0432,1278.2882,657.6119,706.6592,435.6188,2125.0359,220.284,1486.9492,677.9457,7528.3013,897.01,865.6066,92.591,2735.1938
2022-05-27,1166.3088,2878.3604,1311.8623,669.8096,717.6204,435.6653,2172.0063,222.3488,1520.926,668.9051,7661.3608,919.2471,869.4058,91.8429,2730.0898
2022-05-30,1206.9358,2978.9304,1370.6172,674.3807,726.0596,440.9142,2189.1077,222.225,1578.4728,683.2234,7729.7954,963.1426,854.4011,92.1905,2738.9011
2022-05-31,1192.3743,2969.3101,1364.0852,668.3179,730.2792,434.8756,2193.115,223.5465,1572.4377,684.3474,7683.9312,997.873,827.7581,92.9123,2753.9731
2022-06-01,1192.7593,2961.2344,1341.3595,671.1569,730.0852,435.0614,2151.3638,224.5376,1566.2601,678.9231,7657.9365,1010.4146,807.2229,93.6076,2747.0876
2022-06-02,1233.8843,3021.0742,1368.077,666.4655,727.2722,436.5014,2129.323,225.9005,1555.9484,680.1937,7644.4326,1007.7135,826.7482,95.1918,2801.0659
2022-06-03,1258.8854,3036.21,1380.5059,664.1559,721.9855,431.5311,2135.9863,225.2397,1570.1095,670.9575,7431.894,992.3741,832.0864,93.9376,2780.2158
2022-06-06,1253.4731,3028.0898,1388.0811,663.2656,724.3621,430.7879,2125.3157,226.9742,1558.847,667.4879,7437.1997,999.4166,826.9886,94.8882,2713.3325
2022-06-07,1255.8281,2967.8542,1366.8976,655.6392,713.2068,430.5092,2061.104,226.2309,1510.6141,669.7847,7532.5449,1005.7839,815.8795,94.0432,2643.2712
2022-06-08,1233.771,3004.4368,1360.8195,657.9488,707.6293,437.8485,2047.5444,221.2751,1505.9573,648.2828,7612.6509,1008.1474,814.9177,95.6495,2605.2307
2022-06-09,1267.604,3024.6917,1374.4274,662.9048,710.7819,433.8073,2048.1499,223.7117,1515.9839,661.0374,7648.7251,1008.244,826.075,91.9617,2602.4216
2022-06-10,1229.3325,2965.3828,1339.772,650.1057,698.414,429.0692,2050.2,223.1335,1506.4797,658.1052,7653.7896,999.9472,813.4269,90.1002,2623.6826
2022-06-13,1206.0752,2841.5564,1292.3248,638.3171,667.3734,414.2049,2047.4042,218.5907,1456.0613,656.1017,7621.4771,968.8827,797.845,87.3057,2577.1897
2022-06-14,1190.3136,2833.5693,1306.8854,631.2921,664.9484,416.2952,2023.2667,219.2515,1468.0363,666.6083,7534.7153,983.3055,793.5648,87.6754,2552.6357
2022-06-15,1175.9108,2829.8184,1290.238,629.1027,666.6459,419.3145,2018.1428,217.5583,1482.9575,666.6572,7575.0342,989.3351,790.9198,89.0112,2577.5771
2022-06-16,1159.4698,2773.0681,1267.5579,616.5203,658.1582,410.2565,2018.2838,215.3282,1451.642,639.3889,7555.8877,969.7993,783.5135,83.6448,2573.9937
2022-06-17,1173.0575,2726.2034,1258.5765,620.5861,666.2579,409.6991,1984.2026,217.4757,1416.0494,629.0777,7415.5938,962.4673,763.1227,84.1086,2499.1692
2022-06-20,1151.7928,2746.9436,1282.9349,636.176,665.3849,403.8463,2064.5405,218.1364,1398.7996,626.3899,7389.3579,948.0445,774.5685,79.9065,2577.1414
2022-06-21,1170.3851,2834.8047,1315.3679,643.1047,675.2305,418.757,2073.0964,222.927,1425.886,639.4866,7504.7666,962.7567,786.2548,82.0771,2594.2373
2022-06-22,1134.8312,2844.5132,1303.8918,640.0734,666.0154,415.8771,2071.0752,219.1276,1405.4049,628.2958,7506.8403,949.1057,778.4158,77.7451,2582.614
2022-06-23,1116.4199,2920.2827,1317.6813,642.4312,678.1892,419.3609,2117.8491,219.2928,1420.1835,645.2531,7977.7812,991.4575,793.4207,78.0419,2671.5796
2022-06-24,1132.3175,2906.4263,1307.3844,651.405,692.0604,422.0087,2166.0798,219.5819,1420.7063,656.004,8066.7134,1034.2435,793.132,79.1133,2674.1946
2022-06-27,1128.9658,2925.4902,1337.7759,652.5838,695.8435,428.4654,2181.8279,222.9683,1459.6254,668.4653,8149.2295,1044.5179,803.7604,80.5048,2732.3589
2022-06-28,1144.8406,2928.5347,1342.8112,647.6037,689.0049,431.2989,2179.0076,224.5376,1474.5465,665.7287,8188.7275,1072.7845,796.9793,81.5298,2640.875
2022-06-29,1168.5962,2904.1316,1327.4792,646.6653,681.6813,426.5144,2099.8442,226.3547,1471.1251,672.2281,8207.248,1072.5435,806.694,81.7803,2613.0767
2022-06-30,1175.6165,2883.4792,1326.2545,648.6142,685.9977,432.8318,2097.165,225.9005,1480.9619,669.4426,8170.4497,1054.5996,798.903,80.4306,2610.5579
2022-07-01,1090.9434,2925.8428,1342.1307,651.3809,682.7968,433.7144,2145.8191,234.8622,1494.1724,658.203,8104.7158,1068.2986,797.6044,80.9686,2686.0601
2022-07-04,1093.2079,2855.1926,1349.9329,652.2951,698.511,439.8459,2233.115,241.0982,1503.2485,666.4617,8144.02,1052.7181,797.7489,79.271,2702.6716
2022-07-05,1102.0626,2838.644,1339.0006,650.8275,697.8806,438.6382,2257.842,236.9684,1487.2819,668.954,8052.7261,1043.7943,803.9045,79.7905,2679.7156
2022-07-06,1092.37,2877.8743,1353.244,659.8013,704.1857,445.8846,2348.9451,238.9507,1478.9658,678.239,8324.1025,1065.5974,805.7321,79.605,2771.5383
2022-07-07,1081.6134,2901.793,1359.6399,671.614,719.7545,452.2019,2325.0173,241.1395,1531.1903,671.2507,8301.291,1093.3335,817.0336,83.4871,2800.5964
2022-07-08,1083.1079,2882.0227,1373.9283,672.2394,733.0438,453.8741,2347.4883,242.048,1603.7534,679.4117,8175.4648,1093.6229,824.9689,82.1792,2789.3613
2022-07-11,1097.8276,2748.1797,1336.4606,676.5941,746.4301,453.549,2341.6118,243.6586,1580.5162,645.595,8206.042,1123.9639,824.5361,84.6699,2840.9385
2022-07-12,1096.265,2722.4966,1305.1163,669.6893,737.1179,450.5297,2303.0173,241.759,1571.725,647.9896,8121.2085,1106.2126,819.1016,83.6819,2802.3398
2022-07-13,1076.835,2681.9417,1310.4235,653.3536,730.6187,451.9696,2348.334,242.874,1565.5474,628.931,8140.9839,1100.1348,827.3253,83.937,2848.8325
2022-07-14,1085.7123,2653.6243,1296.2711,650.0818,729.8427,445.3271,2348.3809,240.2309,1564.502,627.123,8264.0107,1113.6333,846.3217,84.2292,2846.8467
2022-07-15,1087.8182,2649.9526,1297.6318,655.3746,728.6786,445.0949,2414.8521,242.461,1601.2823,637.0432,8466.8555,1142.7252,844.8788,81.9844,2884.6221
2022-07-18,1097.0806,2710.9226,1351.6565,648.3976,748.8551,455.4999,2400.7488,243.9064,1641.9596,648.0384,8396.2021,1133.8563,849.1109,83.886,2923.0754
2022-07-19,1103.8064,2720.4358,1346.4399,648.6382,757.2458,462.607,2414.3347,243.3283,1644.0029,657.6655,8406.8604,1156.126,841.8972,85.2914,2924.2864
2022-07-20,1133.6534,2800.5637,1374.6995,656.818,759.6223,472.501,2448.6985,246.3017,1653.6494,655.4664,8438.8828,1136.0492,834.3948,86.1262,2912.0332
2022-07-21,1126.09,2811.6255,1390.6666,654.749,762.4354,475.7062,2451.4717,247.4168,1699.0829,662.9921,8485.1328,1145.308,836.4628,86.6689,2969.8101
2022-07-22,1133.699,2806.0508,1366.5347,670.0261,776.0641,477.239,2482.6387,248.2427,1701.5856,663.4808,8517.8799,1151.1067,841.1278,86.8313,2971.0693
2022-07-25,1096.2426,2802.2898,1364.0852,671.9988,776.8886,481.048,2466.6558,248.697,1715.7352,663.041,8315.9512,1107.0059,835.2124,89.1179,3007.4399
2022-07-26,1096.7408,2757.2913,1316.5021,670.6276,772.4265,477.7036,2394.7319,249.812,1685.7032,668.6118,8223.5967,1107.152,834.5391,88.0789,3010.8787
2022-07-27,1095.6991,2821.8467,1334.5554,675.752,776.5007,490.7099,2427.4973,251.2162,1729.4039,659.6202,8351.1562,1109.1987,859.8835,88.9973,3085.9932
2022-07-28,1112.8646,2885.2505,1376.6049,681.7426,790.1779,494.6582,2463.3652,250.638,1733.8317,651.7524,8411.876,1119.9681,860.7011,93.0881,3169.6311
2022-07-29,1136.5748,2921.8855,1405.9076,690.0908,794.058,490.8492,2479.6296,250.3076,1740.3773,662.6011,8462.5146,1134.8795,907.2061,99.8135,3229.0547
2022-08-01,1166.1958,2919.1418,1407.1326,695.8408,798.7141,495.866,2437.8862,253.9831,1746.7782,681.7443,8684.2178,1206.3182,883.6411,100.4165,3220.1436
2022-08-02,1170.6343,2912.9475,1400.3738,688.1902,793.2335,503.6233,2477.6086,256.0068,1725.9387,674.2343,8847.8506,1222.6428,882.2463,99.2569,3289.4946
2022-08-03,1180.4628,2955.1577,1420.786,689.8021,800.0721,502.462,2469.2415,254.52,1722.8103,680.4682,8698.7227,1221.8632,862.7691,99.3033,3331.6287
2022-08-04,1164.8595,2968.8298,1451.4498,688.9841,795.6586,495.4015,2470.7454,255.6351,1713.4734,681.5971,8705.7607,1229.7574,883.4485,99.9063,3351.824
2022-08-05,1147.6941,2977.7673,1466.6456,686.6505,813.0704,493.3576,2487.1514,256.7502,1720.5481,690.7761,8583.9121,1204.5151,880.9959,99.5816,3364.803
2022-08-08,1162.7081,2986.0857,1469.1404,703.4913,816.7298,483.4635,2491.8059,258.6499,1761.1687,691.4632,8662.3135,1244.2791,875.6577,99.4424,3349.8381
2022-08-10,1169.6606,2968.2104,1453.7634,705.5363,828.2448,478.1681,2484.707,257.0392,1785.7144,702.1638,8621.293,1235.8488,884.6028,101.2977,3304.5083
2022-08-11,1173.5557,3028.6057,1469.6395,714.8708,838.9302,487.5048,2457.3481,252.9507,1797.2651,696.8135,8557.3594,1234.0457,885.9013,101.205,3298.2607
2022-08-12,1192.5328,3010.0669,1446.1881,714.6063,853.275,493.0324,2439.7195,254.8504,1777.3398,696.7154,8446.0449,1227.4672,878.5914,104.4981,3320.1995
2022-08-16,1200.8212,3002.2351,1448.3199,722.7861,858.0079,488.6196,2486.3054,256.5023,1779.6982,691.2178,8741.6846,1255.5846,879.6974,104.8227,3391.0522
2022-08-17,1207.0941,3009.6689,1457.2106,726.5152,861.9112,490.6635,2524.0537,258.1543,1786.2438,709.7229,8684.0605,1241.8914,885.6608,104.3589,3413.0393
2022-08-18,1209.2833,2992.1033,1436.0726,727.3812,863.7165,494.5653,2521.6089,260.7148,1823.6396,719.7854,8687.3135,1229.124,881.7654,104.4053,3424.3235
2022-08-19,1187.7222,2996.0852,1448.9097,718.4076,849.3717,483.417,2476.9507,257.7,1863.5864,718.9019,8523.4746,1207.9263,869.7994,102.0862,3373.1816
2022-08-22,1184.4276,2968.4758,1429.45,707.4849,831.6601,475.0094,2469.5703,259.6823,1810.26,714.2878,8376.917,1195.5488,849.7274,97.448,3244.5518
2022-08-23,1202.6946,2906.5762,1399.2852,705.2958,843.0287,484.8571,2437.6509,260.9212,1806.7946,724.1049,8466.7256,1240.7706,857.3027,99.8135,3251.187
2022-08-24,1199.491,2880.6934,1394.8397,708.6879,852.2016,482.4416,2433.4204,259.4345,1822.4845,725.2339,8450.7061,1236.0924,850.1617,98.8395,3272.7383
2022-08-25,1195.9921,2847.8184,1377.2853,704.8386,851.2745,483.4635,2420.2107,257.9891,1807.6128,727.4427,8481.6777,1227.6621,846.5912,98.5612,3256.9019
2022-08-26,1189.6078,2851.3577,1380.3698,704.9589,849.8107,486.6222,2417.7192,258.4433,1834.0836,717.4783,8466.8223,1242.2811,849.3416,99.5816,3219.1748
2022-08-29,1180.361,2772.0261,1326.1185,692.5929,835.1732,478.3074,2421.7151,258.9802,1811.078,707.4159,8577.1172,1244.3766,848.473,97.2625,3238.2566
2022-08-30,1198.6731,2841.5798,1354.4235,715.0634,865.8633,493.5434,2500.7373,264.7207,1850.5435,713.3061,8817.9473,1275.4664,861.7899,100.4628,3285.0876
2022-09-01,1163.4347,2771.2732,1328.3411,708.3511,853.2261,495.4479,2450.1086,262.3254,1841.351,721.6015,8761.8789,1278.7316,841.3321,98.7003,3338.312
2022-09-02,1149.8481,2770.1233,1318.1802,714.7747,851.3234,498.6066,2447.8523,266.9094,1867.8698,721.5524,8660.0312,1282.5322,839.1125,97.8655,3323.2986
2022-09-05,1167.7061,2772.7776,1325.7102,719.3699,861.1306,500.6505,2445.0315,271.6175,1894.6774,726.8537,8689.5947,1287.0156,853.6357,99.1642,3317.2451
2022-09-06,1179.9974,2767.1587,1320.0853,716.6272,862.3015,499.6285,2419.1765,270.2133,1888.8539,747.3221,8630.0791,1273.2249,856.6755,100.7411,3288.6235
2022-09-07,1173.136,2787.1133,1322.3988,713.235,855.0316,495.0298,2411.1855,269.346,1884.8109,739.3212,8529.252,1256.949,862.4655,99.8135,3293.5632
2022-09-08,1174.7944,2804.8557,1338.9556,720.5968,877.0855,505.9923,2422.9844,272.4847,1900.501,755.7158,8534.834,1288.3313,862.9962,98.1901,3341.7988
2022-09-09,1167.4788,2847.3313,1371.3883,721.0779,879.4763,514.0748,2433.8435,272.9803,1876.7736,751.7399,8685.6631,1268.2057,858.8468,98.051,3333.76
2022-09-12,1180.5426,2869.7197,1393.6604,718.6481,885.2826,515.5148,2426.0398,273.3106,1888.4689,755.0776,8667.8477,1264.1124,856.6273,99.9527,3324.4128
2022-09-13,1190.4031,2857.6851,1401.5985,728.0549,888.015,518.3948,2431.8691,276.2015,1916.8164,769.9014,8666.7305,1266.8412,858.9915,99.9527,3314.7266
2022-09-14,1176.135,2761.2737,1338.502,735.5371,895.9193,531.1688,2417.5779,276.9862,1880.7682,769.0178,8706.2461,1265.087,852.8154,101.2513,3330.9504
2022-09-15,1164.4797,2747.0715,1299.8545,731.7119,895.4313,531.5405,2407.2361,275.9537,1884.2334,770.7358,8941.7373,1264.1124,843.6962,99.2569,3288.7686
2022-09-16,1135.6257,2662.4299,1249.2775,718.2632,887.1367,521.925,2376.9155,273.6411,1848.1371,765.3855,8922.2236,1218.3545,837.6651,98.051,3218.2063
2022-09-19,1137.1024,2680.2166,1261.2981,723.0027,877.4758,531.6334,2424.9587,277.1927,1839.1851,768.4288,9010.7676,1255.9257,844.2271,95.6391,3212.1042
2022-09-20,1137.2842,2690.3931,1259.7103,731.7119,894.6019,533.3056,2429.0017,277.5231,1860.3618,777.6569,9030.1855,1269.8624,880.0284,98.1438,3286.6375
2022-09-21,1140.4197,2655.793,1249.4589,730.5811,893.1381,529.2643,2466.6558,281.6115,1824.6984,765.9255,8978.7783,1273.4685,873.6112,96.8914,3250.6543
2022-09-22,1129.673,2661.2793,1241.0217,715.0153,881.5745,527.0347,2531.6692,284.998,1817.5272,769.7541,9128.2471,1277.1233,876.2166,96.103,3328.0935
2022-09-23,1108.4982,2638.8472,1238.7537,695.8408,860.9354,511.52,2521.6089,286.1131,1787.3506,757.2374,9071.5479,1239.9908,888.8581,96.7523,3288.6235
2022-09-26,1080.2576,2649.7751,1252.1804,686.458,840.2475,504.7382,2501.3953,274.7148,1782.1527,741.2356,8577.8447,1205.0026,869.1722,92.6243,3330.0789
2022-09-27,1088.8456,2670.1724,1264.2465,680.2991,831.9529,498.4208,2518.9768,276.5732,1772.2864,746.6841,8518.7168,1204.369,865.7465,90.5835,3361.655
2022-09-28,1059.8552,2686.2778,1265.2898,668.6066,828.9766,487.5977,2540.4597,268.3963,1766.7516,747.5185,8472.7939,1210.8501,885.7219,88.3108,3458.5146
2022-09-29,1056.6063,2652.3416,1268.8734,665.1422,823.5118,484.7177,2539.0024,275.0864,1747.5483,750.66,8373.8584,1226.3951,898.1221,89.8414,3278.5015
2022-09-30,1080.4393,2658.7571,1282.2999,683.9078,841.1746,492.9395,2535.1477,274.3844,1778.5431,785.265,8571.2432,1235.995,915.4438,92.1141,3237.4814
2022-10-03,1076.6907,2641.4136,1264.4279,679.9863,827.8544,482.8596,2465.6211,267.9419,1751.2062,788.6519,8298.2744,1219.5729,911.4391,91.2329,3199.1736
2022-10-04,1096.5476,2735.3901,1296.7699,699.1368,846.688,494.8905,2508.3523,274.9213,1801.5005,793.9041,8437.5986,1228.3442,911.4873,93.8303,3232.9292
2022-10-06,1100.5918,2744.9475,1320.1307,691.4381,864.0581,499.1639,2457.6301,278.0599,1841.351,774.1718,8449.7344,1224.9819,920.5099,96.0566,3224.4055
2022-10-07,1105.2493,2712.1614,1316.5472,688.4548,861.2281,492.5679,2444.1853,275.9537,1852.5168,778.5895,8523.6191,1207.3903,921.7162,95.8247,3238.6921
2022-10-10,1093.1851,2759.6372,1326.9348,680.8524,860.4474,493.0789,2449.7324,270.7915,1838.1743,777.8532,8604.4961,1211.4349,912.9347,95.7319,3175.0068
2022-10-11,1071.4196,2716.2771,1291.6897,673.9476,849.5668,489.9667,2398.0693,269.5113,1808.6233,766.0237,8431.4336,1198.3264,911.6802,93.0881,3195.105
2022-10-12,1079.3033,2743.8862,1296.1349,678.3503,847.3712,495.9124,2436.3352,272.6499,1839.7146,761.3606,8433.8115,1216.2104,922.1023,93.2737,3146.1912
2022-10-13,1082.734,2746.1421,1288.1516,670.5554,832.9775,484.439,2412.8772,271.4523,1805.9283,754.8323,8397.8398,1216.5028,934.5025,92.8562,3108.2224
2022-10-14,1077.2358,2742.4695,1337.4584,692.4004,849.2253,489.7809,2421.7151,274.3018,1840.0514,751.9362,8366.5293,1199.0575,942.1259,92.8562,3085.4604
2022-10-17,1094.5255,2760.7461,1351.7017,696.0333,863.8141,505.0633,2435.5828,274.4257,1812.7145,751.9853,8469.9297,1198.7651,945.6965,92.346,3097.1807
2022-10-18,1113.8373,2789.9792,1364.1759,694.734,875.2315,522.5289,2446.5828,281.0747,1846.3082,768.8215,8551.0479,1221.9607,944.1041,93.3664,3124.5432
2022-10-19,1133.2173,2769.7068,1347.6191,701.8554,870.5474,514.1213,2428.4844,286.0718,1833.6023,769.067,8465.6084,1216.6978,942.705,92.8099,3111.8542
2022-10-20,1136.262,2801.158,1361.6357,697.1159,867.1808,515.9793,2445.3137,288.8387,1832.8804,778.3932,8454.0068,1218.2571,946.0341,93.5984,3042.261
2022-10-21,1123.0844,2783.5024,1361.2729,692.2079,885.2338,521.0425,2495.1433,285.4523,1806.5059,782.8599,8450.0254,1224.8358,943.4771,92.949,2995.2839
2022-10-24,1126.8331,2805.0615,1377.0129,703.0102,903.9211,530.0076,2419.1765,287.1868,1838.2706,787.4248,8510.3672,1238.675,952.4514,93.8766,3023.6157
2022-10-25,1109.4297,2805.4165,1384.6788,698.1263,902.7014,537.4862,2355.5261,286.0305,1876.1478,787.6212,8742.9473,1248.8597,956.8421,93.8766,2988.0195
2022-10-27,1113.792,2801.2463,1397.6562,699.8104,902.0671,538.5081,2368.3132,285.6175,1890.5383,802.1504,8778.8213,1261.2859,976.2385,96.6595,2947.8716
2022-10-28,1147.8716,2806.437,1387.843,701.8793,885.9168,530.2398,2373.2488,285.6175,1901.1266,801.9049,9216.3076,1278.3416,955.3464,94.2477,2957.5088
2022-10-31,1158.5272,2832.9639,1410.2209,720.1638,886.7463,533.0734,2398.116,288.0128,1947.3781,816.7778,9250.3379,1314.3533,981.3049,94.2013,3014.447
2022-11-01,1149.553,2892.0073,1442.6412,728.1272,886.6487,535.9534,2415.2485,288.6735,1948.6775,820.2628,9179.4629,1319.6649,1000.3151,93.8766,3064.5957
2022-11-02,1156.7323,2876.0376,1424.5741,728.5842,882.843,533.1198,2383.5405,292.9272,1937.9451,795.033,8960.8164,1318.0079,1015.128,93.923,3037.9211
2022-11-03,1161.0492,2845.0308,1403.8928,725.3845,886.6976,543.3856,2410.0894,292.1426,1933.5172,803.672,8970.2334,1301.4885,1007.6492,94.6187,3047.0396
2022-11-04,1178.1344,2854.479,1388.5309,720.3803,883.4284,551.7932,2385.481,292.06,1939.6775,801.4632,8960.9131,1304.3148,1003.4996,97.1697,3085.8872
2022-11-07,1184.4276,2868.9399,1382.5237,725.986,895.3337,570.5594,2397.2644,291.9774,1942.1321,807.6479,9061.6924,1316.9847,992.3539,98.9786,3010.4219
2022-11-09,1183.2465,2853.2812,1385.9629,725.7694,888.5029,571.86,2374.5493,297.9243,1928.5117,804.0646,8984.2148,1303.584,978.072,98.4221,2993.8835
2022-11-10,1168.933,2844.0542,1377.4794,733.6605,888.698,562.7556,2379.092,294.0423,1903.6293,810.6422,8832.5117,1265.233,975.2736,97.1234,2953.7742
2022-11-11,1195.8787,2941.9124,1439.9817,775.2335,884.6483,558.6215,2369.1067,294.3314,1935.8273,811.7711,8823.0938,1254.415,978.072,99.7671,2963.7168
2022-11-14,1190.0851,2959.2571,1453.9221,777.11,873.3286,550.4926,2326.2781,286.7738,1924.9503,806.8625,8886.0078,1245.6923,981.3049,100.8339,2961.5828
2022-11-15,1184.7458,2956.6846,1461.901,779.0106,889.6738,558.2034,2325.9939,285.1632,1921.822,819.9683,8895.5713,1258.8981,980.4845,100.6948,2986.8997
2022-11-16,1177.9528,2976.8682,1469.9719,785.6988,891.528,557.1815,2345.2551,284.2133,1928.608,825.8094,8869.1143,1254.0251,982.9935,98.8395,2990.5371
2022-11-17,1180.9972,2971.2344,1455.848,778.6016,897.5782,556.5311,2328.3604,283.8829,1953.5868,830.6689,8724.9365,1227.3696,977.879,98.1901,2979.4309
2022-11-18,1180.361,2966.3103,1461.3508,776.5566,898.1149,559.9221,2350.792,281.6942,1948.6775,821.9808,8590.5625,1195.9874,974.2603,97.8655,3002.6133
2022-11-21,1159.118,2913.1233,1438.239,768.5933,899.1395,555.6486,2367.5452,278.5142,1936.1642,835.6264,8607.2148,1187.3135,968.036,96.7059,3002.4197
2022-11-22,1165.5476,2941.0249,1453.6929,767.4626,901.384,556.5776,2381.0796,281.0334,1953.8275,832.0923,8615.5156,1197.2543,974.7428,97.5872,3010.7129
2022-11-23,1161.9125,2935.1255,1451.9503,769.4594,905.0434,564.5208,2373.1765,280.6617,1949.207,827.8219,8674.498,1204.3202,982.0285,97.8191,3007.7546
2022-11-24,1171.9319,2998.8704,1494.7343,781.9697,916.168,566.1001,2412.74,281.4464,1975.3889,832.8286,8706.1484,1222.2042,998.8677,97.8655,3021.8191
2022-11-25,1189.426,3007.2993,1500.0995,778.3611,907.8245,564.2885,2401.6658,281.0747,1985.5441,831.356,8757.0244,1228.783,997.6613,98.5148,3014.8835
2022-11-28,1230.2991,3012.2673,1488.8646,769.9887,914.753,565.4033,2390.0713,280.8683,1987.1804,822.079,8723.918,1218.9393,998.5299,97.3089,3056.6418
2022-11-29,1232.4119,3014.1306,1494.0464,768.8339,923.8771,565.3569,2493.2383,282.7266,1973.8008,820.5573,8650.9053,1225.1768,1013.1015,98.4221,3040.9768
2022-11-30,1241.1135,3008.3191,1499.4575,773.9343,929.8785,559.6898,2540.7048,280.8269,1997.1914,833.2213,8712.9941,1272.4452,1009.4343,99.8599,3079.8735
2022-12-01,1237.4558,3083.5984,1519.7719,779.2512,917.4854,564.9388,2520.3555,280.4553,2025.4908,833.074,8697.46,1260.6038,1009.8204,102.7355,3083.9473
2022-12-02,1236.9332,3051.2153,1502.1631,773.2847,908.1172,564.4278,2475.1606,278.473,2007.4426,833.1231,8559.2998,1232.4865,1003.5961,103.8951,3049.1245
2022-12-05,1218.8937,3039.4597,1503.8596,776.0995,911.0447,573.4858,2479.6565,278.1425,2007.5391,828.6563,8536.1934,1227.8082,1003.0172,107.4665,3062.1711
2022-12-06,1222.4153,3003.4844,1479.2349,775.2335,900.3594,565.7285,2512.4998,278.5968,2015.1432,818.1031,8463.667,1230.9757,997.3721,104.7763,3066.8271
2022-12-07,1204.3759,2999.2698,1472.4479,774.8966,899.8715,563.9633,2562.4744,280.9095,2044.5017,818.7411,8407.1602,1234.4355,982.125,103.153,3129.6826
2022-12-08,1203.8077,2972.6091,1485.8839,779.2512,909.3859,568.2369,2560.6755,279.5054,2086.5659,817.3668,8430.0264,1241.9888,946.4684,103.7559,3124.7844
2022-12-09,1185.5638,2921.3293,1439.2479,784.8087,907.4341,572.7427,2576.5767,281.9833,2073.4268,819.6247,8362.6934,1233.2661,958.0966,102.4573,3130.1191
2022-12-12,1187.3813,2915.74,1418.9795,790.9196,907.8245,569.5374,2571.8442,283.47,2082.7156,813.2436,8407.7441,1231.9016,952.8374,103.6168,3071.3376
2022-12-13,1192.7886,2956.241,1441.8617,793.1088,910.4105,572.9749,2565.2661,285.4523,2091.5713,822.717,8369.8291,1250.7601,959.8337,103.153,3083.1228
2022-12-14,1188.472,2985.74,1448.5109,799.8211,899.4811,581.1038,2540.9888,285.2871,2113.2771,814.029,8390.1211,1253.7815,965.2375,104.8691,3051.5496
2022-12-15,1171.5911,2932.2866,1412.8346,785.1696,886.8439,572.2316,2520.7341,279.8771,2096.0474,811.2311,8334.3428,1254.2688,967.1194,102.9211,3036.6604
2022-12-16,1165.7975,2874.752,1396.0511,788.9467,880.2083,560.5259,2528.3533,276.7797,2093.5928,807.697,8238.8555,1219.8164,958.8687,103.0138,2964.2019
2022-12-19,1181.1106,2840.8608,1382.4319,791.4007,884.5507,561.5479,2572.6487,281.2399,2102.2559,825.0241,8353.4688,1257.8749,953.3681,103.7096,2988.5
2022-12-20,1191.3347,2878.0339,1382.3862,785.9395,887.7222,561.5479,2531.4294,280.9508,2082.2825,813.7835,8276.2832,1242.866,953.754,102.9211,2989.6643
2022-12-21,1174.3856,2899.8589,1384.4496,778.337,870.6938,551.2822,2523.5259,276.821,2065.967,799.1071,8107.396,1233.5585,970.4003,101.4832,2977.5391
2022-12-22,1171.3412,2892.0073,1395.9137,775.6665,869.1324,551.2822,2503.7917,274.5909,2030.9774,801.6595,8091.812,1202.6146,975.2736,99.8599,2995.8721
2022-12-23,1136.9889,2864.1934,1373.0314,768.7377,857.6663,533.2592,2480.8396,269.8417,1985.5441,793.855,7904.6719,1193.5021,966.492,94.8507,2966.1418
2022-12-26,1146.9174,2885.9744,1377.8925,784.0388,871.6208,554.7195,2477.3848,276.3667,2012.785,796.162,8016.519,1205.636,965.0446,97.4016,2964.3474
2022-12-27,1156.3007,2891.8301,1389.3103,784.8328,878.8908,559.1788,2454.4797,275.1691,2044.598,799.8924,8063.7539,1202.9071,965.1411,103.1066,3019.2004
2022-12-28,1156.1873,2889.7009,1384.9999,784.2072,877.2319,558.3892,2445.3462,276.2015,2041.7101,789.0937,8175.9897,1220.5474,960.1714,102.0398,3029.967
2022-12-29,1155.6646,2900.0364,1391.7869,789.7407,886.1121,568.3762,2430.6284,276.9862,2031.8918,805.7336,8190.311,1230.2936,965.527,103.6632,3021.6738
2022-12-30,1157.4368,2889.3457,1383.2115,783.4133,869.3275,570.1414,2424.0029,273.8475,2007.7314,791.3516,8150.3096,1217.4774,966.3474,104.4981,2995.2412
2023-01-02,1170.4779,2893.5603,1397.7021,783.6779,880.6474,568.7479,2421.4949,274.9213,2011.2448,798.6163,8158.7563,1230.7808,962.1013,110.6204,2955.8115
2023-01-03,1161.9125,2937.8313,1396.3723,788.8023,879.5739,568.9337,2406.0198,273.4759,2010.7633,802.6411,8138.8042,1217.5751,973.7777,109.8783,2937.3816
2023-01-04,1144.4182,2940.7583,1370.922,774.7042,877.3783,562.2446,2400.3884,270.0894,1993.0524,796.9473,8177.689,1204.8075,968.9528,107.3737,2926.3237
2023-01-05,1142.3734,2937.6094,1352.9462,769.7241,857.9103,562.1517,2445.4409,275.4168,2009.2235,792.3333,8214.873,1220.84,980.6293,108.1158,2914.1985
2023-01-06,1152.7565,2849.2891,1328.4591,767.1739,849.0789,558.0176,2438.5789,276.7384,2008.4534,781.4365,8139.0947,1232.7788,973.3918,107.281,2889.0273
2023-01-09,1179.9747,2945.4612,1361.4297,768.6655,852.2504,564.5673,2483.6318,279.2163,2042.2878,804.4083,8133.2222,1277.0746,981.2565,109.0435,2894.6047
2023-01-10,1162.5259,2915.6958,1347.948,754.6154,840.5403,552.908,2502.3723,275.3756,2027.8009,778.344,8051.8115,1281.5089,976.4315,110.2494,2871.519
2023-01-11,1147.8716,2953.2244,1349.3236,765.4897,845.3707,554.348,2454.4797,274.054,2045.801,751.5435,8043.3643,1279.2675,992.0162,110.2494,2852.1677
2023-01-12,1123.0844,2958.2371,1357.8988,769.5798,839.8572,552.6758,2451.4514,272.4434,2078.9136,743.0518,8125.6484,1286.3821,996.6964,109.5537,2828.4512
2023-01-13,1121.2667,2993.9026,1379.0386,770.1812,852.348,557.5066,2483.5845,271.5348,2072.8013,750.3163,8207.3984,1294.4226,995.4902,111.7336,2821.8552
2023-01-16,1110.5886,3025.2068,1399.0778,762.7952,844.3461,560.2009,2458.124,272.7325,2057.2075,745.2606,8136.2305,1282.1913,999.2054,111.2698,2828.5483
2023-01-17,1126.3561,3065.4482,1411.9177,774.1508,844.2485,550.8641,2524.8042,274.4257,2130.2666,751.6908,8232.5928,1287.3079,996.5516,110.7132,2852.6526
2023-01-18,1124.4929,3075.9734,1417.3287,787.816,848.4934,549.4706,2542.4556,276.408,2181.668,762.3423,8246.8652,1288.575,1003.6927,113.5889,2856.8721
2023-01-19,1123.2888,3060.6394,1411.3673,791.0879,845.2244,547.9841,2507.9563,274.3431,2188.0212,757.8755,8254.2441,1286.041,1004.127,114.6093,2780.1455
2023-01-20,1109.9296,3051.5657,1399.1238,799.1955,849.3228,550.1674,2412.3611,276.3667,2165.7373,750.4636,8194.1943,1281.3628,994.2839,114.0527,2704.1465
2023-01-23,1104.3179,3098.5667,1419.7131,805.0418,850.6403,557.8318,2457.4609,278.9685,2149.9031,758.5627,8172.1543,1294.715,1012.5706,113.1714,2700.8975
2023-01-24,1097.7972,3117.9849,1423.29,815.8199,849.7132,552.1647,2461.3418,279.9597,2124.8762,761.4587,8445.6572,1290.2805,1004.2715,111.6872,2726.2625
2023-01-25,1082.6204,3112.0417,1415.1276,793.2772,834.6364,528.3353,2482.0229,280.2074,2093.3037,762.2932,8528.4746,1278.1953,1003.6445,112.2438,2691.7307
2023-01-27,1062.0818,3095.0735,1393.254,777.4709,797.4569,501.6259,2472.3682,285.7827,2079.01,760.3298,8483.2305,1286.6743,1006.8771,111.9191,2640.9512
2023-01-30,1072.2603,3115.5803,1411.2758,776.6769,803.6047,500.0001,2430.7227,284.7916,2033.8171,756.1085,8560.417,1297.7849,1014.8865,110.1566,2683.1946
2023-01-31,1069.5792,3047.5728,1406.6442,771.5525,811.8018,514.2142,2438.8628,291.0276,2044.8866,756.2065,8636.4385,1343.7377,998.2887,111.0379,2644.0554
2023-02-01,1063.2405,3092.6238,1422.5563,783.1246,827.4641,489.9202,2436.4968,298.5025,2065.2451,755.0286,8513.668,1317.7157,979.3748,113.2178,2661.4182
2023-02-02,1057.356,3139.8528,1452.5004,771.4803,837.1736,490.6169,2493.8538,312.709,2064.6194,763.5203,8612.0215,1318.0568,972.3303,111.2698,2624.4617
2023-02-03,1058.2875,3159.7236,1466.8536,798.1611,842.931,505.5743,2507.0098,314.4023,2085.459,778.3932,8682.0703,1352.7527,992.161,111.6408,2677.5688
2023-02-06,1050.3129,3139.4438,1439.7523,794.7689,833.0751,506.6891,2496.4568,316.6736,2075.4001,774.8099,8648.7686,1341.0574,987.529,108.9507,2671.5549
2023-02-07,1047.7909,3150.877,1432.9198,795.9477,832.1481,508.2684,2462.0042,308.2901,2084.2556,771.5212,8507.4551,1331.9935,971.1723,103.3849,2675.2893
2023-02-08,1068.7159,3194.0222,1458.6912,795.8515,838.3446,510.7303,2444.5891,310.1898,2051.0955,760.9188,8577.6016,1338.1824,984.8809,103.3849,2682.6128
2023-02-09,1070.579,3212.8503,1482.9951,794.1914,840.0035,511.7058,2448.2803,309.1161,2067.0259,752.6234,8545.0771,1337.3539,978.853,103.1994,2730.1426
2023-02-10,1061.7637,3209.8557,1475.2454,797.3431,833.2214,513.7961,2439.5728,306.7208,2082.8601,757.8264,8554.9307,1330.7753,978.6585,100.9267,2720.4429
2023-02-13,1055.7203,3159.8145,1437.5514,797.9445,830.0988,499.3498,2442.8855,309.0748,2120.8335,754.5377,8553.0879,1318.6415,987.0684,100.8803,2707.0083
2023-02-14,1080.5984,3175.875,1461.2133,805.3304,844.3949,502.462,2441.5601,319.1928,2109.6194,761.017,8519.1055,1328.5337,978.8043,101.3441,2693.6707
2023-02-15,1105.0675,3194.521,1464.6984,803.6945,849.762,503.7627,2412.0771,320.8559,2093.6411,771.0304,8587.9424,1344.3224,967.7695,102.3181,2702.5459
2023-02-16,1104.2042,3228.4568,1469.0547,800.7834,848.4446,501.7652,2391.8699,321.1497,2096.7693,770.0978,8548.8633,1333.4069,967.5264,103.8951,2721.752
2023-02-17,1108.8164,3176.8274,1452.5464,796.7656,841.8089,493.3112,2380.8906,321.8633,2143.021,762.5876,8551.4365,1307.4336,957.1721,104.127,2748.5725
2023-02-20,1097.093,3164.2607,1460.4795,789.2834,831.5137,487.8764,2377.0571,322.409,2142.2026,764.8947,8440.6572,1312.063,957.0748,104.2198,2740.7642
2023-02-21,1106.0446,3131.3235,1448.6028,792.2427,833.5631,486.2971,2381.5056,320.8979,2146.0049,764.7965,8417.5488,1317.5208,944.6301,104.9619,2732.5676
2023-02-22,1080.9618,3086.4539,1432.3696,776.7009,818.9742,479.7009,2360.5884,322.2411,2112.6035,758.0228,8406.9658,1286.2358,941.6647,103.1066,2712.0522
2023-02-23,1075.7819,3097.5691,1422.1893,771.4322,819.4622,484.0209,2357.3699,325.3892,2078.3359,748.9911,8443.1807,1280.5833,945.5051,103.9415,2624.7527
2023-02-24,1083.1431,3085.4556,1422.1437,764.5515,819.4133,484.0673,2351.2654,323.2905,2054.1753,743.2481,8408.4717,1247.6902,943.5606,101.8079,2656.3259
2023-02-27,1075.9407,3023.2109,1384.2205,766.4521,835.7099,490.2454,2336.074,320.8559,2034.5869,739.1249,8380.9951,1225.4692,938.262,98.4221,2667.384
2023-02-28,1055.3567,3005.9707,1364.2729,769.6759,834.1973,485.6932,2328.9756,316.2387,2030.2073,728.6698,8373.374,1237.3593,930.0464,96.4276,2743.9165
2023-03-01,1065.0579,3072.072,1372.0684,768.9301,835.6123,498.6066,2334.2759,317.9177,2036.1273,736.4744,8509.1055,1239.8447,932.6715,97.8655,2755.6533
2023-03-02,1056.9471,3013.7737,1350.1489,762.3862,833.3679,495.866,2323.9592,315.2733,2042.1914,726.5591,8299.9727,1219.7679,938.505,97.077,2748.8633
2023-03-03,1083.9154,3032.5562,1356.7067,777.519,847.5663,521.3676,2338.7715,323.1646,2071.5017,750.4146,8350.9453,1236.3848,940.0606,99.2569,2743.9651
2023-03-06,1094.5029,3059.5051,1382.5237,783.0043,846.7857,521.8322,2351.8806,325.8509,2061.0093,752.5743,8380.2666,1238.1877,938.4563,98.0046,2778.5938
2023-03-08,1098.4333,3076.3369,1368.996,784.5681,851.0305,524.7121,2352.1172,329.4188,2089.5498,752.5252,8440.9004,1257.1925,930.9215,98.7931,2773.7441
2023-03-09,1072.033,3027.7471,1357.7156,784.6403,835.2708,519.231,2329.6848,325.3053,2111.1116,759.2499,8293.3711,1216.4542,926.2548,100.3701,2767.9238
2023-03-10,1055.4248,3022.439,1349.5989,764.4072,822.2921,508.5007,2333.5186,325.725,2077.0847,759.5935,8351.2363,1195.5488,929.0256,100.2773,2745.2744
2023-03-13,1038.0669,2977.9326,1316.1696,754.7357,808.3864,492.3821,2323.7224,322.0732,2053.9832,751.2981,8270.5068,1163.1432,927.6158,99.0714,2700.6543
2023-03-14,1034.182,2917.1394,1302.3208,752.7147,810.2892,488.1086,2311.7498,318.7572,2063.9456,757.6792,8264.4395,1131.3223,930.6298,98.7003,2663.2129
2023-03-15,1016.5057,2902.5757,1302.0,741.9127,805.9468,480.8158,2277.345,318.5053,2095.1809,742.8064,8228.3213,1130.8837,924.9909,100.7875,2742.5583
2023-03-16,1011.4393,2889.9636,1287.7385,746.7242,803.9951,487.2725,2327.7451,320.2263,2092.2451,732.3021,8191.9131,1137.4137,940.5467,97.448,2806.4321
2023-03-17,1010.1671,2884.7915,1302.9628,756.7084,816.0467,492.1963,2316.4343,315.2733,2113.5662,743.3954,8074.8213,1141.7505,931.116,99.2569,2776.7507
2023-03-20,1000.2385,2852.1267,1287.3258,751.4637,816.2419,482.3487,2376.8203,318.0016,2096.0474,740.9902,7980.4019,1137.9984,934.5187,96.9378,2769.4756
2023-03-21,1031.3419,2818.3723,1275.449,759.9804,831.8065,484.8106,2330.8215,316.4485,2125.7905,743.1009,7988.9463,1130.835,929.6576,97.1697,2753.9075
2023-03-22,1034.4772,2840.7847,1274.1193,758.2242,839.4181,484.5319,2343.8352,317.1202,2131.085,742.8555,8012.248,1134.5385,945.0676,97.2161,2754.635
2023-03-23,1021.3906,2835.2041,1260.6376,752.1374,834.7828,476.3565,2352.1172,319.5547,2124.0579,749.5801,8110.1147,1135.3668,950.5121,97.3089,2713.8467
2023-03-24,1001.1699,2831.4382,1266.2321,750.9345,831.8065,469.4817,2348.0469,317.9177,2085.0737,748.5002,8003.0244,1121.5763,945.8454,94.7115,2714.5256
2023-03-27,1016.733,2833.0715,1273.844,754.2063,828.1959,473.941,2365.2732,319.177,2073.3787,747.813,8037.4424,1109.0038,956.1512,94.897,2719.6179
2023-03-28,1021.4816,2827.2642,1263.4348,760.3412,834.0997,472.0366,2349.9402,318.7992,2053.7424,734.7563,7969.916,1099.6477,956.8804,95.0826,2700.8975
2023-03-29,1015.438,2848.1338,1268.8917,763.9982,830.4404,479.8403,2395.4189,321.3177,2067.074,729.9951,8053.8989,1115.2413,964.3666,96.103,2687.3655
2023-03-31,1059.219,2908.9275,1309.6119,774.4636,856.0562,486.5758,2423.3408,321.9472,2083.1968,735.2964,8050.8413,1129.2756,955.8109,96.9378,2678.7812
2023-04-03,1059.4008,2903.5745,1293.9291,774.9447,862.4479,489.3628,2400.3884,318.0856,2088.9241,746.6349,8255.6035,1140.1913,951.8732,96.5668,2693.6707
2023-04-05,1056.8562,2939.6877,1305.5768,795.7311,863.2286,485.879,2444.542,324.3818,2173.2456,749.482,8201.2334,1126.108,969.4709,97.2625,2724.2253
2023-04-06,1063.9448,2922.3567,1304.0635,801.7939,853.8605,490.1989,2427.9785,325.1793,2189.1282,751.9362,8268.8086,1141.5068,984.0059,96.7987,2725.5349
2023-04-10,1056.4019,2961.1011,1309.2911,797.9926,847.4688,488.9448,2396.6494,326.1867,2223.251,755.6666,8286.7695,1158.4163,980.603,97.3553,2693.0403
2023-04-11,1061.6273,2916.0959,1289.6188,800.3264,860.5938,494.3331,2411.4146,332.441,2215.3582,759.9862,8407.5498,1171.1835,981.235,99.7671,2671.167
2023-04-12,1066.3076,2941.3657,1309.9331,810.7195,868.6445,490.7099,2393.6208,330.3842,2202.8445,756.9919,8370.1689,1176.6902,988.4783,99.8135,2703.1282
2023-04-13,1070.329,2893.4573,1274.0734,814.3524,877.2806,495.1227,2400.4829,332.1052,2174.2083,753.016,8418.4717,1173.9613,975.6446,99.7207,2725.438
2023-04-17,1075.759,2848.6782,1154.0214,801.9383,879.5251,505.3885,2415.2954,335.9249,2131.1331,745.7515,8422.209,1182.1479,970.9778,99.3961,2757.7876
2023-04-18,1063.4449,2840.7388,1154.9843,798.5461,875.1826,507.1071,2405.0732,334.5397,2133.636,745.8496,8478.5225,1174.1074,976.9085,99.8135,2768.9421
2023-04-19,1068.7386,2803.4011,1130.0842,801.4811,870.3523,501.951,2396.1289,334.7496,2136.5234,750.66,8427.3555,1184.6332,967.8668,100.2773,2725.3896
2023-04-20,1066.0349,2817.1929,1122.0135,804.4644,872.7919,506.1317,2359.2158,336.0509,2149.1814,758.17,8461.0469,1187.6544,960.3318,100.1846,2758.5146
2023-04-21,1067.3754,2868.0508,1125.6362,805.7635,864.2532,504.5988,2364.2795,342.7248,2132.2878,751.1999,8309.3916,1181.9531,961.9847,98.4684,2795.6172
2023-04-24,1071.4651,2880.7087,1124.6733,812.2833,882.8918,515.2361,2365.9832,343.1026,2145.4753,746.3405,8219.7773,1177.08,951.9706,98.7931,2804.3472
2023-04-25,1079.6667,2881.7971,1123.3893,800.7353,891.3816,521.925,2357.1809,345.4952,2163.8123,758.4645,8222.4473,1179.1267,945.5051,99.3033,2811.0398
2023-04-26,1073.3281,2901.895,1125.8198,804.4163,892.8454,526.152,2376.4419,346.0829,2190.9568,759.299,8259.3418,1182.7328,944.2898,99.1178,2822.6799
2023-04-27,1080.1212,2892.6401,1142.97,808.843,896.1632,524.6657,2336.8311,349.2309,2219.3044,772.1102,8294.3428,1192.9174,951.533,99.8599,2812.9312
2023-04-28,1099.8646,2921.0408,1148.9314,812.0187,895.4802,537.254,2325.8049,357.2481,2275.9038,784.676,8339.5859,1195.7438,960.2346,100.1382,2815.259
2023-05-02,1109.2026,2921.1772,1171.5844,811.8503,899.8226,534.4669,2320.5044,356.3247,2295.2034,775.7426,8521.4355,1205.8796,946.0397,102.3181,2812.5435
2023-05-03,1099.683,2885.3357,1163.9723,814.6891,900.5545,530.0076,2352.969,358.5913,2268.1072,765.0419,8541.291,1204.0767,936.8522,101.7615,2841.7886
2023-05-04,1112.3606,2922.3567,1168.0076,831.3617,899.4323,538.8333,2372.6086,356.4506,2268.6846,774.6627,8544.4941,1200.4218,946.9634,103.0138,2893.344
2023-05-05,1109.5208,2931.4299,1154.7551,782.2104,904.5554,535.5817,2366.9299,359.9346,2288.5134,772.8956,8688.2363,1180.4424,943.5121,100.7875,2922.5405
2023-05-08,1123.2207,2949.4873,1160.7166,791.2563,915.2409,542.1777,2381.6475,362.2012,2276.8662,779.2275,8812.1221,1200.5193,935.1508,101.6224,2928.8452
2023-05-09,1126.6969,2979.1116,1165.3938,791.2803,911.8255,532.7946,2381.1741,355.779,2285.4814,779.0803,8846.3955,1213.8226,930.8729,101.6224,2943.7351
2023-05-10,1134.4443,2982.3335,1158.5613,794.9373,913.4355,531.5869,2387.7051,357.0803,2275.9519,781.4855,8901.3486,1216.9414,927.3243,101.3441,2950.137
2023-05-11,1127.0377,2978.1143,1152.0037,795.4665,916.5095,532.7482,2453.6753,352.9248,2158.2295,774.1718,8991.4004,1219.5242,934.373,100.6948,3045.5356
2023-05-12,1128.8778,2970.9912,1142.007,802.4916,921.0959,537.1146,2483.0161,352.9668,2137.9675,777.4605,9024.8955,1243.5481,929.4632,99.025,3037.1453
2023-05-15,1131.1044,2953.5249,1154.0671,806.3409,922.9012,540.5984,2519.7876,359.137,2162.7534,782.4672,8939.3584,1253.0018,926.5464,99.9063,3038.0183
2023-05-16,1114.9962,2956.3374,1159.5242,801.7175,923.4868,544.686,2532.7073,355.905,2143.8389,772.9446,8807.3652,1230.391,914.831,99.628,3043.9355
2023-05-17,1108.4073,2911.468,1143.5662,797.4102,916.6559,544.686,2519.3142,358.9691,2136.5234,777.7551,8854.0186,1231.0244,909.9697,98.3293,2999.6553
2023-05-18,1106.0219,2903.4375,1142.7407,800.598,923.6331,533.4449,2486.9448,352.3371,2106.2986,784.7251,8789.8408,1213.8715,903.8446,97.5872,3015.7571
2023-05-19,1109.6115,2924.3079,1163.7429,801.5228,931.2446,534.3275,2500.1006,352.463,2108.0796,791.008,8840.958,1228.3931,900.15,97.077,2991.895
2023-05-22,1115.5414,2993.1311,1185.6622,798.6756,927.3901,536.1856,2496.9297,356.5766,2133.636,787.1793,8890.1836,1233.4124,911.428,97.4016,2992.3315
2023-05-23,1115.3369,2991.634,1192.3115,796.8019,930.3665,540.3197,2487.6545,360.2704,2115.3948,785.3142,8932.9512,1236.3361,905.7404,97.9582,3026.9607
2023-05-24,1108.839,2997.3506,1191.0275,786.3868,917.9245,541.3416,2475.0183,363.9221,2103.3628,786.7377,9000.9629,1243.3044,925.72,97.5872,3008.4333
2023-05-25,1108.7026,2988.4133,1196.2551,783.3693,917.1437,539.9945,2458.2659,370.3443,2122.1812,807.6479,9011.7402,1245.3512,918.7684,97.2625,3029.8215
2023-05-26,1138.9429,3020.5337,1208.2693,786.3868,927.7317,544.4074,2510.4172,372.4011,2135.4165,802.9848,9126.4033,1249.2982,942.9773,98.7003,3034.5261
2023-05-29,1145.3497,3012.7759,1205.4722,795.9745,925.2433,552.7686,2508.4771,377.0183,2141.2881,806.2244,9061.8867,1296.3718,941.5676,100.602,3043.2561
2023-05-30,1145.0543,3009.0103,1214.139,796.5829,926.9998,550.7248,2514.3928,386.1734,2128.0527,803.4756,9110.2852,1294.715,932.9633,99.3033,3050.0461
2023-05-31,1122.3118,2984.783,1209.0491,783.9777,926.2191,549.162,2524.8042,382.3966,2123.0952,834.3503,9095.0918,1285.5049,948.276,98.1438,3097.1392
2023-06-01,1119.2902,3016.0872,1210.1495,780.6439,913.4844,551.9086,2553.5298,377.4182,2125.1653,812.8019,9056.8379,1285.4075,960.2831,98.2829,3143.4563
2023-06-02,1115.6323,2999.3918,1207.3612,781.8607,915.4849,556.1231,2571.3237,380.5941,2150.9141,821.1954,9209.3174,1307.3361,971.8528,100.1846,3140.1099
2023-06-05,1125.6517,2984.239,1212.4734,780.8386,923.8771,556.1231,2551.5422,378.2336,2183.4009,819.232,9303.252,1359.9648,980.7489,101.4832,3103.7351
2023-06-06,1126.6058,2932.8818,1188.7722,778.4052,919.3394,554.371,2547.1406,380.0791,2192.6892,814.2744,9452.8672,1375.3635,985.6588,101.1122,3116.345
2023-06-07,1135.1486,2971.5356,1198.02,782.4446,917.4854,558.0173,2570.8506,381.0662,2228.834,828.8036,9425.002,1370.6854,986.4366,103.4313,3128.0337
2023-06-08,1135.8301,2936.6477,1192.3041,782.9313,915.2409,557.3544,2536.4929,380.1649,2252.7058,820.7045,9377.5244,1345.9794,959.6026,103.1066,3115.8599
2023-06-09,1127.7874,2912.0125,1176.6427,783.8561,915.3873,548.073,2495.1313,376.3453,2274.5562,818.2502,9347.6221,1335.8434,956.6373,101.0194,3105.6565
2023-06-12,1128.787,2946.1296,1200.8085,779.0865,913.3381,548.0257,2501.9932,375.0577,2252.3689,821.0482,9272.5234,1346.3203,958.0956,101.576,3119.522
2023-06-13,1145.4633,2943.2251,1212.7986,780.4005,920.7544,545.8948,2532.7073,382.3108,2266.2778,819.0847,9240.5322,1338.2799,960.672,103.1066,3186.0183
2023-06-14,1159.5496,2949.895,1208.6626,779.5488,917.095,546.0367,2554.3345,381.5383,2266.9038,812.8019,9255.0947,1343.6401,959.311,105.5648,3193.1951
2023-06-15,1159.8677,2940.0681,1196.0219,769.9612,904.2139,536.5186,2545.7683,384.6284,2272.9197,814.5198,9315.6309,1357.3822,960.9639,105.5184,3216.7766
2023-06-16,1171.1594,2902.2239,1200.5299,780.0355,911.6303,541.0172,2570.3301,388.9202,2278.2141,822.4716,9324.2236,1368.2002,964.4639,105.9823,3238.7466
2023-06-19,1159.527,2934.6748,1202.7141,780.717,900.8473,538.7443,2560.406,389.3493,2277.7808,812.9982,9254.6104,1366.9333,973.9918,105.8431,3231.7651
2023-06-20,1161.9353,2950.4893,1211.4509,782.3474,903.1893,537.3711,2553.5835,388.7056,2292.8452,815.9924,9215.8711,1360.988,964.4152,105.9823,3240.5532
2023-06-21,1165.2069,2978.3696,1207.6866,796.0232,902.3597,536.3765,2554.0605,383.7271,2304.8291,823.6497,9166.1123,1339.3519,964.3666,105.6576,3238.0144
2023-06-22,1152.1201,2960.3616,1191.1423,799.9167,903.3845,533.1565,2532.8291,384.2421,2325.813,827.3802,9129.4121,1343.6888,962.811,106.4239,3171.5671
2023-06-23,1142.6917,2940.1138,1175.7598,799.868,901.1888,525.2485,2520.6631,381.7529,2300.1125,839.1606,9055.8662,1338.3773,963.9291,104.9871,3220.0476
2023-06-26,1133.9672,2915.7073,1180.7323,795.9988,905.0434,527.5688,2530.6824,382.5683,2288.5618,836.3628,9194.6094,1362.1577,967.3319,105.2265,3230.2517
2023-06-27,1134.3762,2922.7461,1188.9116,807.217,913.4844,536.1398,2529.9668,382.0533,2298.6685,849.0758,9185.6758,1366.7871,973.9918,106.0887,3247.6814
2023-06-28,1149.3939,2939.2915,1202.1099,815.7584,914.8018,539.644,2539.4133,385.7014,2330.8184,856.2422,9263.0088,1359.575,993.4365,106.855,3269.4075
2023-06-30,1158.8226,3018.6362,1241.2864,828.0471,912.0206,542.5326,2555.5393,387.6327,2382.8936,862.6724,9504.1797,1416.6869,1022.4095,107.286,3282.8826
2023-07-03,1188.5629,2991.2585,1239.6133,837.0022,919.7785,554.4658,2577.3911,397.6324,2362.1985,863.0651,9391.5078,1430.6725,1004.034,108.3398,3279.6113
2023-07-04,1176.3169,3024.6699,1250.2555,841.0903,921.8766,558.0646,2576.3894,400.2933,2369.7065,849.3213,9366.6523,1427.2612,1019.6871,107.6692,3268.8699
2023-07-05,1174.3856,3034.8162,1252.254,814.3712,934.8553,559.3431,2629.6824,407.804,2378.3213,850.7938,9701.5146,1437.8845,1015.7009,108.1961,3294.9414
2023-07-06,1199.0366,3037.5129,1249.0936,815.1987,936.2215,561.1426,2630.875,406.7739,2395.4551,853.739,9572.4824,1509.4694,1013.562,107.9087,3319.3525
2023-07-07,1196.6965,3043.3176,1236.3602,808.093,923.5355,562.1844,2574.5762,402.053,2357.6743,854.5243,9563.5986,1524.4296,1006.9507,106.9029,3264.9646
2023-07-10,1242.7948,2990.9387,1235.3843,806.1706,925.4872,561.2373,2534.9287,399.8642,2347.4709,869.2007,9452.9639,1512.0033,1015.9926,110.4472,3264.4272
2023-07-11,1256.2677,2991.3501,1253.4622,802.2527,922.1206,557.4016,2561.5984,406.1302,2381.9309,875.5818,9612.0469,1529.595,1042.4861,110.3035,3312.6643
2023-07-12,1257.6536,2979.9236,1239.2417,794.7335,921.5839,558.0646,2551.2456,405.4005,2363.0647,873.6675,9549.5684,1530.9592,1048.8058,109.8724,3326.5295
2023-07-13,1246.4073,3053.6475,1268.7982,798.7,932.6108,554.6552,2533.1631,405.143,2358.4443,868.8571,9366.7969,1527.1096,1045.7919,110.0161,3318.5229
2023-07-14,1245.3622,3212.7947,1325.3553,800.3547,936.8558,553.4713,2554.3467,405.9156,2379.717,870.2806,9324.1758,1523.072,1043.1667,112.2193,3348.9883
2023-07-17,1270.8086,3191.8154,1322.567,817.0967,945.2968,569.2875,2558.9268,405.4435,2376.3962,862.0342,9407.5752,1512.9775,1047.6876,112.794,3378.9165
2023-07-18,1281.6002,3196.5234,1371.1311,816.4153,951.8837,561.0005,2559.9766,405.5722,2382.0754,859.4329,9384.3721,1511.4019,1037.5278,111.6924,3430.7173
2023-07-19,1291.3243,3172.0251,1370.8988,820.1141,949.9321,569.619,2549.2898,411.0228,2400.7974,854.8188,9327.9609,1521.0038,1051.8198,111.7882,3431.8892
2023-07-20,1289.7606,3174.0869,1347.2441,821.8906,971.5469,577.7638,2579.4905,422.4389,2396.5139,868.6608,9488.1113,1521.89,1067.1813,112.0277,3442.9719
2023-07-21,1249.8347,3087.0208,1237.6614,815.5637,972.9131,582.5465,2484.7842,420.9797,2489.45,869.7897,9485.7324,1500.3718,1066.6952,111.6924,3434.8669
2023-07-24,1224.5549,3111.2612,1242.3087,816.8533,968.0338,584.9616,2462.1216,404.5851,2507.7388,871.9005,9412.6729,1523.3673,1069.855,110.6387,3460.2549
2023-07-25,1223.7672,3115.2942,1240.4498,825.711,970.6686,577.3376,2450.5754,396.817,2465.0488,867.4827,9474.6143,1541.9803,1064.6534,114.2309,3320.3291
2023-07-26,1243.6562,3105.3503,1253.6946,822.8395,972.3764,582.5939,2465.0317,405.3577,2547.2046,873.1276,9472.4316,1521.3977,1081.1329,114.9014,3293.5745
2023-07-27,1232.0872,3113.2322,1257.6912,814.2982,966.3261,583.9198,2452.1975,399.1775,2560.6323,878.7724,9469.7607,1425.427,1103.4457,114.7578,3290.0593
2023-07-28,1244.4685,3075.1975,1245.9336,799.868,972.1324,583.4462,2466.2725,402.0959,2550.3811,878.7233,9388.8848,1445.5175,1110.8611,115.5241,3310.8574
2023-07-31,1255.0039,3135.7317,1260.0613,803.6155,974.1817,587.3766,2443.5623,399.7354,2580.9907,873.6185,9534.957,1452.8049,1115.593,117.9668,3297.8223
2023-08-01,1237.2563,3163.7766,1268.8911,808.9934,970.5222,579.4685,2434.3059,398.9629,2566.8408,875.3364,9433.9844,1470.6794,1115.6417,118.0146,3264.2319
2023-08-02,1224.0382,3153.3286,1261.1302,798.408,963.1059,566.7777,2451.3389,394.9286,2552.7249,862.0342,9372.8652,1462.7518,1107.6411,113.9435,3283.7122
2023-08-03,1218.8934,3116.0271,1268.0547,792.6407,941.6862,559.2485,2434.4968,391.4523,2529.3118,855.7515,9353.167,1446.8469,1113.2513,113.2251,3257.7876
2023-08-04,1235.4595,3155.9868,1281.1135,804.1022,947.0533,542.9587,2429.4397,390.5081,2557.3491,873.373,9281.3311,1442.4152,1111.2511,113.9914,3261.0098
2023-08-07,1242.4995,3193.1045,1294.7301,803.6398,952.0789,537.8446,2451.5774,390.4652,2566.1106,875.091,9333.6641,1503.7202,1132.5699,113.8477,3264.2808
2023-08-08,1235.0164,3180.7776,1292.1274,802.9828,956.2262,542.7693,2448.3806,388.2764,2562.5088,869.2007,9352.04,1476.9331,1120.7152,113.1772,3269.2119
2023-08-09,1243.1639,3173.354,1296.0314,803.2748,957.0133,543.3849,2435.3557,393.684,2581.3953,867.5319,9274.1758,1511.451,1124.7644,115.1409,3252.5632
2023-08-10,1248.7024,3154.6577,1291.1051,796.1448,948.552,543.2902,2420.5654,387.7614,2573.5098,858.7946,9209.9824,1521.9393,1122.3251,114.9493,3161.6558
2023-08-11,1253.97,3160.7979,1275.072,787.8469,937.4834,543.7639,2387.2629,385.1863,2568.6418,858.5481,9170.0469,1522.9733,1104.8118,115.2367,3110.3433
2023-08-14,1268.7883,3161.7605,1295.2412,784.0021,944.0753,531.1203,2417.1301,385.5726,2589.4753,855.0964,9135.5498,1523.3673,1106.6656,113.1772,3127.1868
2023-08-16,1267.7545,3169.5967,1318.431,781.7146,941.0746,535.4294,2435.7373,386.4738,2619.8005,845.1356,9231.4951,1546.7568,1115.8369,111.0698,3118.8381
2023-08-17,1249.4656,3148.8376,1311.9714,777.3832,936.3028,541.8696,2426.8157,378.5341,2582.2715,844.8891,9188.1289,1549.6128,1116.9589,111.1656,3108.2925
2023-08-18,1258.7208,3085.9204,1290.8263,774.1953,935.3189,542.6273,2437.7893,379.092,2572.0005,844.4453,9267.2656,1529.0793,1107.2998,110.9261,3089.0569
2023-08-21,1244.9863,3117.5854,1306.2554,773.587,939.7955,541.4435,2445.4226,384.3709,2591.7632,859.9288,9250.3613,1515.1934,1109.7389,111.9798,3107.365
2023-08-22,1244.6899,3099.7141,1304.7217,770.2775,936.6472,538.4128,2448.333,389.9073,2607.875,865.5502,9302.4014,1526.9619,1109.8854,112.6025,3104.8264
2023-08-23,1246.0732,3114.4695,1308.6254,772.1756,951.2576,546.3683,2456.2053,386.6455,2645.6477,856.1812,9409.2744,1519.0342,1096.3721,113.9435,3094.1829
2023-08-24,1225.1259,3104.8464,1323.1711,768.6228,953.3238,546.4156,2463.0757,387.0318,2616.9773,857.4633,9382.5684,1518.7878,1091.1035,113.273,3149.6455
2023-08-25,1219.4691,3098.9353,1319.9182,759.9598,954.7504,539.7861,2446.186,380.5511,2568.5447,861.4574,9315.9258,1496.9742,1079.3953,111.9798,3182.5518
2023-08-28,1207.3157,3093.665,1315.7822,767.8684,954.8979,542.5326,2438.6953,378.8774,2623.9868,858.3508,9406.0889,1525.731,1089.8351,112.6504,3182.9424
2023-08-29,1195.7551,3094.2146,1317.6411,773.9763,952.1431,544.4268,2410.498,377.7615,2646.9619,843.4097,9429.1689,1537.1548,1084.5664,114.5183,3208.3303
2023-08-30,1194.6188,3107.7791,1333.9064,768.3307,943.4359,537.3711,2416.0327,380.0791,2637.2756,845.9246,9600.8223,1559.1655,1087.7861,116.9609,3217.1184
2023-08-31,1189.1595,3076.481,1334.1852,764.8022,943.2883,531.6412,2390.3645,377.4182,2631.1421,844.5932,9804.0811,1551.4839,1084.5664,117.7273,3179.4272
2023-09-01,1191.9509,3097.0105,1341.9928,766.384,953.0779,539.4072,2390.1257,378.577,2630.5583,854.0115,10124.9941,1567.7827,1082.0295,121.7026,3182.7961
2023-09-04,1190.9875,3133.0281,1361.7437,771.1779,951.7496,545.0896,2386.8816,375.5299,2639.3198,853.3705,10155.5713,1552.4688,1081.932,126.2048,3159.3611
2023-09-05,1197.3608,3142.9724,1374.5701,766.4814,952.7827,542.6746,2392.2727,380.3366,2660.5913,853.9622,10057.2236,1547.2985,1104.3726,126.1569,3147.3994
2023-09-06,1199.8802,3143.4758,1373.2223,776.5071,942.0585,540.3069,2407.9697,384.0704,2658.1575,868.1637,9975.6367,1553.0597,1114.5686,124.1453,3149.3523
2023-09-07,1201.5106,3166.7097,1362.766,783.9777,950.077,548.4045,2392.6543,382.74,2771.0374,863.2326,10075.5029,1541.9803,1105.4948,124.6721,3169.9065
2023-09-08,1209.5142,3154.4741,1365.9261,790.0856,954.8979,552.5716,2398.7136,379.9503,2824.7761,873.6371,10125.7285,1543.7532,1102.9579,124.0495,3161.8025
2023-09-11,1222.5569,3189.988,1372.293,794.1738,962.4738,560.385,2420.136,383.8559,2817.5718,878.5189,10323.5488,1558.0823,1109.2511,125.63,3182.6494
2023-09-12,1204.8949,3281.7749,1395.204,796.6559,974.5262,557.2122,2384.4485,387.2464,2866.1509,878.1245,10293.9023,1534.2988,1117.3981,123.5705,3180.1597
2023-09-13,1210.9222,3269.9065,1392.6479,800.0627,973.8375,564.8836,2391.7959,389.2635,2829.7896,902.5332,10264.3066,1513.6177,1120.8129,124.0974,3200.5671
2023-09-14,1212.0339,3262.7581,1400.6412,799.576,971.7714,565.6886,2386.3086,386.2163,2841.3262,902.336,10278.7617,1542.2267,1115.9832,126.1569,3163.9504
2023-09-15,1214.2817,3297.8135,1404.9634,808.7501,976.4448,567.1092,2356.6326,384.843,2831.5422,923.2438,10315.1211,1576.7937,1121.8375,126.3964,3121.377
2023-09-18,1203.7091,3305.0078,1386.5602,792.8354,974.2311,571.9866,2374.7148,388.0189,2842.543,907.5136,10312.0332,1616.5312,1119.7396,124.9595,3130.8
2023-09-20,1176.8827,3304.9165,1385.1195,761.0305,971.2303,569.2875,2353.9133,388.7914,2813.4832,898.1446,10140.1846,1609.1943,1125.1058,122.9,3138.6604
2023-09-21,1168.311,3285.8992,1395.8082,755.9933,943.8294,557.0229,2360.1157,384.1134,2822.5857,905.2946,10078.9814,1559.2148,1118.2762,122.421,3167.8074
2023-09-22,1163.4447,3302.7168,1390.6033,744.4589,934.9745,566.4936,2368.7991,380.3366,2841.2288,898.835,10324.8232,1582.752,1104.8118,121.4152,3197.7358
2023-09-25,1156.2811,3278.4294,1370.1553,745.1158,940.9269,562.6105,2362.5017,379.9075,2825.6521,897.8488,10376.8145,1565.3206,1096.7137,122.0379,3244.9961
2023-09-26,1157.2939,3286.2656,1357.6075,748.3523,933.4004,562.9421,2365.459,379.7787,2835.4363,900.117,10345.8945,1570.9834,1098.4697,123.4747,3215.2632
2023-09-27,1170.3367,3289.5654,1363.5096,743.0961,927.8906,558.5381,2387.2153,385.5297,2886.5464,907.5629,10467.5166,1565.0743,1112.2268,122.7563,3224.0515
2023-09-28,1153.1439,3241.4033,1337.9031,741.563,927.3987,558.7276,2347.7109,378.3195,2930.3062,912.8885,10354.4199,1532.4277,1104.7629,121.4631,3095.6963
2023-09-29,1158.5289,3233.9343,1334.1852,742.8284,936.5488,566.8724,2352.7207,381.4525,2943.4973,913.6282,10398.7666,1530.655,1130.4723,123.4747,3086.6152
2023-10-03,1145.2638,3220.416,1332.8376,733.9464,925.1358,571.0396,2355.8694,377.4612,2991.8816,912.5433,10140.332,1514.0608,1113.6903,122.6126,3092.2791
2023-10-04,1143.2878,3242.3196,1342.4573,744.4102,915.0511,555.2234,2393.0361,374.3281,2947.5862,911.5078,9927.6143,1498.993,1096.4697,120.0263,3095.2571
2023-10-05,1143.2632,3289.6113,1360.2101,747.4276,925.6769,560.8112,2404.2004,374.2852,3014.0779,916.0444,10006.3125,1514.6024,1091.8839,119.9784,3130.751
2023-10-06,1145.1899,3318.9844,1374.3843,746.6003,929.9568,562.8,2384.9729,379.5212,3011.79,913.283,10096.376,1525.337,1099.8846,120.601,3120.4983
2023-10-09,1135.4326,3334.519,1371.3634,737.9373,923.4633,554.1343,2396.3284,378.062,2993.293,911.8036,10040.2695,1492.1978,1095.7379,118.6373,3078.5598
2023-10-10,1140.447,3325.8584,1389.6738,742.1227,935.86,560.3376,2401.0039,381.4525,2994.5588,935.2755,10167.8701,1514.5039,1099.1039,120.0263,3077.2903
2023-10-11,1158.5536,3308.4448,1388.9766,749.3013,937.7294,557.2122,2439.3633,384.7571,3006.9224,942.4255,10204.2295,1532.674,1101.2993,119.691,3089.3982
2023-10-12,1160.7026,3246.7192,1362.1154,754.2899,938.8608,555.034,2439.9355,386.8601,3000.1565,937.2479,10369.6602,1542.8668,1102.9092,120.601,3084.7112
2023-10-13,1160.6534,3272.6555,1330.1887,747.4276,935.9584,545.6579,2451.8159,384.843,3007.7986,941.0449,10513.3828,1538.7305,1117.4469,119.7868,3074.6538
2023-10-16,1158.0597,3229.7639,1332.9769,744.4345,936.0568,545.1844,2441.1768,385.358,3019.7727,933.5003,10490.792,1550.6469,1107.6899,121.6547,3038.7693
2023-10-17,1163.593,3214.1836,1340.6914,750.0801,938.5165,545.9421,2439.1248,389.2206,2985.1155,940.5025,10536.168,1552.6656,1109.1536,122.0379,3040.2339
2023-10-18,1148.1542,3196.0376,1338.9255,739.6406,928.5302,542.3432,2431.5864,387.6755,2964.9636,939.7134,10573.0664,1550.9423,1125.3499,121.7505,3023.5364
2023-10-19,1139.3354,3175.2705,1332.5123,737.3046,920.6592,540.9699,2431.4436,386.6026,2973.5305,929.95,10556.6504,1545.7228,1113.7391,120.6968,3028.7607
2023-10-20,1135.8524,3211.0146,1326.5638,741.1251,917.7076,533.2986,2380.9177,376.2165,2932.594,932.1689,10511.5205,1534.5942,1114.422,117.9189,3032.7151
2023-10-23,1118.1162,3133.4624,1309.276,732.9731,914.9528,523.6857,2369.8008,374.1565,2879.9749,926.3503,10342.9541,1541.3896,1095.1525,114.9493,2999.6621
2023-10-25,1115.5226,3115.0393,1289.8813,728.3253,901.326,526.7637,2363.8848,371.4097,2838.8921,909.8805,10377.4502,1545.2795,1093.0549,116.2425,2988.7261
2023-10-26,1099.985,3066.0176,1279.9016,712.2159,893.9963,518.0507,2363.0259,372.826,2788.7559,893.0163,10216.04,1483.236,1076.8583,114.8535,2890.5923
2023-10-27,1119.4008,3079.0657,1299.5785,715.0143,898.0302,531.4518,2368.4175,372.311,2825.0681,901.9908,10349.8633,1487.8646,1084.2738,114.8535,2885.5635
2023-10-30,1142.4727,3104.4265,1296.4718,722.777,909.9842,535.2874,2365.4114,369.4785,2848.8711,913.4802,10190.1172,1475.062,1088.0787,114.1351,2897.2324
2023-10-31,1130.3192,3095.4219,1288.3279,718.5916,900.5881,535.6189,2370.2781,367.7188,2851.4993,901.7936,10184.8252,1436.457,1062.1256,113.7519,2925.1589
2023-11-01,1135.0127,3060.4128,1274.9116,717.6182,899.3091,536.424,2359.0659,367.4613,2818.6431,900.8567,10023.5596,1432.5177,1089.0546,111.6924,2865.449
2023-11-02,1146.2767,3087.4734,1289.9755,718.7132,905.114,541.8223,2390.3538,370.0793,2840.8394,911.1133,10097.8965,1447.3885,1105.2996,113.1293,2885.8079
2023-11-03,1146.0297,3079.0198,1307.7697,722.12,918.7407,547.5521,2411.9329,371.8818,2834.1707,917.9182,10071.1406,1446.6992,1113.349,112.363,2912.8052
2023-11-06,1155.5647,3105.9885,1321.1858,727.3518,930.2028,543.9532,2400.5422,373.6844,2896.6709,926.2517,10079.5195,1465.7062,1122.0325,114.3746,2963.1313
2023-11-07,1148.0554,3096.9836,1322.1272,723.8233,932.81,549.0674,2399.6292,371.4097,2882.8955,924.23,10048.6006,1457.286,1142.4729,114.6141,2967.0928
2023-11-08,1154.0332,3107.1826,1309.6053,725.9161,920.6592,549.5883,2421.6411,375.0577,2917.1145,923.8354,10116.2217,1464.8199,1148.0831,114.0393,3027.6409
2023-11-09,1141.5093,3075.8499,1294.3534,723.0447,922.2333,547.7415,2380.6453,372.8689,2944.7629,919.4961,10192.7148,1528.4885,1147.5952,114.6141,3012.9194
2023-11-10,1143.6583,3062.9856,1288.7516,725.8918,923.4633,548.8306,2390.1133,374.7144,2952.9407,922.6027,10181.3945,1500.9628,1150.6687,114.9972,3009.2512
2023-11-13,1143.5101,3061.24,1293.1766,724.5777,919.3802,550.5826,2382.0388,374.2423,2967.7866,922.1096,10190.8037,1516.8676,1149.1565,115.9072,3018.2017
2023-11-15,1164.1857,3128.0876,1327.9642,732.17,925.9229,553.7555,2389.9688,379.3495,2983.801,936.9028,10247.3027,1520.7084,1152.181,118.8289,3048.1331
2023-11-16,1166.2854,3214.0469,1360.3514,734.0925,920.9052,553.7081,2394.5828,376.517,2970.3665,936.459,10275.1846,1545.6736,1160.6207,119.4515,3061.9253
2023-11-17,1163.7412,3218.2732,1353.4315,732.5107,906.9833,533.2512,2430.7246,377.032,3026.6848,934.24,10313.4062,1560.4951,1165.5479,119.9305,3099.6819
2023-11-20,1160.6781,3234.032,1352.537,732.5594,906.5898,533.9142,2409.2415,374.929,3007.0198,948.1456,10355.3027,1528.6361,1159.1083,119.1162,3071.7556
2023-11-21,1175.277,3225.3948,1354.7966,738.7646,911.1648,531.7833,2408.0879,374.4569,2993.4392,957.4653,10324.8232,1536.0715,1172.1826,120.9363,3064.8105
2023-11-22,1179.8716,3243.7261,1372.4966,736.1365,907.8688,529.3682,2424.0923,377.4182,3000.6917,956.3805,10285.0332,1520.0189,1174.8168,120.7926,3064.5662
2023-11-23,1183.4781,3223.6033,1364.447,740.3951,908.1148,530.3153,2422.1697,377.9761,2965.012,963.1854,10279.1045,1522.3826,1169.6456,121.3673,3054.7358
2023-11-24,1182.6876,3176.603,1353.2904,745.6512,914.4116,530.6941,2417.6521,375.7874,2973.3845,959.7336,10305.7129,1529.621,1166.3772,120.6489,3067.6472
2023-11-28,1182.9347,3188.594,1358.2802,743.9722,910.5745,534.5771,2413.1826,373.5985,2969.2471,971.3216,10327.1748,1542.276,1162.3768,121.511,3079.5811
2023-11-29,1186.0471,3228.6567,1374.1913,758.816,924.4471,538.5074,2427.1204,375.2723,3002.1033,981.6769,10387.6436,1594.5205,1172.9629,122.3732,3079.5811
2023-11-30,1174.5608,3204.6287,1370.0017,758.6457,919.8721,534.8613,2446.8252,374.0706,3026.8794,1000.7108,10396.9053,1622.7356,1196.0378,122.5168,3051.7522
2023-12-01,1182.8853,3226.7271,1367.3185,756.991,931.4326,541.4907,2464.2229,386.0876,3106.1729,1000.7108,10374.3643,1600.8234,1201.3065,124.5285,3104.0837
2023-12-04,1195.681,3227.4624,1378.6632,783.272,975.215,563.2263,2501.374,389.7356,3225.8193,1018.6599,10387.8398,1631.6974,1201.209,125.4864,3124.7717
2023-12-05,1204.3514,3245.0586,1368.8718,790.2316,997.1062,576.0591,2463.8389,387.7614,3227.6687,1016.8847,10507.8457,1660.4542,1209.4047,126.0611,3155.7793
2023-12-06,1215.8875,3311.6768,1388.0312,792.2271,987.0706,576.2485,2468.0679,397.6324,3302.4841,1010.3263,10413.6143,1676.5559,1210.1852,126.3006,3181.5049
2023-12-07,1213.8865,3321.5999,1380.1227,793.5167,982.8892,579.3265,2420.584,393.2119,3266.7556,986.2134,10483.0996,1666.954,1209.1608,124.5285,3180.7712
2023-12-08,1213.2441,3332.4426,1403.8953,804.5889,994.548,581.6469,2424.4768,385.5297,3289.0007,986.46,10406.5586,1643.2198,1205.7458,123.7621,3161.4038
2023-12-11,1215.0228,3347.3281,1401.4001,803.5181,1000.6973,581.7416,2406.55,388.3622,3296.1562,987.0517,10331.292,1627.118,1211.2097,124.5763,3162.3821
2023-12-12,1197.583,3374.1589,1389.6787,795.5364,999.3198,579.9895,2405.6851,388.9202,3253.905,981.5289,10132.002,1610.5731,1188.3787,124.6242,3154.312
2023-12-13,1202.4739,3301.9822,1364.2115,793.7358,997.5489,587.0451,2414.48,391.1089,3309.7856,986.1148,10172.8193,1640.8563,1203.1116,125.8695,3172.7991
2023-12-14,1217.394,3369.7021,1413.5924,803.1045,1016.9803,590.6441,2418.7578,394.9286,3342.2039,991.3417,10146.5059,1677.6885,1201.3552,126.4443,3170.5496
2023-12-15,1232.9318,3547.7322,1486.0397,806.2193,1020.6699,613.9421,2425.0535,393.2978,3395.6501,978.8661,10081.0391,1698.7635,1205.697,130.707,3241.5149
2023-12-18,1245.4803,3546.0779,1472.8118,805.8056,1004.9771,614.1789,2437.1648,387.6755,3399.155,976.5978,10113.5762,1684.8285,1222.2838,130.8507,3259.2683
2023-12-19,1263.8094,3506.5674,1467.116,804.4429,999.0739,620.7137,2461.3875,391.4952,3406.3103,974.8227,10029.293,1673.5522,1214.6732,129.7012,3263.1809
2023-12-20,1248.5188,3473.3506,1446.4973,806.4383,990.4158,602.7667,2458.3118,387.1176,3327.9905,958.1556,9879.9854,1621.9478,1202.1847,124.289,3225.1306
2023-12-21,1266.0079,3480.1956,1446.1207,820.8928,988.2021,609.6802,2454.1782,387.5039,3333.4907,964.4182,9812.9502,1609.0466,1203.5017,125.4864,3230.804
2023-12-22,1267.2429,3513.7341,1471.4467,813.1789,978.265,603.0507,2475.7097,390.7227,3385.8662,975.9075,10013.1729,1609.4406,1213.4049,127.929,3268.3164
2023-12-26,1273.6655,3487.592,1453.6055,818.8245,979.0521,604.2819,2484.5049,391.7956,3397.646,986.0655,10065.6035,1637.0155,1217.1613,129.5096,3309.4478
2023-12-27,1278.0132,3501.9727,1475.4008,828.9719,986.0868,614.2263,2507.1416,392.3535,3450.1677,1007.1212,10083.0977,1662.3253,1221.9907,131.4254,3330.0869
2023-12-28,1287.2518,3491.5898,1471.2113,829.9208,989.6779,616.9255,2531.6523,398.3621,3424.9045,1022.4073,10066.5342,1708.1194,1231.455,132.3354,3323.0442
2023-12-29,1277.0745,3485.6172,1452.6169,831.8676,980.5278,608.0703,2560.6333,396.6453,3432.644,1017.9695,10096.6709,1703.1461,1228.8207,133.7244,3328.0815
2024-01-01,1279.6929,3501.8811,1460.5726,826.441,983.2827,607.4073,2551.7898,401.7526,3432.1086,999.0835,10078.001,1677.4424,1229.6012,133.9639,3321.9194
2024-01-02,1290.29,3476.2439,1444.6144,826.9277,966.4093,605.6078,2512.4282,403.7268,3347.0715,1007.6143,9994.1592,1631.0573,1264.6769,133.7244,3317.2732
2024-01-03,1276.2593,3392.2146,1402.8124,814.1765,968.1802,609.3962,2505.4595,409.6494,3349.262,1020.9282,9876.458,1630.1217,1267.0186,129.6533,3299.9109
2024-01-04,1282.8547,3369.2893,1424.1841,822.9126,971.2303,608.7332,2492.0024,408.9198,3367.126,1033.4531,9815.3516,1616.7775,1281.0195,128.5996,3306.1221
2024-01-05,1288.3138,3434.6199,1442.8726,818.7028,977.6746,607.9756,2518.4358,406.8168,3428.6526,1032.171,9817.0186,1617.0729,1268.5795,128.0248,3282.2551
2024-01-08,1278.2603,3379.8562,1433.6932,809.5773,966.1633,593.8167,2478.2568,399.5637,3408.4038,1034.5873,9748.1211,1591.6154,1273.5557,126.4443,3226.353
2024-01-09,1274.876,3390.5146,1439.8127,803.2748,963.9496,592.3015,2479.6987,398.7483,3461.8013,1049.8242,9823.9756,1605.1566,1291.8008,128.0248,3196.1284
2024-01-10,1309.2615,3411.7866,1430.9629,805.9272,977.0351,588.8446,2477.4397,397.6754,3451.6279,1048.049,9810.3535,1608.0127,1292.6301,128.4559,3215.0557
2024-01-11,1343.696,3432.4607,1406.7666,802.5448,975.1658,587.3766,2437.8374,397.1174,3412.0544,1048.1969,9811.2354,1603.9257,1284.2393,129.2222,3216.3762
2024-01-12,1354.3921,3567.7634,1518.3798,798.7486,987.3166,600.0674,2445.3352,400.5938,3474.311,1061.5107,9766.6934,1599.7893,1293.7035,129.6054,3206.2034
2024-01-15,1377.5131,3587.0596,1555.4271,814.1279,993.5641,606.2234,2473.4026,401.3663,3449.2429,1087.2018,9885.5225,1610.7208,1297.0208,129.2222,3202.3884
2024-01-16,1358.2456,3548.0078,1536.0796,817.2184,992.7771,603.1928,2469.4617,405.4005,3478.8865,1080.7914,9980.2422,1595.7515,1281.5074,131.4733,3224.8862
2024-01-17,1345.3511,3569.417,1544.2233,748.2793,965.9174,592.8697,2463.502,400.508,3476.4041,1070.2881,9851.0254,1573.4453,1267.4089,126.109,3171.4788
2024-01-18,1351.65,3585.9565,1546.483,723.288,970.4431,595.0479,2449.1799,399.5637,3500.791,1072.0635,9726.3643,1592.6986,1303.265,125.4864,3094.7422
2024-01-19,1351.156,3648.366,1562.1117,715.7444,983.0859,594.527,2465.9053,404.7138,3549.467,1109.4901,9837.3047,1630.4172,1303.1188,128.5996,3096.6987
2024-01-23,1312.7443,3569.9038,1546.0594,694.6709,1012.4546,573.0757,2283.4185,394.2419,3456.9824,1142.0352,9663.5938,1570.9834,1344.7803,124.6242,2987.9766
2024-01-24,1327.8619,3554.6831,1577.3638,708.5657,983.0859,585.5771,2346.9546,397.9329,3494.1707,1173.5447,9788.793,1603.3838,1348.4878,129.4617,2933.9331
2024-01-25,1336.9524,3525.5376,1571.4324,698.3454,993.6626,580.3209,2334.1226,391.1089,3498.3083,1144.55,9683.7334,1610.6715,1335.0236,128.1206,2884.781
2024-01-29,1430.7957,3516.9319,1559.6638,707.9574,1000.0085,589.9811,2349.5977,386.0876,3609.8254,1146.1279,9791.9297,1615.1033,1366.782,129.318,2911.0444
2024-01-30,1390.8524,3516.5159,1554.8152,702.9202,1000.5005,593.58,2363.2954,376.0019,3537.1033,1142.6763,9752.9727,1595.7515,1338.3896,129.0306,2889.5742
2024-01-31,1409.626,3530.7654,1563.7123,711.8022,1011.5691,606.6022,2385.3071,379.0062,3387.6189,1154.5601,9983.5264,1626.4779,1383.9539,130.228,2893.2422
2024-02-01,1409.6506,3566.1099,1560.0874,713.6516,1008.6175,613.3738,2377.6655,380.1649,3308.0332,1135.3289,10425.5713,1626.0841,1373.7091,129.1264,2865.3645
2024-02-02,1440.3307,3669.8787,1594.2633,703.8206,1007.486,615.2681,2357.4802,377.7615,3286.6641,1134.9344,10442.7217,1635.5383,1382.1976,132.8623,2872.1626
2024-02-05,1421.8783,3676.3555,1588.4733,703.1879,1006.9941,608.9225,2325.6638,376.0019,3253.2727,1098.198,10220.3506,1677.6885,1428.2009,135.5923,2853.6267
2024-02-06,1410.787,3826.8958,1628.2509,702.8228,1009.8473,615.8363,2332.248,370.2939,3333.5881,1118.4154,10628.3408,1701.4227,1439.2262,138.5618,2866.9294
2024-02-07,1424.9661,3778.2268,1594.6399,695.9362,1005.6658,639.5132,2331.3828,370.6372,3304.8206,1118.6619,10717.377,1694.8735,1459.8129,138.3224,2916.0332
2024-02-08,1432.8459,3825.1377,1593.0864,682.8445,973.3456,662.5271,2323.3091,361.261,3247.188,1126.4037,10529.4062,1660.3065,1463.1304,137.6039,2865.6091
2024-02-09,1443.3445,3824.7681,1571.6677,683.1121,994.4005,686.8669,2330.1333,362.0888,3236.5281,1104.8055,10518.5762,1621.4061,1506.0107,135.3528,2887.1772
2024-02-12,1435.0443,3812.7395,1581.7887,676.4932,980.0359,670.4352,2293.1265,354.5508,3212.1897,1103.277,10495.8887,1635.2427,1505.6671,131.617,2889.2808
2024-02-13,1447.6426,3839.3872,1585.9783,678.6589,1003.3537,675.6915,2301.1526,354.4637,3233.5586,1102.4386,10578.9951,1621.7509,1513.2717,132.048,2906.6917
2024-02-14,1463.7236,3793.6792,1568.702,673.5974,1006.207,704.0564,2295.3374,358.6466,3221.3894,1100.4662,10807.7852,1631.8944,1491.8807,135.257,2911.387
2024-02-15,1453.0769,3796.5474,1578.2581,688.198,1000.2545,721.3879,2259.6763,351.98,3212.9199,1105.2494,10868.8408,1738.2549,1481.5776,135.257,2950.6599
2024-02-16,1443.1714,3819.7715,1602.0776,691.0451,1006.7481,714.7584,2283.1299,352.59,3297.0808,1104.5591,11153.1982,1807.6847,1481.6267,136.3108,2942.1987
2024-02-19,1456.4364,3797.1023,1600.2888,689.6823,1026.9175,719.0676,2294.5681,356.6423,3251.4229,1126.453,11254.0928,1820.4873,1501.3988,135.9755,2932.6128
2024-02-20,1453.4968,3729.4189,1586.6375,707.7871,1031.8368,719.8726,2310.8611,353.8972,3267.8752,1128.1787,11217.9297,1825.5099,1509.8374,135.1134,2945.8669
2024-02-21,1450.2115,3693.1956,1558.6754,700.4138,1034.9851,730.6693,2313.7446,351.5008,3209.123,1124.1847,11236.9414,1831.4187,1514.4492,137.8434,2936.2319
2024-02-22,1464.0941,3781.6506,1582.9655,690.8748,1045.5619,725.3657,2295.4817,361.1739,3274.6899,1119.8948,11425.0596,1881.349,1528.8245,139.7592,2951.491
2024-02-23,1475.8276,3749.2661,1578.7288,691.3857,1044.1846,718.8781,2301.249,358.5159,3298.249,1110.2299,11305.2998,1900.6515,1531.9645,139.3282,2920.7283
2024-02-26,1469.6027,3702.0312,1563.0061,692.2131,1037.1989,718.7361,2311.0054,356.5988,3378.2729,1094.7462,11238.0693,1900.5038,1527.7451,136.646,2805.7947
2024-02-27,1467.9478,3797.6575,1566.2542,691.1668,1043.1022,710.165,2312.0144,358.2981,3413.6118,1111.9557,11271.0479,1920.988,1553.0612,138.1308,2797.0894
2024-02-28,1438.2804,3811.1206,1573.4565,685.9349,1029.3279,703.204,2327.6343,355.8144,3378.3215,1113.1884,10930.1426,1872.7811,1544.3281,134.826,2733.3132
2024-02-29,1443.3938,3789.0525,1575.9514,683.0148,1035.2312,708.5076,2318.7429,354.0715,3385.4771,1107.8629,11062.9854,1903.0645,1548.3513,134.9218,2760.2615
2024-03-01,1474.3455,3788.3586,1557.875,696.3256,1069.3716,728.4436,2316.2437,356.8601,3537.2983,1113.139,11388.9463,1942.9987,1530.002,143.6388,2769.8962
2024-03-04,1489.4385,3775.7288,1541.3989,697.2747,1074.7336,731.1901,2328.0667,356.5116,3547.958,1117.8729,11362.6816,1891.8867,1522.9861,146.6562,2769.8962
2024-03-05,1482.3242,3712.2559,1512.4954,701.2411,1070.5032,742.4604,2306.7759,353.9408,3516.9517,1152.7849,11437.6045,1909.8103,1544.6715,145.4588,2758.7942
2024-03-06,1485.0909,3760.5544,1522.8988,702.0928,1079.4071,742.413,2307.6892,355.4222,3545.7676,1177.2429,11336.1221,1940.7336,1573.9125,145.2193,2765.5439
2024-03-07,1461.3027,3801.5437,1521.8632,703.7963,1070.4047,746.3433,2325.7122,360.3895,3579.5977,1183.1602,11280.2598,1868.7434,1575.5807,150.6315,2807.8489
2024-03-11,1449.1245,3814.2664,1506.9407,694.8899,1061.3037,732.7528,2297.1638,356.773,3544.2102,1180.1029,11168.0459,1865.5919,1563.7078,146.9915,2814.0112
2024-03-12,1457.8445,3878.9426,1518.568,710.3422,1059.4836,719.4938,2285.9172,352.4593,3525.7617,1187.6476,11280.1133,1866.3799,1554.5823,146.0815,2813.3264
2024-03-13,1415.1099,3838.9243,1517.1086,710.7559,1066.4691,707.7026,2222.9097,368.1455,3444.8621,1152.6368,11162.7549,1825.5591,1529.3641,137.6039,2797.6758
2024-03-14,1414.4181,3893.1453,1556.5569,708.3467,1066.1248,701.8308,2244.0564,365.7054,3512.668,1178.1306,11176.915,1861.8497,1540.7466,136.4544,2829.075
2024-03-15,1401.326,3903.9243,1538.3861,706.9841,1062.9272,693.165,2237.4241,365.2261,3443.499,1203.1804,11247.5273,1772.1819,1519.1593,135.736,2804.9143
2024-03-18,1422.3228,3842.1633,1508.8707,703.7719,1063.7635,692.2653,2210.75,363.7882,3466.9124,1208.4073,11403.9893,1827.8735,1541.7769,143.3993,2784.3242
2024-03-19,1408.2673,3680.0564,1470.0814,705.3779,1066.4691,685.4937,2179.03,356.9037,3408.9875,1211.4153,11365.5225,1815.908,1519.4044,142.4893,2753.6101
2024-03-20,1426.547,3674.1343,1463.9619,696.4716,1067.0104,697.2849,2154.9998,362.2632,3416.7756,1214.8177,11702.7539,1816.4003,1520.2877,139.5198,2763.1958
2024-03-21,1433.6858,3676.0312,1463.7266,703.6259,1064.3539,704.9088,2155.3843,367.0997,3465.7439,1203.9694,11670.4131,1837.5247,1535.8402,143.7825,2759.5276
2024-03-22,1437.6876,3618.6187,1420.5593,702.2145,1072.7168,707.1818,2169.0337,373.5049,3522.0139,1219.0585,12091.3867,1850.2781,1578.7207,145.4109,2779.4333
2024-03-26,1424.3978,3587.7151,1405.3073,693.7218,1066.2231,700.8837,2153.1255,372.677,3572.929,1196.3755,12005.9766,1835.6534,1568.1233,145.9856,2753.1699
2024-03-27,1475.0618,3553.8501,1397.0222,701.1682,1066.2725,694.491,2152.8369,372.982,3608.2676,1207.9143,12260.5898,1852.5924,1574.0598,146.273,2768.6738
2024-03-28,1468.1451,3586.6045,1410.3914,704.6723,1075.6685,712.5327,2176.531,373.287,3664.2454,1211.6617,12348.792,1892.182,1590.1522,149.2905,2784.5688
2024-04-01,1467.0831,3624.0317,1407.9435,715.6714,1081.916,718.1678,2197.2449,371.8491,3736.3835,1200.5669,12318.6562,1886.864,1598.6888,156.2832,2808.2891
2024-04-02,1469.2322,3593.5442,1396.0808,720.3679,1063.7635,725.8392,2198.0142,371.1084,3706.5938,1191.5924,12301.8496,1942.0138,1591.8204,157.7201,2811.4192
2024-04-03,1454.0651,3652.2986,1394.0095,721.4143,1059.8279,730.243,2177.3477,370.542,3682.3044,1208.8018,12179.7363,1959.1006,1589.4651,156.7621,2806.6753
2024-04-04,1445.4935,3704.1133,1399.7054,743.4612,1061.4514,719.1149,2177.1077,368.4069,3697.2966,1190.2117,12316.3535,1972.2971,1588.9746,156.5227,2854.5559
2024-04-05,1442.7021,3681.8608,1392.5502,754.1439,1065.9281,724.2765,2179.03,372.5899,3643.9961,1174.5802,12173.6113,1982.7363,1578.8188,156.4748,2820.4668
2024-04-08,1468.2688,3675.6614,1390.2906,752.7082,1069.6176,727.6386,2180.9524,373.9406,3707.032,1188.0912,12608.2568,2046.5526,1569.6931,158.2469,2828.8303
2024-04-09,1446.2098,3651.6045,1407.3787,753.6572,1089.1967,723.7556,2176.3384,371.5441,3685.0303,1187.8447,12630.7002,2059.158,1572.4899,159.0133,2794.7417
2024-04-10,1461.9449,3686.8572,1418.6294,747.7196,1091.5088,737.8196,2173.2146,380.7816,3653.8286,1212.4508,12429.5479,2044.6813,1573.9617,158.1032,2833.4766
2024-04-12,1449.6681,3702.3552,1397.8696,739.2513,1086.5894,725.7444,2145.7236,374.8121,3581.8367,1208.6539,12021.6572,2039.5109,1511.1132,156.6185,2792.1494
2024-04-15,1447.3707,3646.6543,1382.2411,727.4491,1060.9595,717.4102,2108.9573,371.152,3505.4639,1207.6677,12174.8359,2022.2766,1511.1622,154.08,2782.2698
2024-04-16,1448.2848,3583.3662,1331.6832,734.5305,1049.8418,711.9172,2134.6699,371.152,3449.6321,1199.6793,12253.0928,2000.4629,1508.7091,153.3137,2768.1843
2024-04-18,1446.8767,3573.373,1336.2024,727.4491,1038.4288,705.3823,2128.9026,365.0082,3456.9336,1248.2997,12157.3428,1994.2094,1487.9557,153.3137,2746.3716
2024-04-19,1452.6077,3540.2488,1328.6704,745.2619,1050.0386,710.7333,2145.051,370.1498,3425.197,1271.2291,12457.1846,2051.2795,1494.2358,155.2774,2747.2034
2024-04-22,1462.2167,3575.7795,1348.9124,735.9661,1069.1257,725.555,2154.5671,370.6291,3517.0488,1279.6613,12530.2461,2058.9119,1511.2111,155.0379,2779.7761
2024-04-23,1441.9363,3585.1245,1357.9979,733.7274,1072.6676,732.0898,2174.9929,374.0278,3514.5659,1323.8436,12736.7891,2031.2878,1456.8014,154.3674,2812.104
2024-04-24,1432.8953,3544.7363,1347.0294,735.7228,1079.0627,732.1845,2172.5901,373.7664,3538.6123,1317.9756,12685.6309,2027.2008,1457.8806,158.5822,2805.1101
2024-04-25,1442.5786,3564.3057,1354.2788,735.2605,1095.7886,769.6888,2144.3306,381.3044,3555.6003,1320.2439,12664.5117,2065.0181,1491.6354,160.6417,2798.9478
2024-04-26,1435.2422,3535.7615,1346.5586,734.7982,1090.033,758.8922,2136.448,383.4395,3509.7473,1307.719,12449.7363,2013.8564,1478.2905,158.8217,2782.0256
2024-04-29,1447.5684,3580.9604,1350.7954,744.3859,1141.4403,782.7584,2139.7644,381.8709,3538.0767,1314.0801,12436.5059,2030.7462,1493.0582,160.3543,2805.55
2024-04-30,1449.5199,3535.1138,1337.4263,739.8109,1131.8475,782.5217,2143.9456,379.6487,3499.1357,1304.0701,12561.6084,2123.6145,1473.924,158.0553,2813.082
2024-05-02,1449.0753,3574.5767,1331.6832,745.7242,1121.0741,786.1205,2139.9565,382.568,3504.198,1286.0717,12549.7002,2151.9773,1490.5071,160.3064,2910.4087
2024-05-03,1416.913,3556.1633,1333.425,739.5676,1123.6323,787.4465,2131.0654,380.3458,3407.1379,1259.7891,12242.7539,2159.7083,1482.8042,159.4922,2865.7556
2024-05-06,1402.6106,3628.0105,1342.4633,741.0521,1127.8137,765.0481,2168.6968,378.8644,3371.6045,1265.7063,12190.958,2191.1731,1500.4666,160.5459,2868.103
2024-05-07,1384.7756,3681.5835,1356.6326,733.0217,1113.6459,759.4604,2287.1187,383.7445,3336.9956,1268.4185,12117.21,2158.231,1486.9254,157.3369,2849.3721
2024-05-08,1401.6473,3679.7329,1343.7812,721.5846,1104.8895,767.8893,2250.2563,384.3109,3394.5308,1270.8346,12293.126,2149.269,1493.2056,159.0611,2781.1941
2024-05-09,1377.5131,3664.2346,1355.3146,704.4776,1097.7072,776.413,2235.4534,370.4548,3188.7278,1257.8658,12255.0039,2178.9614,1466.6136,155.0858,2650.9036
2024-05-10,1390.6547,3602.8889,1341.5217,709.3616,1099.0354,774.0927,2270.9224,377.6443,3184.8335,1283.2117,12422.4424,2159.7573,1478.2905,155.4211,2710.7178
2024-05-13,1385.986,3652.7612,1340.1566,717.9209,1109.8088,765.9952,2269.0959,376.3371,3206.6406,1268.2212,12420.8252,2151.0911,1496.4437,156.9538,2816.3589
2024-05-14,1403.1541,3609.6438,1341.3334,720.7328,1102.479,774.8977,2258.4749,374.4635,3289.9744,1266.594,12558.374,2235.4407,1516.2646,158.0074,2803.5449
2024-05-15,1399.3992,3590.3987,1336.8613,709.6576,1106.2177,776.8865,2233.1948,372.8078,3320.9812,1291.8409,12512.4102,2267.3489,1498.7494,158.6301,2752.2407
2024-05-16,1408.3661,3635.6462,1368.307,720.3875,1112.8097,768.9785,2252.2747,375.9886,3368.9758,1326.5557,12248.1436,2335.7446,1507.4825,158.9174,2752.583
2024-05-17,1418.5928,3573.3425,1359.7865,722.2869,1112.2684,774.5662,2230.3591,380.2151,3359.3865,1325.9147,12389.1221,2476.426,1502.6744,160.3064,2748.5234
2024-05-21,1419.0128,3560.3879,1350.2306,719.6722,1102.8724,786.6888,2221.0833,378.9079,3349.8459,1325.7668,12224.2793,2484.3535,1512.0452,167.0118,2789.5085
2024-05-22,1443.2455,3571.3857,1369.6722,719.8695,1093.1813,788.4221,2275.1035,383.3524,3369.2192,1329.3171,12281.1699,2482.7783,1510.4261,166.006,2822.717
2024-05-23,1468.343,3628.6567,1386.2422,736.3468,1116.204,801.2776,2290.0989,384.6159,3490.4714,1355.1066,12676.665,2569.5898,1467.0553,168.1134,2840.3237
2024-05-24,1462.6119,3587.6953,1379.3694,748.4828,1113.6951,797.9072,2277.1704,380.128,3529.8992,1369.3574,12740.9062,2540.5869,1458.8129,167.4908,2811.957
2024-05-27,1448.7788,3585.4124,1385.2537,753.6628,1111.5798,802.8184,2292.021,376.0322,3555.3081,1365.2645,12648.4385,2510.4023,1438.5503,168.1134,2809.5608
2024-05-28,1438.8485,3578.748,1381.2053,755.0441,1108.7756,800.3629,2303.0271,373.8535,3561.344,1352.1479,12562.6855,2514.0461,1437.4218,167.5387,2847.6108
2024-05-29,1423.6074,3544.9636,1366.0474,744.0922,1084.2281,792.1777,2281.3516,375.5529,3538.5635,1358.1145,12533.334,2495.1865,1451.2081,166.916,2836.8025
2024-05-30,1407.8721,3482.0078,1343.9225,747.3234,1095.7394,795.2591,2260.2046,369.3655,3538.4661,1358.1638,12346.4902,2455.6462,1431.7306,157.2411,2820.7117
2024-05-31,1413.3561,3421.2886,1351.077,755.5621,1102.9709,799.5924,2238.7217,371.6313,3572.1501,1353.8245,12151.7568,2468.2029,1432.4175,160.1627,2818.2661
2024-06-03,1492.3286,3451.0193,1350.1167,775.616,1141.2927,872.1032,2264.5303,375.03,3793.9673,1371.9215,12227.0732,2594.0132,1425.7942,166.916,2803.8384
2024-06-04,1380.6257,3462.343,1338.3527,731.6849,1054.1707,746.4853,2399.4854,368.4968,3313.0955,1281.7815,11932.9639,2533.8408,1403.0293,152.26,2795.2305
2024-06-05,1403.821,3491.6538,1373.3563,765.5521,1090.7709,760.4963,2501.8064,381.8983,3318.7419,1325.8159,12252.9941,2699.3398,1459.4015,162.0786,2897.0569
2024-06-06,1414.5417,3569.894,1413.834,769.4493,1092.4927,786.6888,2450.718,386.4247,3390.3447,1351.7042,12420.4824,2658.8638,1445.0754,164.8086,2841.3506
2024-06-07,1452.4347,3629.1223,1472.7498,776.1833,1103.6104,799.2073,2477.8242,389.7528,3438.9719,1405.6006,12555.1396,2814.0713,1478.5848,171.3703,2863.7507
2024-06-10,1453.8674,3596.2698,1440.2428,770.2388,1105.6765,800.9887,2465.8572,387.756,3449.9243,1406.3896,12463.6523,2764.9287,1484.7177,172.7018,2873.3853
2024-06-11,1439.3179,3590.1187,1436.4015,771.9654,1100.1669,804.5998,2457.2061,384.2946,3503.4194,1407.5731,12606.8369,2792.5037,1471.618,173.698,2866.5215
2024-06-12,1445.8887,3571.0593,1426.2701,776.578,1101.4951,808.0182,2430.6287,383.6733,3534.1829,1418.5693,12592.8213,2745.2324,1478.5848,174.5601,2869.8298
2024-06-13,1447.7908,3614.3967,1434.673,779.834,1089.4917,812.6406,2390.9302,381.8983,3605.5908,1406.0939,12590.3711,2818.2566,1482.4608,174.8763,2873.978
2024-06-14,1459.9441,3571.4324,1429.8234,787.8013,1087.8192,808.1146,2406.7993,382.6527,3590.1602,1407.7211,12588.7549,2884.1411,1487.5634,175.4414,2885.4343
2024-06-18,1463.3777,3555.635,1438.7543,793.1786,1104.7418,813.6035,2413.1079,380.5227,3591.5232,1408.658,12310.1797,2916.9355,1492.4204,173.4969,2882.3728
2024-06-19,1441.2694,3543.1462,1451.3826,817.8699,1125.9934,821.0182,2384.7185,375.9963,3494.9011,1373.1543,11997.6953,2889.3115,1475.7885,172.4432,2855.9043
2024-06-20,1456.1399,3529.679,1455.2719,823.5432,1138.1443,812.496,2409.1772,375.6857,3526.7891,1362.1088,11906.9443,2827.6125,1443.4073,174.608,2879.4099
2024-06-21,1436.8723,3551.5811,1471.8855,821.7672,1139.9645,805.322,2369.4805,372.4019,3468.4585,1396.5276,11957.9062,2796.8369,1439.7277,175.8393,2855.0652
2024-06-24,1424.299,3557.2192,1466.5557,825.0479,1151.2297,801.8554,2370.354,375.6857,3465.1223,1400.226,11940.167,2871.5354,1466.4666,173.9044,2860.2007
2024-06-25,1436.823,3577.3967,1480.7684,844.2631,1178.6306,811.0516,2360.6482,375.6857,3520.2644,1395.4426,11874.7002,2865.2324,1476.9659,171.6764,2823.0662
2024-06-26,1495.9845,3593.6135,1479.568,839.4038,1198.3574,814.0367,2373.6543,376.2626,3535.1294,1439.3785,11954.7207,2808.2114,1492.6167,168.6275,2827.9058
2024-06-27,1512.3126,3666.5884,1510.9225,836.7645,1200.2267,812.7368,2389.717,377.7271,3497.3049,1455.4539,11935.6104,2845.0928,1487.8085,170.1911,2845.1887
2024-06-28,1546.7473,3638.6287,1504.5844,830.6719,1180.2542,817.5035,2400.2964,377.1058,3481.655,1424.1416,11793.6025,2823.1313,1492.3224,170.0445,2880.9407
2024-07-01,1541.5599,3707.6426,1527.6802,841.2291,1192.3065,810.7628,2431.4036,380.7889,3460.1675,1433.9543,11866.9092,2832.1919,1491.5864,170.1031,2891.5576
2024-07-02,1546.5251,3744.1765,1556.7301,853.7597,1171.3992,795.548,2412.0403,377.6382,3558.2358,1399.3876,11802.1777,2821.6541,1495.4623,170.5624,2889.385
2024-07-03,1533.927,3695.573,1562.828,872.531,1182.2218,808.8369,2436.4993,380.1233,3546.3147,1400.2751,11881.6104,2834.26,1505.1766,172.3507,2889.3357
2024-07-04,1535.5079,3747.4851,1585.1555,852.0578,1213.1155,808.2109,2422.5225,380.7889,3506.0376,1403.431,11848.2393,2858.7327,1528.6774,172.2725,2898.5696
2024-07-05,1569.6957,3738.9573,1582.0824,813.0599,1213.509,827.9034,2472.0708,384.8715,3558.8738,1409.9893,11862.4014,2857.6416,1538.9803,170.7285,2899.5574
2024-07-08,1581.8245,3721.6223,1595.719,806.7699,1215.1324,824.533,2511.0398,393.7023,3563.6323,1415.3643,11783.5566,2828.6248,1527.2054,168.3539,2862.2747
2024-07-09,1571.3259,3714.446,1591.3976,807.3372,1228.1195,829.3959,2513.9514,401.69,3597.0908,1415.7588,12571.6045,2902.1836,1555.6615,167.8848,2869.0398
2024-07-10,1565.348,3643.2886,1582.8507,802.2065,1223.1509,817.5516,2533.6543,400.6693,3581.3428,1425.1278,12517.7998,2710.2258,1568.5649,164.1519,2959.3579
2024-07-11,1561.8157,3656.8491,1587.1241,800.1346,1218.4775,824.9664,2532.1016,407.0594,3552.9377,1418.1256,12461.3506,2676.5464,1552.0798,165.0705,2984.6409
2024-07-12,1577.6991,3899.3997,1643.8312,800.5292,1213.0171,827.8552,2545.1072,407.4144,3580.656,1413.4904,12311.6992,2682.3994,1552.6215,164.8457,2962.0244
2024-07-15,1578.1931,3885.6526,1639.3176,800.2333,1210.1146,848.7033,2543.2146,411.2751,3582.8635,1417.7804,12391.5225,2709.2834,1561.3821,162.9597,2919.9023
2024-07-16,1557.4681,3894.2739,1657.5637,799.0739,1219.9042,848.0773,2609.3596,413.1833,3568.0969,1446.282,12387.2109,2734.7786,1554.5901,163.2626,2937.6301
2024-07-18,1567.7689,4022.0491,1688.2941,796.632,1230.1366,860.4514,2657.8401,417.3546,3587.3767,1463.1956,12391.6201,2796.9788,1569.3063,162.5688,2895.2612
2024-07-19,1536.6196,4019.1069,1721.8092,792.9319,1228.5131,856.4069,2646.7754,421.1709,3550.3865,1441.5974,12274.2617,2727.3879,1544.1067,154.1746,2909.5818
2024-07-22,1482.7936,4005.0479,1738.9989,810.3219,1221.1342,844.3218,2654.8313,414.0708,3582.7163,1445.1973,12388.876,2782.396,1562.514,156.6665,2897.9773
2024-07-23,1470.1709,4019.0603,1764.0155,798.408,1206.9663,831.8997,2684.9683,436.8356,3471.4509,1445.4929,12376.9199,2798.8638,1576.5411,156.3733,2861.2378
2024-07-24,1477.8779,4022.7036,1761.1824,791.3287,1203.2767,820.4405,2637.1182,438.4775,3453.2009,1435.1378,12237.9512,2783.1401,1594.1118,156.6567,2876.7434
2024-07-25,1474.6172,4037.8831,1752.4435,797.5199,1178.5815,817.0701,2627.5579,434.8387,3551.0244,1429.1711,12259.4639,2788.9929,1639.7367,153.8032,2865.4844
2024-07-26,1491.0442,4098.9307,1804.349,798.2846,1187.7314,830.5034,2631.2949,445.7108,3610.6306,1493.5216,12410.8779,2864.7842,1687.4286,158.8456,2913.6309
2024-07-29,1501.9872,4092.6248,1796.8584,791.822,1193.1428,839.3144,2631.8289,440.2525,3703.8916,1460.9272,12496.9736,2909.6238,1696.2877,159.1583,2918.1245
2024-07-30,1495.12,4077.9124,1802.6683,797.002,1189.9452,840.47,2612.2229,434.7943,3713.4089,1450.0789,12616.6377,2898.8108,1674.9764,160.331,2967.8513
2024-07-31,1487.4869,4096.5957,1794.1215,797.1006,1195.3074,840.0848,2626.0537,439.6313,3743.1877,1470.9868,12853.9521,2884.6248,1692.4487,161.5623,3046.2686
2024-08-01,1497.2444,4107.5713,1779.0924,808.4719,1190.5847,830.696,2635.6624,438.1669,3708.1597,1484.7443,13092.3467,2805.8574,1688.3636,159.344,3060.9841
2024-08-02,1481.4597,4001.0303,1748.9384,818.5112,1177.2533,816.4442,2613.3391,434.0843,3596.6982,1473.2057,12590.1328,2727.7351,1704.5564,154.6143,3068.2429
2024-08-05,1430.0793,3881.459,1682.3881,797.1006,1153.6895,781.5851,2636.002,431.333,3461.5901,1445.4929,12070.209,2657.5986,1693.4331,146.4057,3055.1077
2024-08-06,1438.7004,3896.5457,1681.6198,789.9226,1148.0322,768.1519,2669.1475,431.5993,3508.8828,1423.6484,12001.2061,2611.9653,1680.8334,146.8943,3063.3545
2024-08-07,1447.3707,3923.8696,1720.5609,800.924,1153.5419,778.6963,2663.3242,437.235,3569.7649,1429.797,12239.0322,2659.4836,1707.3125,150.3537,3063.0581
2024-08-08,1431.8578,3897.8066,1673.9854,810.3959,1145.8185,778.1185,2652.7932,439.0988,3486.6592,1439.7638,12088.0166,2661.5667,1709.8719,146.8553,2968.197
2024-08-09,1456.733,3950.3064,1700.4901,814.0959,1152.7056,793.7665,2666.3813,440.1194,3524.4346,1451.9617,12093.3096,2727.239,1708.1494,148.3504,3002.9617
2024-08-12,1443.2208,3919.3855,1726.0828,818.9798,1163.8199,782.4999,2667.8372,438.9656,3504.7129,1446.5073,12141.834,2695.9902,1706.7219,148.5947,3015.4053
2024-08-13,1446.1851,3920.6003,1726.1306,790.9093,1159.4039,768.0074,2660.7517,434.8831,3484.9424,1447.5981,12045.873,2696.3872,1712.8741,145.4872,2986.1223
2024-08-14,1444.4312,4012.4277,1750.9071,793.1786,1152.7552,773.2556,2641.9714,436.8356,3478.4663,1459.4987,12074.958,2723.3704,1714.3999,142.8389,2988.394
2024-08-16,1460.5863,4125.2734,1785.1904,805.1666,1178.1592,782.0184,2667.4004,446.1101,3501.1807,1471.2505,12082.5264,2817.8115,1715.4828,146.1126,3010.4177
2024-08-19,1475.6562,4194.3545,1790.8085,804.8953,1166.8961,783.5592,2661.8682,445.0451,3488.1311,1457.4658,12019.7061,2743.1116,1720.4537,150.4514,3038.2195
2024-08-20,1483.1416,4225.4604,1797.9148,807.9292,1170.4189,789.9147,2670.1182,442.6932,3505.4487,1437.1357,12084.1582,2749.2126,1738.7134,150.4221,3064.7864
2024-08-21,1485.8434,4251.8037,1798.3948,802.0586,1165.8541,785.3406,2709.0869,448.5508,3528.3594,1451.3171,12090.0947,2747.3276,1737.04,148.4579,3112.5378
2024-08-22,1485.298,4205.5635,1805.6454,804.772,1181.9797,789.9147,2710.6396,447.7964,3538.6123,1474.0272,12144.9004,2711.1682,1723.259,150.6273,3147.1541
2024-08-23,1487.1322,4169.9727,1788.2156,801.6886,1194.2848,785.148,2732.7693,448.9059,3530.812,1494.2582,12170.5732,2737.0107,1747.9664,150.6859,3115.5994
2024-08-26,1499.649,4205.9844,1801.7081,809.0392,1204.0098,784.8591,2738.1558,448.8171,3573.3462,1501.0018,12112.6992,2770.8391,1744.718,152.1517,3132.093
2024-08-27,1487.6031,4201.0337,1824.7076,807.9539,1216.9598,785.6777,2685.5017,444.2907,3633.0015,1510.1255,12363.0898,2758.637,1761.4028,151.1745,3127.0063
2024-08-28,1485.4716,4209.3472,1862.1603,807.6332,1214.479,779.4185,2683.0269,441.3619,3619.6086,1543.4469,12225.1816,2775.7,1783.5015,150.1973,3086.8103
2024-08-29,1507.9028,4214.7183,1856.6384,808.3486,1212.5439,784.3295,2703.312,448.2846,3614.114,1552.9178,12320.4512,2735.6218,1771.0494,149.4839,3077.28
2024-08-30,1496.6996,4253.9067,1866.5778,807.5346,1219.788,785.3888,2696.2754,445.4445,3634.915,1575.8759,12270.1953,2783.0408,1793.1482,149.2787,3088.0942
2024-09-02,1503.2678,4223.3599,1886.5525,802.6259,1220.5322,791.6962,2707.0,452.6777,3613.7708,1558.3225,12294.334,2754.8672,1787.5375,149.396,3111.9453
2024-09-03,1496.2039,4215.2329,1864.2251,807.7565,1238.1464,794.248,2712.0957,452.1008,3620.6877,1547.6617,12264.3574,2762.6548,1783.1571,148.6826,3115.7971
2024-09-04,1501.5824,4184.312,1846.1709,809.952,1226.8833,786.2554,2757.6646,449.394,3582.0786,1548.9509,12204.1592,2727.6858,1804.173,147.7347,3191.6462
2024-09-05,1480.1921,4181.2295,1856.4464,811.7525,1226.4863,788.4221,2754.9468,453.6984,3555.9302,1534.3728,12166.9121,2701.397,1797.9224,148.2624,3198.1648
2024-09-06,1452.2831,4163.2935,1826.3883,807.5592,1198.8992,753.5149,2755.4321,445.267,3507.4602,1526.4888,12055.667,2676.5962,1796.0029,147.7738,3233.1758
2024-09-09,1449.9283,4156.5674,1819.4741,812.2706,1225.5436,755.2001,2835.845,454.1866,3510.9434,1529.8606,12015.6992,2687.2605,1793.3451,146.0637,3240.1387
2024-09-10,1449.0114,4211.0288,1836.4237,814.1699,1227.826,753.6593,2813.3274,455.8285,3528.4573,1564.7687,12132.0898,2668.5605,1807.6183,146.0148,3254.2615
2024-09-11,1439.0721,4184.4053,1834.359,810.9879,1226.8833,740.1297,2818.7141,456.4941,3470.3716,1564.7191,12111.5117,2633.0955,1816.8219,144.7933,3325.7654
2024-09-12,1467.1299,4220.2305,1873.0601,822.1865,1242.5624,758.5704,2869.4268,461.0648,3553.8208,1633.0974,12268.0674,2719.0549,1836.2137,148.282,3341.3699
2024-09-13,1460.0164,4224.8076,1866.9618,821.8658,1240.776,761.5555,2846.6667,456.0504,3544.99,1620.8994,12184.1758,2717.2693,1824.746,149.9921,3316.4819
2024-09-16,1458.7522,4216.0737,1872.8679,824.3325,1253.1803,756.4519,2782.7542,453.6097,3593.313,1621.8911,12157.416,2735.4233,1833.802,150.6957,3294.5073
2024-09-17,1459.6942,4208.9741,1875.0768,823.2719,1258.3901,753.9001,2788.9658,450.6365,3625.6428,1647.9731,12114.6289,2765.4321,1836.9027,149.3374,3271.7917
2024-09-18,1450.9199,4059.9756,1817.0732,836.0985,1278.4851,763.3852,2791.2468,450.2815,3660.2292,1641.1799,12073.4238,2785.8186,1807.2737,147.168,3234.114
2024-09-19,1457.0917,4013.2678,1819.0417,842.8571,1282.1072,760.6889,2826.0906,451.0802,3614.3594,1651.0474,12219.2461,2775.2039,1817.1666,146.1321,3253.0767
2024-09-20,1473.2025,4002.759,1830.1335,858.989,1328.2014,752.7445,2890.0034,456.5385,3722.4849,1697.5586,12479.4307,2927.3318,1836.5583,148.5556,3266.0142
2024-09-23,1480.5887,3987.4387,1821.2025,868.165,1311.7782,772.1481,2939.4546,458.8016,3716.4016,1735.9377,12547.2949,3025.4929,1833.556,150.4807,3236.8796
2024-09-24,1476.6229,3990.0542,1823.2672,872.235,1308.5034,768.6815,2863.7493,457.2929,3720.2283,1742.0863,12602.2012,3049.7979,1838.8715,156.8717,3208.1887
2024-09-25,1481.1587,3993.2773,1820.0984,877.6863,1313.7133,763.7222,2862.196,459.3341,3722.436,1745.8053,12648.4014,3066.4143,1841.2831,157.9759,3204.584
2024-09-26,1485.1245,4009.8584,1824.8517,879.8323,1318.8735,772.1481,2898.2534,463.9492,3691.3323,1756.4165,13240.4932,3155.7466,1868.6975,161.8359,3236.4844
2024-09-27,1513.1079,4024.9917,1831.094,864.6378,1296.5953,772.9185,2878.9873,463.9048,3635.896,1720.2191,13351.0957,3158.2761,1918.2103,162.7545,3269.7673
2024-09-30,1463.9325,3987.4387,1801.1799,854.4751,1263.2527,758.7148,2871.2712,459.8666,3606.3628,1695.3768,13096.2539,3070.2334,1896.5546,164.7089,3287.8901
2024-10-01,1452.2831,4005.5615,1828.7892,851.5891,1264.642,767.4296,2837.7375,458.136,3584.7278,1684.6167,13025.0254,3140.2708,1889.9102,163.2235,3236.7805
2024-10-03,1394.9285,3954.043,1818.2736,829.7838,1246.7301,764.6852,2808.2319,455.0741,3431.8113,1659.576,12511.9277,3104.905,1880.9526,163.1747,3110.3157
2024-10-04,1374.6536,3972.259,1842.0416,817.7712,1230.2572,767.1407,2764.9441,446.9089,3428.1809,1627.296,12470.7744,2993.4009,1880.1652,162.9499,3034.4666
2024-10-07,1358.9889,3991.5024,1857.5509,798.1119,1224.452,742.1038,2750.0454,452.8109,3403.063,1648.2706,12393.3623,3035.8101,1875.4402,160.6144,3024.3435
2024-10-08,1385.3859,3973.1931,1871.2354,814.5152,1227.1313,752.5038,2735.8752,450.814,3465.9072,1643.7087,12397.7646,3140.6182,1887.1539,155.8847,3049.824
2024-10-09,1362.8307,3972.9128,1875.2687,805.6846,1234.6235,767.863,2687.4912,436.3918,3421.46,1664.1875,12624.0654,3127.8704,1900.6396,155.4352,3040.738
2024-10-10,1359.311,3949.0449,1842.8578,820.1145,1233.9785,767.574,2673.6606,436.7025,3395.2136,1664.1875,12805.501,3168.8413,1858.214,156.0801,3021.2327
2024-10-11,1360.3521,3875.9946,1858.319,814.4906,1213.6355,770.1259,2701.3223,433.2855,3416.9958,1673.4105,12639.8447,3109.3691,1872.1918,156.9987,2999.6033
2024-10-14,1360.7734,3864.2705,1881.1747,832.7932,1222.3185,775.3259,2707.0488,441.0513,3488.1311,1681.5425,12403.6006,3129.7551,1879.8699,154.712,3001.5293
2024-10-15,1332.5175,3845.7273,1881.5588,830.8198,1245.8866,774.8444,2699.6238,442.4713,3485.0403,1703.0129,12313.4766,3130.6482,1868.7466,152.0833,3029.1333
2024-10-16,1342.4813,3825.3164,1843.9142,838.5652,1233.6312,775.6147,2699.4297,437.7231,3466.1035,1719.5745,12251.2998,3043.5479,1868.7958,151.7022,3043.9478
2024-10-17,1344.8113,3838.4412,1890.0096,825.4178,1221.8224,781.0073,2658.0828,433.9068,3503.094,1687.0465,12013.7207,2940.9722,1859.986,148.9269,3018.0225
2024-10-18,1347.6616,3860.9622,1805.0211,829.7098,1254.8177,790.011,2637.167,431.9543,3510.4529,1693.6909,11975.4844,2940.6248,1880.4604,151.8488,2955.1111
2024-10-21,1357.4768,3820.5085,1779.2366,852.8224,1249.4095,783.7999,2614.3096,429.2473,3518.106,1678.5178,12045.5273,2974.3042,1867.3192,151.497,3011.4546
2024-10-22,1331.8483,3760.249,1778.1321,845.8418,1257.7948,761.1223,2602.8083,427.6054,3445.7932,1678.2202,11795.6309,2864.189,1858.0172,146.9627,2969.6292
2024-10-23,1327.0646,3807.7732,1799.0671,856.3251,1242.0165,756.8852,2581.0674,426.3185,3390.3567,1671.8237,11828.1797,2771.2356,1810.5713,145.3894,2952.6912
2024-10-24,1328.3287,3790.5891,1789.4158,863.1577,1243.1577,765.1185,2431.4036,418.6415,3377.8467,1664.5347,11637.7402,2803.824,1819.9719,145.5849,2935.2102
2024-10-25,1316.4808,3799.626,1788.1675,860.0744,1245.837,752.0223,2453.6785,428.0492,3263.7849,1652.1879,11379.6826,2699.1648,1831.292,142.536,2921.3838
2024-10-28,1322.9252,3830.8093,1791.3365,855.5357,1282.9507,762.7111,2500.0239,429.6911,3277.9141,1649.5598,11360.293,2758.8354,1873.1271,145.9758,2964.6912
2024-10-29,1328.5269,3816.2012,1786.4318,864.243,1321.652,801.8554,2472.7017,433.0636,3317.259,1623.5275,10927.7246,2725.0071,1842.3167,146.6403,2955.8027
2024-10-30,1332.3936,3825.0032,1750.301,855.7331,1302.1029,791.985,2479.7869,436.2587,3344.1926,1619.8086,11135.9219,2686.1194,1823.1218,145.5751,2959.5554
2024-10-31,1320.645,3716.1897,1706.7402,856.2757,1282.3552,789.8184,2453.8726,433.8181,3554.115,1599.2306,10957.8496,2706.8035,1819.9719,145.1744,2899.3103
2024-11-01,1327.1885,3730.9385,1710.2366,857.0651,1281.9087,790.7814,2462.8506,435.1493,3558.0889,1603.0486,10991.04,2795.1931,1829.3234,146.3373,2903.4585
2024-11-04,1291.001,3712.1628,1712.9562,845.6198,1267.4204,799.111,2450.5239,430.0905,3507.1655,1578.0576,10934.1064,2860.9648,1780.5978,143.6011,2879.2124
2024-11-05,1294.124,3718.9055,1703.7777,867.203,1286.7711,817.7442,2447.1755,426.1854,3507.5093,1565.3142,11050.4961,2876.3413,1775.3806,148.8194,2851.5591
2024-11-06,1314.0022,3876.5068,1771.2802,865.9204,1292.3779,823.1367,2455.374,426.9842,3576.8291,1585.545,11232.6748,2911.1616,1798.8573,150.1191,2861.4351
2024-11-07,1294.4709,3887.042,1751.2238,861.6284,1268.9089,827.7589,2430.6309,424.1441,3577.9087,1562.7357,11179.1543,2868.3059,1762.9285,147.51,2807.6592
2024-11-08,1272.7585,3883.3899,1777.3505,865.5257,1249.2109,811.9183,2462.2473,424.2772,3591.3999,1556.8846,11181.9736,2951.1899,1781.2866,144.207,2735.1677
2024-11-11,1261.803,3931.8035,1806.6338,871.3717,1259.5811,816.2516,2445.8992,423.301,3560.542,1547.6122,11277.6377,2907.2432,1766.5215,141.7053,2511.6196
2024-11-12,1263.3398,3930.5859,1815.0837,847.6424,1260.871,796.0776,2416.8848,419.6621,3523.7478,1542.7528,11023.7852,2875.4485,1772.6736,140.8845,2444.2148
2024-11-13,1241.33,3886.5271,1814.6953,829.4631,1244.1003,778.6963,2420.2722,419.0853,3481.1646,1537.5958,10931.2861,2776.6423,1751.1655,135.9984,2439.9185
2024-11-14,1256.7468,3882.3596,1810.9559,835.0872,1247.3254,774.4592,2345.895,413.5383,3459.8733,1537.6454,10888.2021,2784.8264,1740.5344,134.8356,2452.4116
2024-11-18,1249.9554,3763.9946,1759.3822,841.1797,1243.8523,784.137,2378.9844,414.0708,3475.4736,1524.2573,10975.1621,2824.21,1720.4045,137.992,2452.9551
2024-11-19,1231.0189,3782.7703,1772.2999,859.5071,1239.5356,773.2556,2366.6619,414.7808,3439.906,1512.8527,10841.9531,2925.4468,1749.4429,136.2818,2457.1597
2024-11-21,1212.5286,3813.9534,1781.3326,858.989,1240.9746,751.8297,2339.6113,405.7281,3417.928,1512.5056,10745.1514,2912.8479,1752.1499,137.0245,2402.2031
2024-11-22,1254.5657,3974.7861,1847.5723,861.1597,1268.264,785.8221,2400.9292,421.2597,3535.6689,1556.2897,10945.1357,2988.9365,1767.2106,139.5262,2445.7822
2024-11-25,1275.9806,4040.8042,1835.3831,880.8929,1290.9886,813.1701,2426.6543,423.1678,3682.355,1565.6613,10907.0986,3021.3267,1770.7543,140.3959,2433.4158
2024-11-26,1284.6061,4076.0146,1868.8428,880.8683,1294.958,808.3072,2434.2639,423.3453,3632.9036,1564.1737,10826.7676,2961.4077,1734.0377,141.1777,2478.2319
2024-11-27,1282.1276,4057.145,1869.1827,894.0649,1290.7405,803.2035,2441.8242,423.301,3629.0769,1564.5704,10939.9424,2980.8518,1722.0778,141.2363,2465.272
2024-11-28,1259.9194,3975.0669,1803.283,884.6176,1276.5004,807.7775,2417.5718,421.4815,3597.0417,1547.4634,10832.6045,2875.5972,1707.1156,140.1223,2431.7837
2024-11-29,1281.1361,3999.3672,1804.4485,886.0483,1290.1451,807.8739,2450.9065,423.1234,3654.6858,1613.66,10955.623,2942.4602,1753.0359,141.246,2453.1033
2024-12-02,1297.941,4004.7986,1825.7677,890.3156,1294.6603,805.4184,2434.2148,423.5228,3634.3262,1629.9735,11118.9551,2992.3591,1780.2533,143.0735,2452.5593
2024-12-03,1311.97,4029.2393,1837.714,900.9716,1298.3816,822.3182,2437.8479,419.3959,3715.7639,1607.1147,11158.4775,3003.1724,1771.8862,143.2005,2443.0122
2024-12-04,1297.7427,4077.6064,1834.9459,917.6462,1305.973,827.8552,2419.8303,414.5589,3718.5601,1570.9668,11010.6768,3007.5869,1772.0338,142.5262,2433.1687
2024-12-05,1310.7306,4180.2856,1879.2352,920.4335,1326.2665,833.3923,2449.3848,414.914,3759.4263,1601.9578,11062.5156,3047.1194,1785.0764,143.7184,2425.9961
2024-12-06,1300.3206,4162.915,1867.1432,915.5495,1318.5758,831.659,2438.7808,418.1534,3793.9143,1584.6029,11196.7637,3048.5081,1776.6111,144.9106,2403.7366
2024-12-09,1284.0609,4169.1431,1868.3572,922.5302,1312.1752,826.2664,2357.2358,412.6508,3872.9976,1589.2639,11159.0215,3026.9314,1778.3829,146.4644,2366.291
2024-12-10,1273.849,4150.7891,1892.5415,921.5928,1320.2627,835.3663,2353.8977,413.0945,3849.302,1565.5621,11078.2959,3042.4565,1781.6312,146.8943,2363.3723
2024-12-11,1267.256,4146.0132,1917.4056,919.1262,1317.3353,829.6848,2357.825,412.917,3843.0225,1572.8511,11156.9932,3047.5657,1785.6178,147.168,2391.469
2024-12-12,1252.087,4171.7646,1929.8862,917.2269,1319.0719,822.0775,2302.447,408.7901,3787.2424,1597.1976,11047.8252,3043.0022,1777.2015,147.3439,2364.0156
2024-12-13,1261.9518,4189.5103,1942.2212,923.3935,1334.6022,829.6367,2346.7791,417.1327,3813.8325,1667.8073,11151.8486,3056.8411,1785.0764,145.5556,2381.9219
2024-12-16,1257.4408,4134.542,1923.1361,920.1622,1335.7928,829.059,2323.2629,417.2215,3804.8547,1648.7665,11156.252,3060.2637,1781.4838,144.422,2376.5801
2024-12-17,1234.6378,4053.3528,1919.7853,904.4003,1323.5375,819.0442,2320.4155,416.7333,3735.5344,1601.9082,10989.6055,3017.259,1761.0583,142.3601,2330.824
2024-12-18,1242.5197,4071.4724,1922.262,893.2756,1304.0876,807.1035,2316.439,417.5765,3687.408,1588.6194,10884.6416,3026.8818,1772.8706,141.1679,2320.3867
2024-12-19,1219.9148,4000.3506,1890.259,884.7903,1277.0463,801.9517,2317.0771,414.0708,3646.3948,1587.0326,10838.0449,2990.623,1794.7725,139.9952,2267.3599
2024-12-20,1194.9803,3905.2087,1866.9003,873.937,1278.5348,781.9221,2291.5974,412.3845,3561.5232,1565.0166,10784.3271,2883.1863,1780.5485,137.474,2257.9612
2024-12-23,1211.8347,3893.9712,1868.9885,888.4903,1286.8705,790.7333,2296.5068,420.9047,3571.9727,1573.7437,10706.123,2886.1128,1786.2085,138.4806,2254.8447
2024-12-24,1212.2809,3913.8242,1854.1769,887.0596,1287.317,781.9703,2293.2175,424.6323,3571.2366,1570.7686,10621.6377,2905.3582,1790.5397,137.1809,2259.5933
2024-12-26,1206.1339,3904.085,1852.5743,883.4337,1287.4161,782.3555,2290.4683,423.301,3561.1797,1586.2393,10779.3311,2951.9338,1812.5399,137.1613,2238.2241
2024-12-27,1210.5955,3900.1057,1861.6555,887.1337,1297.5382,770.0297,2298.8142,424.7654,3540.1826,1586.5863,10823.8984,3025.1458,1832.1287,135.7444,2247.1279
2024-12-30,1200.3339,3894.4397,1851.2145,877.0944,1284.7369,759.1,2301.0234,423.3453,3511.5811,1573.7437,10683.3203,2978.9668,1854.4243,133.7606,2263.7981
2024-12-31,1205.0432,3834.5083,1825.9618,874.603,1271.8364,765.5037,2284.6755,429.2473,3539.7407,1574.5867,10742.1338,2983.1333,1856.8359,134.904,2256.9719
2025-01-01,1210.7936,3851.0366,1828.39,879.4869,1273.8212,763.8185,2280.0115,429.5136,3598.4644,1582.4707,11088.2871,3057.4363,1860.3795,133.6238,2280.0227
2025-01-02,1231.1677,3910.3123,1901.5742,884.9136,1280.7179,771.5222,2327.043,434.0399,3643.5984,1596.3546,11714.5088,3185.5076,1848.6167,135.031,2318.2104
2025-01-03,1240.4376,3839.2837,1883.0232,862.9357,1255.3635,764.0112,2362.636,427.4279,3591.0071,1585.5946,11806.4639,3165.1213,1820.7102,135.2069,2310.9883
2025-01-06,1207.5715,3834.6956,1882.149,843.8438,1254.4208,747.6408,2333.1306,407.9893,3535.3745,1575.2808,11629.7764,3080.9475,1818.4954,129.1677,2242.9233
2025-01-07,1230.2257,3772.2351,1875.3502,845.2744,1269.4548,749.9037,2347.4663,406.5607,3574.72,1577.6609,11595.7939,3084.0725,1824.4016,130.3404,2268.1016
2025-01-08,1254.6648,3847.2437,1877.5841,835.8519,1254.0735,742.5853,2357.4812,414.349,3528.6538,1585.9417,11695.416,3061.5037,1808.9963,129.6172,2309.4055
2025-01-09,1244.0068,3782.1147,1862.1898,822.7786,1252.7339,732.2816,2391.2578,414.856,3461.4919,1593.7267,11614.8379,3101.5818,1797.7747,126.969,2325.0862
2025-01-10,1231.2668,3994.498,1910.4125,817.3272,1240.2799,715.7188,2397.7871,410.0631,3469.5867,1602.5033,11506.5596,3068.2,1756.8749,124.526,2295.9507
2025-01-13,1229.2344,4018.3301,1905.7991,804.5499,1220.3339,702.4781,2406.5752,404.6712,3399.0891,1583.9583,11374.5889,2975.7427,1719.5677,120.1285,2228.5784
2025-01-14,1228.1438,3963.9695,1884.2859,812.3199,1230.8031,720.4373,2325.0303,402.4131,3397.4214,1586.8342,11615.4316,3025.1953,1743.1431,124.0374,2216.0142
2025-01-15,1241.4785,3979.4683,1893.6099,810.5685,1228.7687,725.7817,2329.989,403.1043,3435.4907,1594.1233,11819.4736,2936.6567,1729.3621,123.6465,2205.8738
2025-01-16,1255.6066,3938.9199,1873.0192,815.0085,1239.5356,737.9149,2302.4963,398.9567,3441.8684,1616.6847,11962.8213,2956.8447,1735.7113,124.8973,2191.9246
2025-01-17,1291.1992,3933.1982,1763.2672,807.4606,1216.0667,735.7964,2311.333,405.7312,3501.4749,1614.0071,12006.3994,2894.0986,1758.5975,127.311,2236.8394
2025-01-20,1294.2727,3888.8533,1761.1792,814.6138,1223.5093,750.3853,2302.6926,403.4269,3525.3665,1627.5439,11891.3447,2865.0818,1750.4272,128.6596,2256.1804
2025-01-21,1262.7946,3848.8469,1748.9412,810.2479,1186.9911,730.9335,2298.0779,403.2887,3474.4438,1612.6683,11756.4551,2798.8142,1735.1205,126.7442,2236.1963
2025-01-22,1266.1655,3964.002,1803.0887,821.9152,1191.2581,725.541,2300.4834,402.7817,3451.9746,1618.2218,11891.6416,2803.9231,1770.8033,125.982,2237.9277
2025-01-23,1252.8307,3953.3687,1811.83,821.3479,1192.5482,718.2706,2279.6184,405.7312,3437.3059,1622.4366,11916.7705,2863.4448,1804.9113,127.399,2252.0254
2025-01-24,1235.6293,3959.9487,1821.5426,813.8986,1199.9412,716.5854,2325.1775,407.0215,3393.104,1631.1637,11839.7539,2779.0728,1793.6896,126.7833,2238.2241
2025-01-27,1218.8242,3876.7891,1769.629,804.0319,1218.5476,721.4484,2349.479,405.639,3392.5642,1589.3135,11865.4258,2809.0322,1758.8927,123.4901,2227.4407
2025-01-28,1223.8311,3853.0908,1777.1562,824.0612,1237.3525,724.5298,2345.5515,401.3531,3349.6379,1604.9329,11993.9346,2847.7214,1678.8156,125.6889,2217.8445
2025-01-29,1224.9216,3909.8335,1827.1759,827.4651,1242.0662,730.3557,2340.7402,399.4175,3384.7639,1587.1813,11849.6475,2901.043,1708.1984,127.8192,2199.3936
2025-01-30,1242.3214,3910.072,1806.488,834.4705,1245.9858,734.352,2365.0908,402.0444,3356.5552,1627.1472,11871.5098,2947.7673,1711.8898,128.1319,2225.8083
2025-01-31,1254.2682,3921.8494,1825.7677,838.0471,1243.2074,744.2705,2424.0525,412.4596,3500.2483,1612.817,12178.834,2966.021,1716.6639,131.5521,2276.2139
2025-02-01,1253.7725,3884.4185,1798.1354,834.1991,1245.9363,737.626,2460.6272,426.3311,3382.6055,1609.7924,12778.1963,3052.2283,1714.9412,129.9397,2326.0259
2025-02-03,1235.2327,3880.127,1809.7419,827.8105,1243.4058,732.7631,2397.689,418.7732,3227.2852,1638.651,12999.2539,3148.0088,1713.3665,128.8159,2267.7554
2025-02-04,1274.196,3916.7476,1844.2216,848.9745,1258.4894,750.3371,2393.8599,419.5106,3374.4126,1647.6755,12969.5752,3163.6333,1737.6306,130.3795,2329.1919
2025-02-05,1267.256,3901.5369,1842.5217,857.3118,1257.9932,737.6742,2347.7117,413.0587,3319.5159,1646.6838,12946.6729,3153.4153,1725.3262,131.3371,2250.8875
2025-02-06,1270.5774,3893.5737,1860.5872,860.2964,1262.6572,724.3854,2329.6941,406.5607,3289.6389,1606.3213,12934.0098,3114.9246,1725.0786,129.5195,2239.2136
2025-02-07,1255.8545,3842.6956,1848.932,854.8204,1247.276,709.8929,2321.0049,397.1133,3274.0872,1662.8488,12909.7725,3172.9583,1732.803,135.158,2246.7324
2025-02-10,1242.9163,3849.8958,1826.2533,846.4338,1252.9323,709.5077,2318.6482,393.7491,3265.9924,1679.0137,12762.6152,3112.2461,1715.2748,130.9853,2245.8914
2025-02-11,1224.2772,3779.897,1821.7369,839.3545,1243.1577,704.0187,2273.2854,385.546,3178.668,1682.683,12588.1035,3061.3547,1683.239,127.1449,2216.9045
2025-02-12,1206.1339,3767.1177,1809.5963,842.0185,1242.215,705.9929,2290.2229,383.7672,3227.7266,1697.3604,12520.041,2963.3918,1677.3964,129.2655,2204.4392
2025-02-13,1205.6876,3728.9714,1790.2683,837.5291,1239.3372,700.6966,2279.4224,383.5799,3202.2163,1700.3849,12535.6221,2954.2651,1729.3864,133.145,2212.5022
2025-02-14,1206.8279,3752.5266,1803.0403,836.1231,1250.4514,695.4004,2276.3293,384.0948,3176.7056,1702.8147,12544.4766,2919.1475,1683.9817,131.4055,2207.4568
2025-02-17,1214.4125,3723.583,1789.3455,847.2231,1241.5699,700.7448,2287.179,382.55,3161.2031,1661.6587,12626.2412,2809.3792,1697.5486,131.2296,2226.7979
2025-02-18,1214.9082,3693.7334,1798.7181,850.0351,1233.532,698.9151,2254.3845,379.4136,3159.5349,1655.0638,12649.292,2767.8132,1685.071,131.4739,2213.6895
2025-02-19,1216.9404,3608.762,1758.751,852.0824,1251.9896,700.3596,2209.6111,380.4903,3214.2356,1631.5603,12550.3135,2735.4233,1660.3138,132.6661,2215.1733
2025-02-20,1222.443,3604.2793,1772.6885,832.2998,1240.3792,702.6707,2207.3037,376.4176,3214.1377,1629.8744,12307.4424,2816.8193,1653.0848,134.8942,2225.0171
2025-02-21,1217.6345,3610.5737,1762.8302,834.9638,1223.5093,695.2559,2201.0193,375.3409,3252.6978,1625.6597,12191.4971,2648.0752,1627.7831,137.5522,2233.4756
2025-02-24,1204.1511,3505.2896,1713.3932,827.3665,1209.0211,689.8633,2200.823,376.2772,3196.3782,1588.0243,12213.0137,2687.6074,1623.5742,134.5131,2222.1975
2025-02-25,1193.6914,3461.3733,1716.8898,829.9565,1214.7767,684.5671,2218.3496,379.0391,3165.1765,1627.7919,12342.7588,2755.7104,1597.9259,133.9463,2200.9766
2025-02-27,1196.7648,3445.1604,1713.5875,839.0091,1213.0897,677.8264,2204.2598,375.9963,3149.0854,1636.7173,12248.0342,2704.8193,1631.4966,135.5294,2189.9951
2025-02-28,1189.8247,3321.8518,1639.1892,854.6478,1194.8802,663.2856,2150.551,369.8171,3104.2949,1557.1821,11817.9395,2564.4968,1577.7736,134.0733,2156.4575
2025-03-03,1161.2217,3331.198,1659.4885,839.4285,1196.9641,669.5449,2137.3943,372.1109,3137.1152,1582.5699,11649.5127,2591.083,1569.7028,135.4121,2143.25
2025-03-04,1151.9518,3368.3909,1639.7721,843.5971,1201.132,689.5262,2118.2476,369.6766,3152.5195,1562.2894,11491.8691,2592.5215,1551.2834,136.1646,2109.3167
2025-03-05,1165.5344,3382.6956,1662.3052,833.7305,1206.3914,703.2966,2131.1099,379.2263,3178.668,1604.8337,11492.957,2704.8689,1567.0785,142.7705,2141.0239
2025-03-06,1199.2433,3434.718,1666.5302,834.3224,1208.7235,704.9336,2178.731,379.8349,3198.5366,1613.4121,11541.4824,2720.543,1598.322,147.0116,2243.4678
2025-03-07,1239.0992,3443.873,1637.5381,833.3605,1205.2502,705.6077,2164.592,378.1497,3183.6228,1617.1805,11539.2568,2706.1091,1593.6677,148.1061,2245.7432
2025-03-10,1227.7969,3423.3218,1652.5439,832.4971,1205.5479,701.9003,2207.0088,379.1795,3117.884,1617.4285,11461.9922,2681.0603,1595.8463,147.6077,2254.2515
2025-03-11,1236.6206,3409.6367,1613.8394,831.5105,1235.864,702.8151,2176.7671,380.3031,3135.3,1649.1631,11522.2402,2624.5146,1639.2208,147.3145,2262.957
2025-03-12,1246.2872,3343.7385,1545.123,844.1645,1234.425,696.267,2153.1531,386.1078,3133.5337,1629.2297,11515.4629,2632.1531,1660.5615,146.8748,2227.2429
2025-03-13,1237.2155,3348.3638,1534.4392,841.9197,1240.4784,700.8892,2135.3813,385.7801,3127.3035,1618.9656,11390.5156,2622.4312,1667.0974,147.4416,2207.4568
2025-03-17,1228.2429,3335.6323,1544.3462,843.7945,1259.2833,696.3633,2131.8955,381.9415,3113.7139,1625.5605,11429.9893,2683.5898,1687.7449,148.3504,2195.8323
2025-03-18,1228.2429,3335.6323,1544.3462,843.7945,1259.2833,696.3633,2131.8955,383.0182,3113.7139,1625.5605,11429.9893,2683.5898,1687.7449,148.3504,2195.8323
2025-03-19,1236.4719,3335.0603,1540.9468,860.4197,1303.0455,717.5002,2160.1736,377.3539,3257.064,1623.577,11491.1768,2766.8708,1715.5223,154.9857,2256.3286
2025-03-20,1258.2834,3398.0493,1569.1133,872.5803,1311.5797,721.7853,2201.7559,378.1965,3287.9712,1691.1124,11604.5986,2805.5601,1733.2485,155.4156,2262.7593
2025-03-21,1265.4219,3412.3071,1546.7743,873.3697,1332.8159,725.3002,2205.4871,379.6945,3351.6492,1711.4922,11607.1709,2779.5193,1767.1658,153.6957,2275.8181
2025-03-24,1290.9514,3460.8008,1546.9685,887.9969,1347.7507,751.8778,2215.3057,384.7034,3416.3088,1704.5502,11794.5928,2752.5854,1767.4629,154.8097,2297.6821
2025-03-25,1274.444,3488.2664,1581.6422,898.5789,1333.4113,744.2223,2230.1323,383.6735,3404.2896,1716.1531,11741.8145,2714.1941,1747.6075,153.1583,2305.844
2025-03-26,1262.1501,3467.3333,1553.476,891.2283,1325.671,735.7001,2205.2415,381.3797,3379.9563,1724.1365,11608.6553,2720.3943,1741.8639,152.2592,2298.325
2025-03-27,1267.256,3482.0195,1557.4581,900.5029,1326.4153,743.6927,2203.9651,383.3458,3435.6873,1710.4011,11596.4375,2711.2178,1714.6311,151.8781,2313.1155
2025-03-28,1264.1825,3439.0569,1525.5038,901.9089,1338.0256,742.9224,2217.9077,383.6267,3426.5623,1719.0292,11398.7773,2644.5535,1717.8495,150.725,2315.6379
2025-04-01,1241.8751,3386.2717,1482.6227,872.1364,1308.3546,743.1149,2193.3611,380.7244,3372.1069,1709.8558,11358.166,2616.8757,1681.8527,149.6305,2291.2515
2025-04-02,1240.4376,3379.7395,1505.593,886.4677,1321.0566,747.2075,2197.3374,382.9713,3355.5249,1740.0533,11590.6494,2616.5286,1697.004,151.1647,2282.0012
2025-04-03,1238.0085,3245.4629,1453.485,885.4563,1319.3698,750.3371,2203.8669,383.299,3355.77,1731.5247,11562.9492,2590.6367,1752.8066,150.1191,2324.2947
2025-04-04,1194.3853,3146.5208,1409.9242,896.5317,1325.0757,739.0224,2203.8669,383.5799,3198.782,1728.9957,11359.0566,2575.8555,1692.7457,137.1906,2330.8738
2025-04-07,1155.7192,3122.3455,1356.6023,867.129,1277.6913,719.2336,2208.6289,380.1626,3010.7395,1672.6667,11208.4365,2471.3945,1650.1635,126.5293,2316.3308
2025-04-08,1172.078,3140.3696,1387.7311,872.7777,1289.9467,740.1297,2247.7566,386.2482,3101.5967,1706.1368,11336.2041,2503.5364,1671.9498,127.311,2368.616
2025-04-09,1175.201,3096.1672,1363.3524,870.7303,1290.8398,714.7076,2307.4058,389.7591,2996.6597,1701.3271,11334.7207,2502.991,1636.1509,124.2817,2385.3845
2025-04-11,1208.5133,3081.7666,1368.9373,891.327,1301.6067,725.9261,2323.2629,394.6744,3057.2964,1742.0367,11474.8525,2559.7847,1671.1576,130.3795,2368.0222
2025-04-15,1229.4823,3097.6929,1385.0115,920.0142,1339.8615,735.2186,2318.6973,393.5977,3196.28,1783.887,11728.0625,2624.9114,1688.438,133.3013,2389.8862
2025-04-16,1228.6892,3122.1064,1372.4823,926.4769,1346.014,743.1631,2323.7048,397.3896,3166.9429,1807.4895,11539.1074,2613.6023,1676.6537,133.8486,2433.6138
2025-04-17,1263.5878,3146.0439,1378.6982,940.6354,1395.9288,767.9111,2331.9524,400.011,3186.1738,1873.4382,11569.7754,2658.0449,1734.4863,134.0147,2441.5281
2025-04-21,1284.408,3167.6919,1409.293,950.6994,1399.0052,786.448,2308.3875,395.8915,3218.749,1867.7855,11619.2402,2741.9707,1727.9506,136.0082,2418.873
2025-04-22,1280.1447,3160.8257,1381.9036,967.7687,1405.6539,791.937,2355.2229,405.9562,3196.4763,1836.8441,11608.3584,2794.6477,1730.4263,135.0115,2406.012
2025-04-23,1288.8694,3254.8567,1432.5059,949.1207,1413.4934,783.3184,2379.8679,403.3815,3238.863,1866.0004,11779.5059,2894.5452,1771.4241,137.9431,2426.8865
2025-04-24,1290.4557,3243.9854,1429.1066,945.6181,1391.9595,783.2703,2283.1536,402.6325,3238.4707,1830.2988,11766.6455,2878.2756,1786.3774,138.2949,2438.0657
2025-04-25,1289.266,3288.2351,1437.6536,942.8554,1394.0435,769.0667,2289.9282,400.5259,3210.5073,1802.1343,11572.7441,2841.3721,1770.0377,135.6857,2405.6165
2025-04-28,1357.0803,3283.9436,1439.4989,947.2954,1417.8597,787.074,2276.5747,401.4622,3264.668,1806.6963,11719.1592,2907.2432,1823.7111,138.8324,2425.9961
2025-04-29,1387.7157,3311.6001,1454.4564,941.6714,1418.8521,782.4517,2279.6184,398.8407,3259.7622,1808.6797,11714.2129,2886.4104,1787.9618,138.2753,2424.908
2025-04-30,1392.9703,3293.6709,1456.9816,949.6634,1416.0735,759.4371,2299.6489,398.6535,3278.1101,1849.0422,12125.7578,2905.4575,1814.5016,136.8877,2399.7791
2025-05-02,1407.6437,3272.0229,1463.5862,948.1342,1419.1497,767.1888,2276.5747,402.1176,3272.125,1832.8773,12272.1738,2893.9497,1806.8762,138.1776,2384.2471
2025-05-05,1419.0453,3294.2434,1465.2373,955.4847,1418.4551,760.7371,2306.0312,409.0926,3267.5134,1850.5298,12324.6064,2997.4185,1818.7598,138.8421,2410.8596
2025-05-06,1408.7343,3299.6792,1468.0538,952.9687,1420.6382,745.426,2338.6292,407.7819,3271.2419,1885.2396,12446.2891,3043.9446,1801.4297,141.1483,2392.1616
2025-05-07,1393.9618,3285.4697,1464.9459,959.826,1424.4092,747.3519,2327.8286,403.6624,3258.8792,1881.0745,12497.7324,3095.0342,1763.9968,142.6728,2309.1582
2025-05-08,1394.9532,3289.0935,1467.9569,951.3901,1424.5084,740.515,2312.2168,403.1474,3261.332,1859.356,12259.3125,3008.9263,1750.0338,140.3959,2277.9949
2025-05-09,1365.4084,3280.8921,1464.266,932.2488,1378.2653,750.3853,2290.6155,396.5469,3379.073,1833.0757,12118.833,2958.3328,1727.8514,139.5262,2275.0269
2025-05-12,1424.2007,3452.647,1580.137,965.5487,1437.4088,771.9555,2339.3167,407.735,3519.6758,1855.29,12480.9141,3079.9553,1669.8206,148.1745,2331.2197
2025-05-13,1403.5787,3352.1306,1523.5126,948.4794,1419.6459,772.0518,2317.2246,400.6196,3499.856,1805.5061,12348.3486,3029.4612,1683.4867,146.0246,2299.7598
2025-05-14,1412.2042,3384.2693,1546.6285,942.5594,1415.2795,771.0407,2307.8967,401.7431,3505.8413,1818.9934,12534.3359,3077.0786,1691.6069,151.7706,2257.9116
2025-05-15,1441.7491,3414.0237,1566.6364,954.0048,1439.6913,777.8296,2312.5112,405.0667,3550.0923,1851.7197,12813.3164,3119.2397,1723.1971,153.7641,2305.0029
2025-05-16,1443.9303,3396.2854,1544.2004,954.4487,1442.8667,778.0751,2338.2366,407.9223,3536.8464,1798.9608,12855.8564,3110.6094,1718.0477,153.9596,2328.4497
2025-05-19,1428.4639,3355.7546,1514.9656,956.4221,1437.905,780.9238,2339.5129,407.5946,3532.4312,1803.2252,12849.9199,3103.0698,1713.3932,153.9791,2306.4871
2025-05-20,1412.4026,3336.2046,1515.7426,944.6808,1427.1876,771.7394,2298.667,407.1733,3500.6411,1793.9032,12502.6787,3039.0837,1691.2108,155.0736,2271.0696
2025-05-21,1416.9631,3362.4302,1523.4155,950.5515,1433.6379,773.1636,2321.0535,405.3944,3521.4419,1807.3904,12479.9248,3066.0669,1714.9778,157.9564,2287.6899
2025-05-22,1397.3328,3315.8914,1503.019,947.1475,1431.0579,771.3464,2288.4556,398.9343,3484.5496,1816.2167,12311.7451,2982.3398,1702.0049,157.6143,2274.6309
2025-05-23,1414.5839,3351.7493,1519.8219,953.9061,1438.699,776.5035,2316.439,408.484,3532.1365,1816.514,12319.6592,2988.6887,1667.246,159.2561,2290.7568
2025-05-26,1422.5153,3373.3972,1535.0706,957.162,1449.4161,780.3345,2350.7063,414.6632,3580.0181,1832.084,12288.002,3055.6506,1659.8187,158.8065,2302.3318
2025-05-27,1409.924,3336.5862,1524.9696,950.3047,1435.325,779.6469,2337.0583,406.237,3571.4819,1828.5139,12281.0771,3015.5728,1667.0479,157.9759,2302.7278
2025-05-28,1400.8027,3335.6323,1526.6207,948.9234,1442.6683,782.4464,2319.188,400.6591,3577.6633,1840.7118,12198.9658,2973.9075,1650.213,157.5655,2278.5884
2025-05-29,1405.6609,3336.0139,1540.024,950.8967,1445.3475,783.2322,2323.803,399.2765,3586.4939,1848.1497,12259.3125,2985.0181,1683.2886,159.4026,2269.7834
2025-05-30,1408.7343,3302.9219,1539.1376,959.4807,1434.7296,797.9175,2305.7363,398.6091,3605.9214,1840.8109,12187.0947,2953.075,1661.3042,157.3505,2234.9597
2025-06-02,1401.5958,3289.9519,1530.3718,953.166,1439.3936,799.2436,2328.6143,399.8009,3610.3367,1838.7284,12158.4053,3001.7834,1658.3334,155.4156,2242.4783
2025-06-03,1393.4662,3247.4182,1519.7346,949.4661,1426.89,795.4617,2309.6641,397.5603,3609.5444,1826.0345,11998.1396,3022.2192,1651.3022,153.7641,2231.5957
2025-06-04,1411.312,3252.9023,1527.8109,957.6553,1420.0428,792.2202,2321.6428,397.6079,3591.4214,1859.8518,12032.7646,3029.0642,1648.7277,154.5752,2224.9675
2025-06-05,1430.0502,3243.4734,1530.8643,961.7993,1443.6606,791.729,2333.3271,399.6103,3607.3657,1863.2236,11996.1611,3017.3584,1666.7507,154.37,2219.5264
2025-06-06,1431.1407,3256.0776,1540.2211,976.1553,1448.5231,798.6542,2346.4841,401.4696,3620.9331,1854.6949,12328.5635,3081.741,1662.8887,157.49,2221.208
2025-06-09,1436.3954,3292.3503,1549.1838,976.254,1423.8138,805.5303,2349.8228,403.3766,3643.3145,1849.6372,12501.6895,3062.7932,1677.941,157.32,2223.8792
2025-06-10,1426.1835,3331.7981,1571.9355,969.5447,1412.0049,802.5834,2351.7864,407.1429,3644.2058,1841.7035,12385.9424,3043.052,1672.3955,155.68,2215.4424
2025-06-11,1436.4945,3340.4573,1606.5062,962.194,1420.0428,800.6188,2333.3271,406.3324,3649.1575,1844.7778,12318.6699,3056.1467,1674.178,156.41,2205.3582
2025-06-12,1429.2571,3304.1846,1584.3455,958.7407,1414.2872,791.6799,2290.4192,401.4219,3569.0398,1828.9104,12257.334,2995.1367,1671.009,152.89,2215.9417
2025-06-13,1415.6743,3315.2493,1577.845,946.0128,1405.257,778.3207,2276.9675,394.6521,3552.6995,1825.142,12275.1416,2982.042,1671.4052,152.13,2210.7498
2025-06-16,1425.4896,3363.9336,1599.3164,954.7941,1415.9742,778.4681,2285.2151,398.7521,3593.5999,1845.8688,12395.835,2999.502,1668.9294,154.17,2241.302
2025-06-17,1418.946,3382.2144,1615.1736,951.9327,1412.3025,778.2716,2286.3936,397.9893,3587.262,1839.4226,12460.1387,2983.2324,1634.1703,152.6,2261.271
2025-06-18,1417.8555,3320.7334,1608.2792,954.0541,1401.7837,777.8787,2255.6609,396.5591,3566.6631,1850.4307,12611.501,3016.8623,1631.9917,152.11,2277.845
2025-06-19,1421.0282,3294.3708,1593.9978,954.7448,1400.4938,771.199,2252.6169,396.6544,3586.0737,1861.4386,12668.8799,3070.1343,1631.5956,151.0,2264.4658
2025-06-20,1453.6464,3305.6277,1598.4299,969.2487,1416.1727,782.0535,2264.3994,399.0858,3626.5779,1920.6436,12654.04,3159.02,1648.9257,151.97,2282.1382
2025-06-23,1444.3269,3265.1221,1560.1165,961.2074,1409.2263,776.2088,2257.355,394.6521,3549.0352,1920.2469,12563.0254,3110.0139,1646.3508,152.43,2260.572
2025-06-24,1438.3783,3262.0427,1557.7526,967.374,1413.1957,781.3167,2245.4487,395.0811,3569.9312,1917.5693,12475.9678,3124.9937,1645.5586,154.79,2271.7546
2025-06-25,1454.7371,3314.3833,1590.5505,976.8953,1414.8827,785.8843,2260.9268,396.9882,3584.7861,1949.304,12630.2979,3189.8723,1653.3818,156.39,2276.3472
2025-06-26,1482.4973,3311.4971,1591.6339,997.4179,1428.0808,782.9375,2263.0105,400.7544,3624.2012,1997.6003,12578.8545,3190.1699,1653.58,160.54,2286.2319
2025-06-27,1502.4252,3310.8235,1583.7545,1004.9492,1451.0039,791.1396,2288.9067,399.1812,3643.6116,2010.2941,12506.6357,3177.7695,1671.207,161.45,2355.0244
2025-06-30,1487.7518,3330.9321,1577.6481,998.2658,1434.7296,805.825,2276.7029,397.0835,3634.3025,1992.9392,12267.2266,3157.8298,1659.4227,159.76,2337.4521
2025-07-01,1515.3138,3299.855,1582.5728,1003.5526,1421.0352,805.7758,2277.5957,395.7963,3631.2324,2002.658,12308.7773,3150.7864,1651.0052,160.06,2365.8079
2025-07-02,1505.796,3293.6973,1586.2169,990.535,1416.8674,798.5069,2289.1055,393.7463,3562.0085,2016.4427,12486.8496,3139.9731,1661.2051,165.88,2415.6299
2025-07-03,1504.8047,3272.0493,1594.2932,991.0836,1414.9819,792.8095,2295.3562,394.1277,3548.2429,2002.5588,12615.458,3149.0999,1663.3838,165.91,2427.1121
2025-07-04,1514.2234,3290.3298,1615.9614,992.181,1431.7526,797.4754,2321.0542,393.3648,3559.8301,2000.4762,12510.5928,3162.5,1660.0168,163.01,2420.4224
2025-07-07,1528.3016,3282.5366,1602.4681,991.2333,1424.7068,792.564,2391.5996,396.7974,3546.7576,2017.0378,12385.9424,3160.2,1669.0581,162.4,2438.9937
2025-07-08,1524.4349,3277.2446,1613.9916,998.2159,1430.9586,798.2613,2374.0376,397.7986,3571.5156,2013.17,12281.0771,3157.8999,1661.7059,161.97,2480.7285
2025-07-09,1505.9943,3255.6926,1609.067,1003.1037,1420.936,796.5914,2404.498,399.944,3545.074,2002.9554,12336.4775,3176.3,1658.626,159.0,2495.0061
2025-07-10,1504.2096,3253.9607,1591.437,1000.6099,1413.1957,793.6936,2389.6152,397.4649,3540.1223,1948.2131,12514.5498,3162.3999,1651.7704,160.66,2447.3804
2025-07-11,1482.3981,3142.3523,1570.8521,989.3879,1411.0126,794.3322,2499.948,397.4172,3506.3523,1905.9663,12439.3643,3073.2,1661.2091,159.84,2435.3992
2025-07-14,1470.9965,3100.6919,1546.623,989.0388,1412.1041,794.5286,2496.9714,399.8963,3462.0845,1904.9746,12380.0068,3092.1001,1671.7407,160.44,2397.8579
2025-07-15,1472.682,3129.1709,1561.6923,995.2733,1419.8445,801.994,2507.1909,402.4707,3460.2029,1918.1643,12401.7705,3128.6001,1716.351,159.0,2389.7703
2025-07-16,1472.8802,3121.2549,1583.6561,995.6722,1415.4781,816.974,2497.9636,404.8545,3469.9082,1920.5444,12429.4707,3196.5,1690.022,157.33,2406.7439
2025-07-17,1463.7592,3098.1816,1559.624,990.9839,1407.837,814.3218,2490.2244,404.2347,3440.3965,1913.9,12342.4131,3195.0,1692.4065,159.9,2395.1619
2025-07-18,1463.3625,3079.5491,1562.1847,976.2705,1414.8827,808.7718,2470.1819,403.0905,3431.2854,1901.0,12286.0234,3192.3999,1682.6697,162.37,2378.6875
2025-07-21,1416.3683,3048.9458,1560.412,997.767,1454.5764,809.6068,2445.6746,400.5638,3468.918,1909.2,12272.1738,3246.7,1681.3782,163.02,2371.6985
2025-07-22,1400.7036,3050.2974,1547.214,1001.0588,1462.3167,800.5697,2460.3591,396.6544,3431.0874,1906.8,12358.2422,3257.2,1667.1704,163.04,2361.5144
2025-07-23,1412.4026,3069.123,1550.7596,1009.6375,1477.2018,806.1197,2431.2876,395.6533,3451.1909,1943.8,12491.7969,3268.8,1671.6414,162.77,2371.6985
2025-07-24,1390.8884,3039.0986,1529.0914,1004.6,1472.0416,801.2573,2418.7859,390.8858,3443.8625,1936.1,12422.5459,3260.8999,1681.0801,163.48,2348.4351
2025-07-25,1379.7842,3027.3208,1492.8462,1002.3,1465.7898,792.2693,2396.5605,390.3613,3409.5972,1937.9,12271.1846,3246.3999,1688.0349,161.43,2332.5596
2025-07-28,1375.7192,2972.7756,1493.1417,1004.25,1477.0034,783.0358,2422.5564,390.8381,3389.0974,1890.3,12207.8691,3209.8,1691.2141,159.68,2355.9233
2025-07-29,1404.9667,2950.2812,1490.8763,1010.8,1474.8202,785.0494,2434.4629,389.4555,3461.7876,1918.3,12335.4883,3199.3999,1699.4607,161.69,2397.7578
2025-07-30,1398.0266,2947.9646,1496.0966,1012.9,1471.0493,787.4561,2418.3889,388.6451,3629.6479,1932.6,12482.8926,3208.8999,1722.6104,161.36,2412.0356
2025-07-31,1378.297,2931.7456,1486.2473,1009.1,1470.057,782.4464,2501.5354,392.7928,3601.3245,1914.3,12473.0,3203.1001,1695.6852,157.94,2392.3665
2025-08-01,1381.7671,2899.115,1447.4413,1006.1,1460.3319,779.9415,2533.782,397.0835,3552.6006,1884.4,12302.0,3159.3,1619.1821,153.01,2427.2119
2025-08-04,1399.4147,2968.0447,1458.177,996.0,1451.9962,781.6114,2523.8599,397.4649,3595.9768,1914.6,12365.0,3200.2,1631.0052,159.56,2445.9827
2025-08-05,1379.7842,2957.908,1438.2816,988.8,1433.3402,786.4246,2514.9302,394.8904,3617.269,1931.8,12537.0,3212.2,1621.5667,159.62,2433.0029
2025-08-06,1380.8748,2927.4014,1415.0374,992.65,1432.5464,790.8941,2515.8232,392.8404,3593.3027,1929.7,12524.0,3227.5,1584.9048,158.66,2487.3181
2025-08-07,1377.504,2941.5928,1415.2344,997.7,1429.2717,790.8941,2497.8643,394.366,3606.3752,1922.6,12632.0,3211.1001,1588.0841,159.67,2502.5942
2025-08-08,1356.0889,2931.3591,1401.6425,986.95,1424.9054,790.0591,2479.1118,395.2242,3572.7041,1858.6,12590.0,3144.2,1576.6583,157.95,2471.7424
2025-08-11,1374.3313,2935.6072,1406.6655,997.8,1425.6,808.8701,2498.7571,397.4649,3632.916,1857.4,12597.0,3186.2,1598.0197,158.52,2485.2214
2025-08-12,1368.5811,2930.3938,1402.6274,984.95,1422.0,806.0705,2464.4272,396.9882,3650.4448,1850.3,12840.0,3236.5,1611.7305,160.16,2474.4382
2025-08-13,1370.7621,2931.1663,1405.0897,990.15,1420.8,807.2983,2475.6392,394.8428,3657.9712,1867.4,12834.0,3282.2,1629.217,160.18,2496.304
2025-08-14,1367.4774,2917.7471,1425.8715,995.55,1427.3,811.9152,2461.2522,392.316,3641.4329,1873.8,12936.0,3265.3999,1630.8066,155.3,2524.7595
2025-08-18,1375.3409,2907.031,1414.151,1001.8,1434.6,812.9957,2548.0698,387.4055,3599.9382,1892.3,14068.0,3383.1001,1622.1627,157.96,2583.3682
2025-08-19,1413.5642,2911.8579,1418.2877,995.55,1436.3,815.697,2584.4834,390.0753,3578.052,1909.7,14250.0,3354.0,1616.1021,159.23,2575.3806
2025-08-20,1406.4969,2991.4077,1473.6403,994.1,1430.6,814.2727,2648.9766,387.1671,3557.5522,1928.4,14221.0,3395.6001,1622.5602,161.92,2566.0952
2025-08-21,1418.2427,2995.2695,1473.8373,995.6,1446.0,811.0803,2627.3464,386.6904,3577.6558,1929.9,14280.0,3375.1001,1629.6143,161.51,2562.6006
2025-08-22,1402.7144,2948.3506,1465.0714,982.3,1436.4,801.7975,2609.3875,379.7775,3561.0183,1933.3,14349.0,3403.0,1631.2041,158.55,2500.5974
2025-08-25,1406.0988,3031.9551,1508.9989,982.05,1433.2,801.994,2611.0745,380.7787,3568.2478,1930.7,14452.0,3398.8999,1646.0078,159.63,2489.0154
2025-08-26,1378.5262,3047.9805,1506.5366,973.4,1416.6,793.5463,2671.5986,384.5927,3507.0454,1904.7,14714.0,3330.8,1589.9719,155.03,2477.5332
2025-08-28,1379.5217,2986.6772,1477.4814,957.8,1399.1,787.7507,2633.6965,382.2566,3525.6636,1881.1,14752.0,3295.3,1575.4661,153.63,2485.1216
2025-08-29,1350.9537,2977.9885,1447.4413,951.6,1397.8,788.291,2639.0544,390.6951,3566.168,1888.8,14791.0,3199.5,1584.2094,154.48,2514.6755
2025-09-01,1347.6689,3004.9233,1476.7921,950.6,1411.0,791.7781,2628.8347,386.9764,3563.593,1900.6,14887.0,3315.3999,1553.2107,156.17,2566.1951
2025-09-02,1360.2109,3003.8616,1476.1025,944.5,1394.2,789.6663,2656.1204,387.8346,3540.3203,1887.2,14842.0,3234.5,1555.0984,158.39,2536.042
2025-09-03,1366.2828,2990.3457,1456.7981,954.45,1397.0,797.7701,2643.916,392.6021,3565.97,1883.9,14927.0,3286.0,1568.5112,167.85,2549.9204
2025-09-04,1353.0441,2988.6079,1440.9409,961.25,1405.5,795.0688,2645.8015,396.5591,3557.8494,1880.4,14662.0,3481.5,1572.0881,166.81,2564.5977
2025-09-05,1368.6719,2942.8479,1422.8182,963.4,1402.8,792.3184,2612.8601,388.4067,3519.2266,1895.3,14895.0,3561.3,1583.3151,167.68,2575.8799
2025-09-08,1372.1558,2914.5613,1411.2948,966.0,1402.7,794.4794,2603.4343,388.5974,3495.4587,1887.7,15258.0,3561.3,1570.7964,168.82,2526.8564
2025-09-09,1369.8662,2943.9097,1481.6182,965.15,1403.7,794.5286,2621.3933,390.9811,3490.9031,1893.7,15365.0,3696.3,1581.4274,169.15,2533.3464
2025-09-10,1370.6626,3002.4133,1509.4915,965.9,1403.9,803.713,2622.8816,393.8416,3515.6614,1891.4,15108.0,3604.3999,1583.1165,169.43,2539.3369
2025-09-11,1376.9337,3016.1221,1486.9366,967.8,1401.6,809.0665,2601.5493,395.7486,3505.4609,1913.0,15095.0,3595.7,1599.3112,169.41,2551.9172
2025-09-12,1388.5798,3025.0037,1502.5969,967.3,1417.7,808.9683,2560.3728,394.5091,3545.1731,1902.6,15325.0,3589.8999,1606.1666,169.78,2542.3323
2025-09-15,1392.86,3004.2476,1485.6564,967.05,1419.4,810.147,2560.8689,393.4602,3551.511,1904.5,15265.0,3530.3,1591.6609,169.23,2498.7004
2025-09-16,1398.8324,3036.8782,1488.5127,966.85,1421.6,816.8267,2560.7698,393.8893,3632.3218,1939.5,15573.0,3608.0,1600.1061,172.02,2477.0339
2025-09-17,1407.2933,3063.041,1499.4453,966.5,1419.2,841.9734,2549.657,390.266,3649.8506,1941.3,15801.0,3633.2,1609.7434,171.36,2489.7144
2025-09-18,1408.4877,3066.8059,1517.3708,976.9,1421.7,839.2229,2566.6238,392.4113,3650.3457,1941.1,15817.0,3642.2,1637.9601,172.03,2474.8376
2025-09-19,1400.9227,3059.5652,1516.9768,966.9,1402.2,847.0813,2539.636,391.5532,3639.8481,1962.4,15864.0,3592.1001,1645.3124,171.48,2477.8328
2025-09-22,1384.2,2967.4658,1476.8905,964.2,1401.5,840.107,2552.1377,388.0253,3609.2471,1956.2,15816.0,3584.8,1633.3899,171.39,2478.8313
2025-09-23,1383.4038,2956.46,1474.9207,957.2,1394.3,855.1852,2502.5276,384.4497,3622.2205,1938.7,16097.0,3614.6001,1620.6724,173.29,2443.0869
2025-09-24,1376.635,2930.3938,1472.0643,951.05,1382.7,850.8632,2529.6147,382.352,3638.2639,1931.1,16249.0,3574.8999,1616.5989,172.66,2453.3711
2025-09-25,1366.0839,2855.0923,1462.4122,949.85,1375.8,845.9026,2518.5022,381.4938,3609.1479,1935.6,16269.0,3530.0,1616.897,172.38,2400.2539
2025-09-26,1371.2599,2798.8091,1427.0535,945.05,1359.6,841.7769,2492.2087,386.2613,3693.425,1916.6,16286.0,3396.5,1576.4596,167.4,2339.1494
2025-09-29,1366.4819,2795.9131,1420.0605,950.3,1348.1,855.3326,2478.417,388.3113,3652.7224,1902.2,15984.0,3418.1001,1579.043,168.98,2338.9497
2025-09-30,1357.7224,2788.479,1420.0605,951.0,1348.0,857.0025,2494.7883,382.8764,3623.6069,1878.4,16029.0,3427.0,1584.0106,168.77,2346.3381
2025-10-01,1362.4008,2813.387,1424.0002,965.25,1372.0,848.8003,2516.4185,386.7381,3634.7976,1867.6,15965.0,3463.3999,1625.6401,167.51,2332.1604
2025-10-03,1357.1252,2801.5122,1424.7881,965.15,1365.2,851.9437,2525.0505,385.4985,3696.9902,1896.7,15806.0,3462.0,1620.6724,173.21,2354.126
2025-10-06,1368.6719,2885.0195,1453.7449,973.45,1363.4,858.5742,2521.9749,382.1136,3700.8525,1903.1,15998.0,3472.0,1644.0208,170.06,2351.1306
2025-10-07,1378.4268,2870.8284,1436.5087,982.5,1375.9,849.3897,2497.5667,381.2078,3693.623,1929.0,16108.0,3492.8,1642.431,171.43,2349.1338
2025-10-08,1361.1068,2922.4775,1472.4584,978.7,1370.3,843.0539,2480.6001,381.1601,3693.7222,1943.5,16012.0,3426.5,1621.0698,171.94,2324.8716
2025-10-09,1371.459,2955.7842,1486.5428,977.1,1376.2,846.8357,2497.9636,381.3031,3732.741,1942.0,15985.0,3442.8999,1647.7963,176.42,2332.7593
2025-10-10,1375.3409,2923.5396,1492.0583,980.9,1380.3,865.0573,2509.1753,384.0682,3747.3977,1939.9,16265.0,3454.8999,1660.1162,173.86,2336.5535
2025-10-13,1368.6719,2903.1694,1470.6854,977.0,1379.4,867.3166,2473.3569,380.6833,3733.0381,1954.9,16323.0,3459.7,1657.6323,173.03,2338.8499
2025-10-14,1369.5677,2857.8921,1467.4353,977.15,1384.1,861.4228,2482.783,378.3473,3708.0818,1946.6,16261.0,3459.8,1643.7228,170.51,2314.488
2025-10-15,1367.9751,2877.7566,1452.1691,978.25,1398.4,870.4108,2499.3525,381.3031,3791.6653,1968.5,16212.0,3497.2,1644.4182,173.24,2371.3992
2025-10-16,1391.8646,2878.6287,1449.3127,994.35,1417.3,871.2457,2541.521,386.309,3824.4453,1967.4,16298.0,3560.8,1648.293,174.0,2405.9451
2025-10-17,1410.2795,2870.3918,1419.3711,1002.55,1436.6,873.4068,2583.3918,392.9835,3802.262,2012.0,16401.0,3647.2,1668.2633,172.22,2503.8923
2025-10-20,1460.0493,2921.7493,1438.8726,1002.95,1390.3,891.4319,2574.1643,393.8416,3835.2397,2051.5,16424.0,3599.1001,1677.702,171.95,2512.0793
2025-10-21,1458.4567,2913.5129,1450.1992,1007.7,1382.0,891.7756,2571.4856,393.6509,3850.5898,2043.5,16396.0,3621.2,1679.5897,172.78,2500.6973
2025-10-23,1441.734,2977.9519,1505.4532,1008.8,1363.7,895.4102,2581.3083,396.6068,3880.7949,2007.9,16393.0,3623.6001,1678.9937,174.16,2498.5005
2025-10-24,1444.9193,2968.2617,1502.4,994.75,1377.7,888.485,2496.7727,397.4172,3867.1282,2029.3,16274.0,3625.0,1688.0349,174.44,2497.7019
2025-10-27,1477.2697,2989.2891,1504.5,1002.95,1377.6,906.4119,2492.2087,401.0882,3885.8457,2080.1001,16388.0,3611.6001,1682.6697,176.66,2514.8752
2025-10-28,1480.0569,2963.126,1500.2,1003.55,1363.1,913.7791,2477.6235,398.4661,3934.3716,2090.2,16311.0,3579.1001,1676.1123,181.81,2505.3899
2025-10-29,1497.2771,2962.8354,1510.4,1007.85,1370.4,923.1108,2468.6936,401.994,3919.814,2100.6001,16138.0,3534.7,1704.8258,185.19,2534.7441
2025-10-30,1481.6494,2941.2263,1493.8,998.15,1362.4,917.8065,2450.3379,399.2765,3948.9294,2066.3,16206.0,3502.1001,1692.4065,184.35,2519.5679
2025-10-31,1479.5592,2963.2229,1482.3,987.3,1345.3,920.4095,2446.2698,400.8021,3991.9094,2054.5,16186.0,3487.2,1679.7883,182.84,2506.8877
2025-11-03,1477.8669,2923.2998,1485.5,992.65,1346.4,932.8847,2440.8127,394.6998,3941.9971,2074.0,15651.0,3548.8999,1695.3871,182.67,2508.2854
2025-11-04,1466.3203,2897.5244,1467.9,985.25,1336.9,940.6448,2426.6243,389.8846,3886.4397,2113.3,15374.0,3581.2,1679.093,179.29,2482.825
2025-11-06,1489.2145,2917.5828,1466.7,984.65,1320.4,943.739,2417.0,388.5497,3844.054,2094.8999,15452.0,3618.5,1675.0194,177.27,2598.844
2025-11-07,1471.1978,2899.075,1476.8,982.3,1343.0,938.9258,2414.0,385.2601,3844.9451,2001.2,15479.0,3690.2,1680.4839,181.37,2609.7271
2025-11-10,1482.4458,2931.4395,1513.5,984.5,1348.0,934.309,2408.8,386.6904,3880.5969,2019.8,15583.0,3663.8999,1686.8427,181.48,2646.27
2025-11-11,1486.527,2952.564,1530.3,991.7,1358.3,936.421,2427.5,387.9299,3916.7437,2042.3,15645.0,3749.1001,1705.0245,181.04,2653.0593
2025-11-12,1504.5436,3034.7356,1551.7,989.5,1358.9,940.2028,2424.5,388.0729,3916.3477,2073.8,15696.0,3754.3,1720.9213,178.61,2765.4841
2025-11-13,1503.9464,3009.4446,1541.8,986.65,1385.9,937.1086,2407.6001,386.8334,3963.7842,2091.8,15749.0,3699.5,1726.187,176.65,2874.9131
2025-11-14,1511.9095,3009.7354,1502.8,989.6,1373.0,950.7133,2427.7,389.1695,3965.6658,2100.7,15684.0,3698.6001,1745.7599,174.26,2901.8711
2025-11-17,1511.3124,3006.053,1507.6,996.55,1379.0,956.1159,2425.0,388.1683,3988.7405,2112.2,15878.0,3734.8999,1752.516,173.17,2883.3999
2025-11-18,1512.4072,2991.4211,1486.4,992.45,1373.4,955.2319,2404.0,386.9764,3960.9124,2149.2,15930.0,3694.8,1747.449,172.45,2906.0
2025-11-19,1511.9095,3050.1428,1541.1,994.6,1383.1,965.3495,2441.6001,384.7834,3980.719,2159.8,15768.0,3722.5,1772.5856,173.21,2893.7
2025-11-20,1541.9706,3047.333,1536.5,1008.85,1383.0,964.1707,2428.3999,386.595,3998.3467,2158.3,15801.0,3716.7,1765.929,172.46,2859.8
2025-11-21,1539.4821,3052.9529,1545.0,998.05,1369.5,955.3792,2433.7,388.8834,3985.9675,2162.7,15977.0,3749.6001,1768.214,168.0,2876.6001
2025-11-24,1528.8313,3043.8442,1548.0,999.15,1368.4,953.4146,2424.2,384.7834,3974.48,2152.1001,15958.0,3690.8,1769.307,165.36,2879.2
2025-11-25,1532.6138,3022.5261,1530.6,989.8,1357.8,966.1844,2414.1001,382.1613,3958.0403,2161.6001,15889.0,3669.3,1765.3328,166.33,2875.8
2025-11-26,1562.6748,3064.8716,1557.9,1003.9,1375.0,966.4792,2425.2,383.5915,4022.7087,2126.8,16156.0,3686.3999,1793.2515,169.67,2874.0
2025-11-27,1556.2047,3039.387,1566.4,1009.5,1392.2,955.6248,2451.7,385.4985,4041.822,2115.6001,15903.0,3681.2,1798.6166,168.13,2879.1001
2025-11-28,1560.2859,3040.2588,1560.1,1007.6,1388.8,961.6659,2466.6001,385.4508,4030.2354,2101.6001,15900.0,3757.3,1819.7791,167.96,2874.3999
2025-12-01,1558.8923,3036.2859,1564.0,1002.1,1390.1,955.8704,2464.5,385.4508,4033.8003,2089.7,16097.0,3741.6001,1795.7354,168.63,2867.6001
2025-12-02,1539.1835,3038.5146,1561.0,989.8,1373.0,950.173,2477.8,382.3043,3991.5134,2104.0,16239.0,3716.5,1787.8862,167.78,2954.3999
2025-12-03,1531.718,3081.4417,1578.7,1000.5,1391.5,934.2108,2448.0,381.8752,3949.4246,2086.0,16082.0,3649.3999,1795.0398,166.92,2953.5
2025-12-04,1528.5327,3129.1167,1597.6,997.2,1386.7,931.313,2462.2,384.3066,3945.0671,2103.8,15994.0,3671.6001,1806.5649,166.77,2957.2
2025-12-05,1533.5096,3137.8379,1616.2,1003.3,1392.5,954.2987,2338.6001,386.1183,3999.1389,2108.8,16282.0,3717.1001,1793.6489,167.11,2968.5
2025-12-08,1535.8987,3136.1907,1610.8,1003.1,1389.6,939.4661,2314.0,383.5915,3958.0403,2086.2,16187.0,3681.7,1784.6075,163.47,2928.3
2025-12-09,1522.3612,3108.8647,1599.0,997.1,1375.2,942.3638,2306.5,382.3996,3958.8328,2089.7,16020.0,3635.8999,1764.538,160.67,2796.0
2025-12-10,1529.8268,3090.3567,1584.8,989.8,1363.6,942.7568,2301.7,384.402,3952.6926,2067.0,16019.0,3630.0,1773.9766,162.23,2804.5
2025-12-11,1537.8894,3092.9729,1598.0,1000.3,1360.0,946.1948,2305.6001,384.1636,3965.1707,2053.2,16248.0,3665.2,1795.5365,166.38,2779.3999
2025-12-12,1549.3365,3120.6865,1598.2,1001.5,1366.0,946.0966,2260.6001,381.4938,4034.6919,2083.3999,16522.0,3679.6001,1781.9249,171.89,2764.8
2025-12-15,1549.0378,3130.0859,1606.8,996.1,1365.2,950.124,2293.5,383.5915,4052.7158,2069.7,16415.0,3608.0,1785.5017,172.87,2780.2
2025-12-16,1535.2019,3105.7639,1592.9,994.3,1366.0,944.132,2281.1001,383.0194,4024.4915,2102.0,16354.0,3621.0,1769.8037,169.83,2790.8999
2025-12-17,1537.2922,3118.0703,1602.0,984.0,1352.4,958.5717,2275.6001,381.2078,4023.1047,2108.0,16398.0,3612.8,1781.3289,170.34,2785.7
2025-12-18,1537.2922,3179.1179,1626.8,979.7,1356.8,960.2416,2265.5,381.7799,3992.1077,2092.0,16329.0,3586.6001,1734.6322,168.12,2759.7
2025-12-19,1557.8969,3180.2805,1638.7,985.5,1354.1,962.9429,2280.0,382.3996,4034.0974,2097.7,16414.0,3603.6001,1733.6387,168.69,2799.8999
2025-12-22,1568.1495,3221.8508,1689.6,987.7,1368.5,957.0491,2289.5,383.9729,4033.0081,2147.6001,16649.0,3616.7,1758.3779,169.22,2807.6001
2025-12-23,1563.4711,3207.4126,1668.3,996.6,1363.0,954.6917,2302.6001,388.4067,4019.5398,2122.8999,16585.0,3625.1001,1744.5676,170.9,2807.8
2025-12-24,1551.0287,3216.1338,1663.4,997.2,1359.8,951.7939,2282.2,387.6916,4014.3901,2123.7,16703.0,3636.7,1725.7897,170.07,2785.5
2025-12-26,1552.024,3178.3425,1656.1,992.1,1350.4,949.1907,2285.3999,385.3555,4008.1509,2105.3999,16596.0,3623.1001,1708.4026,169.12,2746.5
2025-12-29,1538.4867,3150.7256,1644.7,991.7,1343.3,947.9629,2293.3,383.8776,3999.634,2081.6001,16542.0,3592.1001,1706.1173,172.3,2775.3999
2025-12-30,1532.7134,3146.1714,1621.6,990.9,1342.5,956.2142,2290.2,381.9706,4012.8054,2099.8,16647.0,3660.3,1709.098,175.8,2758.3
2025-12-31,1563.1726,3106.8296,1615.4,991.2,1342.9,964.8093,2315.8999,384.259,4044.0007,2105.6001,16697.0,3709.2,1708.6012,180.08,2769.5
2026-01-01,1568.3485,3127.3726,1629.8,991.15,1338.0,967.3141,2323.0,346.9296,4100.3501,2110.3999,16708.0,3761.0,1709.9922,181.89,2752.0
2026-01-02,1584.9718,3149.9504,1640.4,1001.6,1355.4,981.2627,2348.0,333.7713,4123.1279,2106.3,16960.0,3802.3999,1716.8477,182.88,2772.6001
2026-01-05,1570.837,3116.4229,1606.4,977.5,1371.5,987.7458,2384.1001,333.4376,4110.2534,2105.0,17155.0,3790.3,1717.7419,185.72,2815.6001
2026-01-06,1500.6615,3154.8926,1612.2,962.2,1411.2,1000.8594,2424.7,326.5248,4100.5483,2105.3,17292.0,3785.6001,1748.8398,186.2,2845.8
2026-01-07,1497.2771,3193.459,1639.0,949.05,1427.7,989.3175,2399.3999,325.3806,4116.79,2084.2,16809.0,3748.8,1771.0953,183.8,2809.3999
2026-01-08,1463.8318,3104.6008,1613.3,946.7,1435.0,980.3295,2386.7,325.0468,3989.4336,2066.3,16664.0,3724.0,1749.3367,180.12,2786.5
2026-01-09,1468.5103,3108.3801,1614.1,939.0,1404.3,982.7852,2372.6001,321.4712,3986.2646,2027.1,16501.0,3677.3,1718.7355,178.4,2825.5
2026-01-12,1476.3738,3139.1948,1595.9,936.95,1413.1,997.1758,2406.2,322.6631,3980.1248,2044.0,16582.0,3682.0,1724.796,183.24,2896.3999
2026-01-13,1446.1138,3166.7144,1599.0,937.35,1437.0,1010.2403,2389.5,319.1352,3849.7976,2026.9,16426.0,3661.5,1717.5431,182.57,2886.3
2026-01-14,1452.0862,3093.5544,1599.8,925.45,1418.4,1010.1421,2353.5,319.1829,3828.4067,2022.5,16152.0,3649.5,1689.7239,189.25,2813.8999
2026-01-15,1452.0862,3093.5544,1599.8,925.45,1418.4,1010.1421,2353.5,319.1829,3828.4067,2022.5,16152.0,3649.5,1689.7239,189.25,2813.8999
2026-01-16,1451.1903,3163.8018,1689.8,931.1,1410.8,1023.8452,2360.3999,313.891,3819.0974,2016.4,15859.0,3658.2,1658.1292,188.21,2756.8999
2026-01-19,1407.0941,3121.2786,1681.2,927.9,1380.6,1020.0142,2413.8999,317.7049,3832.3679,2010.0,16176.0,3657.3999,1664.5872,188.27,2754.0
2026-01-20,1387.5844,3060.7986,1658.9,931.2,1375.8,1018.0496,2379.1001,311.1258,3773.6416,1996.0,15879.0,3557.5,1603.3848,183.56,2675.6001
2026-01-21,1398.1356,3080.8269,1654.4,920.35,1349.0,1010.4368,2368.0,309.6479,3730.0671,1996.1,15770.0,3553.3,1602.4906,184.41,2661.1001
2026-01-22,1396.0453,3108.2549,1663.5,918.7,1345.5,1029.788,2390.6001,309.7433,3757.103,2002.2,15765.0,3573.7,1623.6531,189.1,2703.8
2026-01-23,1379.7207,3120.1931,1670.8,916.1,1343.4,1011.2717,2409.5,308.3607,3707.5867,1984.7,15469.0,3543.3999,1621.3679,187.61,2703.7
2026-01-27,1374.1465,3115.7534,1682.7,926.4,1361.4,1034.5031,2400.8999,303.8316,3751.1611,1973.4,15245.0,3393.5,1628.3228,192.28,2622.8
2026-01-28,1390.2719,3157.2903,1666.5,932.7,1367.7,1044.6698,2378.3999,306.2153,3757.301,1957.7,14877.0,3449.2,1600.2053,193.85,2511.8
2026-01-29,1384.5981,3102.3352,1659.5,935.5,1383.6,1047.3219,2352.6001,303.7839,3894.8574,1967.9,14502.0,3384.3999,1579.043,202.32,2416.0
2026-01-30,1388.9779,3082.1094,1641.0,929.25,1355.0,1058.0781,2373.0,307.1688,3894.2634,1968.7,14599.0,3431.8,1585.0042,193.13,2428.3
2026-02-02,1384.001,3127.1982,1629.4,928.1,1352.8,1010.4859,2357.3,300.0652,3883.3699,1965.4,14384.0,3463.2,1617.3938,188.51,2402.0
2026-02-03,1430.486,3182.1531,1656.0,948.7,1389.7,1045.3573,2368.6001,301.9246,3999.7332,1997.3,14782.0,3527.8999,1691.1149,192.93,2426.0
2026-02-04,1450.0955,2958.9792,1535.8,953.1,1408.4,1049.2865,2371.0,305.5265,4047.5662,2025.8,15071.0,3574.0,1693.4,195.4,2452.7
2026-02-05,1436.7571,2951.4807,1520.2,949.7,1396.5,1054.4927,2354.3999,301.9733,4023.9963,1992.4,15059.0,3572.0,1702.6,197.76,2432.1001
2026-02-06,1444.123,2902.2483,1507.1,941.1,1406.1,1047.5184,2424.2,317.1595,4028.7498,2038.4,14997.0,3578.0,1695.1,197.06,2401.1001
2026-02-09,1454.8733,2908.76,1497.2,937.25,1396.3,1125.709,2435.0,314.2391,4073.8098,2038.2,14978.0,3609.6001,1704.6,202.0,2417.3999
2026-02-10,1451.7875,2944.6731,1497.8,932.4,1406.5,1123.8427,2453.6001,312.8762,4128.6738,2011.3,15146.0,3675.8,1707.8,208.01,2393.6001
2026-02-11,1461.9406,2870.8738,1471.9,927.1,1406.1,1161.9557,2462.8999,309.8098,4130.0601,2012.1,15412.0,3674.8999,1711.1,207.59,2392.5
2026-02-12,1442.2317,2713.3101,1386.0,920.6,1430.0,1171.2875,2409.7,309.031,4145.4102,2014.5,15326.0,3593.1001,1714.9,208.11,2410.5
2026-02-13,1413.0665,2656.1846,1369.1,903.9,1414.6,1177.3777,2305.2,305.4291,4133.5264,2004.7,15237.0,3533.3999,1697.5,203.18,2366.3999
2026-02-16,1430.486,2670.3921,1365.6,925.8,1411.6,1186.7095,2319.0,309.5177,4160.8594,2029.4,15051.0,3509.7,1700.5,205.81,2397.2
2026-02-17,1416.4509,2681.0474,1391.2,925.7,1407.5,1191.9156,2312.3,316.8188,4238.4019,2020.3,15179.0,3489.2,1717.1,203.08,2437.3999
2026-02-18,1434.6667,2658.8484,1373.7,924.7,1408.2,1197.3182,2323.5,323.6332,4284.0562,2021.8,15164.0,3530.5,1724.4,209.03,2432.1001
2026-02-19,1403.0131,2642.0759,1370.5,915.6,1388.8,1184.3519,2279.3,317.3542,4239.0952,1988.6,14903.0,3431.8,1713.4,205.41,2400.8
2026-02-20,1412.8676,2650.2649,1353.2,911.85,1394.5,1194.5677,2314.5,318.3277,4338.2271,1977.4,14977.0,3412.8,1724.4,208.36,2428.1001
2026-02-23,1421.4279,2640.4973,1327.5,923.6,1399.4,1206.0607,2345.3999,316.7701,4375.3643,1997.3,15072.0,3447.1001,1732.3,208.14,2429.7
2026-02-24,1422.2242,2539.2698,1275.5,910.5,1384.8,1201.6404,2358.6001,314.9205,4218.0015,1941.0,14926.0,3433.2,1731.8,209.13,2413.1001
2026-02-25,1392.0637,2594.1262,1290.1,907.6,1400.5,1178.8511,2374.8999,311.27,4256.9209,1913.4,15070.0,3491.3,1764.2,214.64,2416.3999
2026-02-26,1400.3256,2612.2798,1289.1,898.6,1404.9,1188.0847,2383.3,309.8584,4245.0371,1929.6,15213.0,3484.6001,1785.7,215.52,2394.8999
2026-02-27,1387.4849,2602.1177,1300.1,887.75,1378.9,1180.4227,2338.1001,305.2831,4236.9165,1879.3,14857.0,3397.3999,1737.0,212.33,2376.2
2026-03-02,1351.75,2578.5374,1288.9,879.4,1374.0,1168.8318,2320.6001,306.5486,4027.3633,1873.2,14388.0,3334.3,1752.5,211.01,2307.1001
2026-03-04,1338.8099,2553.1814,1307.4,868.65,1365.4,1153.7043,2261.3,303.6768,3845.0442,1905.9,14158.0,3264.3,1750.5,196.73,2285.2
2026-03-05,1383.0056,2544.3018,1305.8,877.75,1357.6,1148.793,2255.0,303.2388,3999.634,1907.0,14415.0,3348.0,1784.5,200.57,2287.8
2026-03-06,1398.3347,2523.3855,1308.4,857.05,1313.4,1122.7621,2225.7,301.4865,3911.594,1870.8,14159.0,3332.5,1799.4,198.46,2279.5
2026-03-09,1417.4463,2493.5891,1315.0,840.7,1278.4,1079.05,2194.6001,297.8846,3804.936,1866.7,13508.0,3187.6001,1807.4,191.01,2220.8
2026-03-10,1402.3163,2479.4807,1295.6,849.45,1311.9,1092.5074,2190.2,300.8537,3838.5078,1850.4,13867.0,3293.7,1812.8,195.0,2280.3999
2026-03-11,1383.8018,2431.9253,1276.3,833.95,1294.6,1071.781,2161.3999,300.8051,3801.6677,1807.0,13497.0,3168.2,1825.9,194.74,2232.0
2026-03-12,1385.7926,2409.7263,1265.8,832.75,1266.5,1065.9855,2136.8999,296.035,3683.5217,1801.3,13011.0,3031.2,1825.3,193.47,2221.2
2026-03-13,1374.3456,2378.2532,1248.3,817.0,1254.8,1028.4619,2160.0,293.4553,3405.7349,1803.4,12591.0,2931.1001,1801.6,183.51,2196.8
2026-03-16,1388.6793,2376.9705,1249.8,840.6,1272.9,1047.8131,2175.7,300.075,3435.8408,1788.8,12757.0,3036.1001,1783.2,186.94,2217.7
2026-03-17,1391.1677,2359.7046,1232.9,845.35,1288.7,1045.8485,2158.2,296.7651,3508.531,1827.0,12972.0,3128.8999,1794.4,195.43,2238.2
2026-03-18,1401.6195,2408.1479,1267.1,843.05,1289.3,1050.8583,2135.3,295.9863,3573.0012,1855.4,13048.0,3214.6001,1778.3,195.41,2262.1001
2026-03-19,1378.4268,2324.4822,1220.8,798.2,1250.1,1030.3282,2077.3,290.0968,3401.2786,1827.0,12599.0,3045.3999,1744.4,190.51,2186.0
2026-03-20,1407.8905,2358.6194,1255.9,780.45,1245.4,1039.2671,2082.7,291.9951,3401.5757,1846.1,12601.0,3066.1001,1777.1,196.77,2195.3999
2026-03-23,1401.3209,2351.9104,1256.8,744.15,1222.7,1013.6293,2052.2,282.747,3310.0693,1795.9,12355.0,2955.8,1758.4,187.17,2121.3
2026-03-24,1405.3025,2366.7097,1278.3,764.9,1251.2,1012.5488,2085.0,283.5258,3482.7825,1802.1,12464.0,3031.3,1753.3,190.79,2217.3
2026-03-25,1406.5964,2345.5959,1279.1,782.3,1259.7,1041.821,2134.8,287.8578,3614.0007,1834.9,12711.0,3128.1001,1795.4,196.65,2270.2
2026-03-27,1341.8956,2357.8301,1269.7,756.2,1233.8,1001.4488,2074.3999,286.8843,3529.625,1843.9,12389.0,3041.3,1793.6,193.22,2207.3999
2026-03-30,1337.715,2327.3433,1250.6,731.55,1205.9,962.0588,2055.2,280.07,3470.2053,1782.4,12306.0,2954.7,1757.2,191.86,2165.2
2026-04-01,1362.8984,2375.9839,1275.7,742.25,1212.7,999.7789,2064.7,283.9639,3572.605,1781.9,12509.0,3031.5,1728.5,194.6,2225.8
2026-04-02,1344.2845,2417.9153,1300.8,750.9,1215.8,1000.3683,2065.3,285.0834,3578.1511,1789.7,12631.0,3011.7,1693.6,194.14,2169.0
2026-04-06,1298.6953,2440.8049,1306.2,771.0,1231.4,1014.4642,2084.8,287.0304,3691.6423,1792.8,12688.0,3021.6001,1694.6,196.1,2184.3
2026-04-07,1298.5958,2505.8235,1339.4,772.0,1245.5,1012.1558,2110.6001,290.5349,3687.2849,1830.3,12798.0,3006.6001,1718.0,198.13,2186.2
2026-04-08,1341.597,2524.9639,1346.2,816.1,1309.2,1042.656,2145.6001,294.4288,3967.1514,1861.6,13602.0,3210.1001,1714.6,204.18,2282.3999
2026-04-09,1323.8789,2554.3652,1331.6,797.7,1281.3,1022.519,2133.2,294.9642,3858.5125,1859.4,13589.0,3166.8,1717.1,205.2,2269.6001
2026-04-10,1343.986,2490.5308,1292.5,810.3,1321.9,1047.8131,2155.3,296.1811,3921.5962,1870.0,13709.0,3259.8,1654.9,206.61,2360.7
2026-04-13,1309.0475,2439.5225,1276.8,794.7,1351.1,1044.7189,2127.2,290.7296,3916.0505,1870.9,13076.0,3220.2,1652.2,206.39,2352.3999
2026-04-15,1337.9141,2520.7212,1305.3,809.9,1348.1,1052.5281,2157.6001,294.0394,4036.8706,1855.7,13289.0,3256.5,1696.6,208.72,2423.1001
2026-04-16,1337.1178,2542.427,1319.2,795.45,1345.5,1048.2551,2139.1001,295.3536,4079.9495,1840.6,13335.0,3222.3,1693.1,210.69,2440.3
2026-04-17,1358.7179,2546.9656,1318.7,799.9,1346.8,1061.1232,2240.8,298.6634,4056.479,1846.9,13453.0,3200.2,1675.5,212.12,2464.0
2026-04-20,1357.0258,2545.0911,1312.6,795.45,1356.2,1088.2345,2231.5,296.9112,4011.8152,1846.1,13450.0,3221.6001,1668.6,211.72,2516.8
2026-04-21,1347.0718,2575.5776,1313.2,811.75,1388.4,1092.1637,2310.7,301.4378,4035.979,1855.0,13461.0,3247.3,1665.2,212.01,2543.6001
2026-04-22,1355.8312,2504.5408,1268.6,799.9,1367.6,1083.7651,2368.8,297.3979,3982.2046,1829.0,13337.0,3149.7,1669.8,213.03,2562.8999
2026-04-23,1337.2173,2488.0642,1240.6,784.35,1348.0,1074.8752,2366.3999,297.2032,4014.8853,1841.2,13160.0,3047.7,1680.1,210.91,2521.3999
2026-04-24,1321.6891,2364.835,1154.6,784.85,1326.2,1081.604,2327.3,293.6013,3975.4702,1814.5,13048.0,3038.3999,1620.4,210.07,2485.1001
2026-04-27,1359.5142,2414.8569,1170.3,789.8,1314.1,1092.1637,2328.3,295.7917,4014.3901,1820.1,13222.0,3102.3999,1733.5,213.27,2485.2
2026-04-28,1382.5078,2411.9956,1152.1,782.55,1292.0,1071.9775,2289.5,296.3758,3998.6438,1843.8,12892.0,3088.1001,1747.3,215.05,2462.6001
2026-04-29,1418.8398,2441.5942,1167.5,779.0,1281.0,1067.6555,2314.3999,307.8628,4056.479,1888.1,13257.0,3152.3,1778.7,215.88,2447.3
2026-04-30,1424.2151,2440.8049,1181.8,771.7,1263.4,1049.5321,2250.8999,306.5486,3975.1731,1886.8,13314.0,3097.5,1808.3,211.36,2444.5
2026-05-01,1424.2151,2440.8049,1181.8,771.7,1263.4,1049.5321,2250.8999,306.5486,3975.1731,1886.8,13314.0,3097.5,1808.3,211.36,2444.5
2026-05-04,1456.3663,2398.7749,1168.4,779.4,1270.8,1049.483,2309.3,302.8494,4061.1333,1827.1,13580.0,3106.5,1823.5,212.24,2448.1001
2026-05-05,1456.864,2394.8284,1178.1,772.3,1251.3,1041.1335,2327.3999,303.1901,4015.2812,1806.1,13426.0,3210.8,1820.8,211.32,2430.0
2026-05-06,1431.2823,2402.8198,1167.2,796.55,1279.5,1076.5944,2317.1001,302.46,3969.7263,1833.7,13722.0,3300.8,1850.2,215.47,2519.0
2026-05-07,1429.5901,2369.2747,1162.7,796.05,1279.0,1072.6652,2272.2,299.2475,3984.0859,1826.6,13770.0,3370.7,1834.4,217.09,2530.6001
2026-05-08,1428.5947,2362.3684,1179.2,780.85,1264.8,1001.2523,2287.7,299.2962,3936.0552,1834.5,13726.0,3330.3999,1847.9,214.49,2599.8999
2026-05-11,1381.811,2360.8884,1177.0,763.65,1266.4,956.3615,2307.2,297.7386,3902.0869,1759.8,13483.0,3245.8999,1872.7,212.08,2566.1001
2026-05-12,1357.7224,2269.5273,1140.3,750.45,1240.3,957.3438,2262.0,292.7252,3819.1965,1756.8,13172.0,3176.0,1845.7,212.0,2505.5
2026-05-13,1352.5464,2242.3953,1123.1,749.6,1235.6,952.9235,2267.3,296.3758,3877.9231,1789.2,13103.0,3111.8,1824.8,219.62,2617.6001
2026-05-14,1355.5326,2215.9539,1095.0,769.55,1246.0,962.55,2248.7,299.0528,3902.2849,1883.5,13075.0,3173.8999,1863.2,221.13,2622.2
2026-05-15,1330.2495,2233.7129,1119.0,767.5,1244.5,963.2,2272.2,301.2432,3871.1887,1905.4,13221.0,3123.1001,1878.2,216.84,2605.6001
2026-05-18,1329.7518,2252.656,1142.5,768.65,1251.1,939.4,2254.2,301.9246,3879.9036,1938.1,13016.0,3083.7,1905.8,209.71,2614.0
2026-05-19,1316.6124,2295.969,1196.9,762.45,1240.8,948.8,2232.8999,302.0706,3883.0728,1913.5,12956.0,3092.3,1882.3,209.29,2600.7
2026-05-20,1353.4421,2296.2646,1193.7,759.5,1237.3,950.9,2209.3,299.3935,3872.8723,1904.9,13003.0,3122.2,1880.3,207.01,2598.6001
2026-05-21,1343.3887,2296.0674,1181.2,759.15,1242.8,950.9,2179.0,299.8802,3890.5,1885.3,13010.0,3099.0,1891.3,208.58,2598.8
2026-05-22,1348.2661,2286.3,1174.5,766.8,1264.3,949.2,2203.6001,293.6987,3926.6001,1871.4,12987.0,3081.3,1844.6,209.19,2639.8
2026-05-25,1360.7086,2308.2,1168.5,786.85,1291.8,969.6,2196.5,295.889,4033.3999,1874.8,13170.0,3139.0,1840.6,210.22,2657.8
2026-05-26,1350.058,2276.2,1167.7,778.9,1279.1,968.5,2209.3999,293.65,4037.8,1846.9,13208.0,3107.3,1840.8,210.47,2647.0
2026-05-27,1344.2845,2284.2,1159.9,758.65,1272.7,967.8,2198.3999,291.95,4047.5,1852.2,13364.0,3121.6001,1844.3,214.7,2671.8999
2026-05-28,1344.2845,2284.2,1159.9,758.65,1272.7,967.8,2198.3999,291.95,4047.5,1852.2,13364.0,3121.6001,1844.3,214.7,2671.8999
2026-05-29,1315.1194,2258.8999,1160.9,744.55,1256.4,964.4,2153.5,286.9,4076.5,1829.0,13127.0,3045.6001,1799.2,208.02,2671.6001
2026-06-01,1313.9249,2297.3999,1202.5,742.7,1239.7,954.1,2084.3,279.65,4010.8,1810.6,12946.0,2970.2,1796.5,210.57,2632.3999
2026-06-02,1308.5498,2446.8999,1270.8,748.25,1226.6,956.65,2093.7,283.25,4000.8999,1814.2,13022.0,2998.3,1789.9,210.6,2660.7
2026-06-03,1307.1562,2241.7,1222.6,753.65,1242.0,970.45,2090.6001,277.0,3953.2,1824.1,13044.0,3011.1001,1788.5,211.89,2662.3999
2026-06-04,1297.7,2241.0,1201.3,754.2,1251.7,979.25,2079.3999,280.3,3942.1001,1818.9,13064.0,3016.1001,1780.1,210.57,2661.6001
2026-06-05,1291.0,2198.8999,1197.5,747.05,1262.1,977.7,2121.5,280.7,3953.2,1798.2,13050.0,3040.5,1782.2,206.77,2686.7
2026-06-08,1263.3,2151.3999,1187.6,738.65,1250.2,981.95,2110.1001,279.45,3875.5,1813.3,12912.0,2966.0,1788.8,202.72,2659.2
